# Dutch irregular verbs — mined from the kaikki ∩ Apertium agreement,
# restricted to the lemmas the rule engine misses (empty-lexicon capture,
# scripts/nld/capture_irregulars.sh). Exact match.
# Regenerate: python3 scripts/nld/mine_verbs.py
# lemma	stem	pres	past_sg	past_pl	pp	imp	prespart
aanbidden	aanbid	aanbid,aanbidt,aanbidt,aanbidden,aanbidden,aanbidden	aanbad	aanbaden	aanbeden	aanbid	aanbiddend
aanschouwen	aanschouw	aanschouw,aanschouwt,aanschouwt,aanschouwen,aanschouwen,aanschouwen	aanschouwde	aanschouwden	aanschouwd	aanschouw	aanschouwend
aanvaarden	aanvaard	aanvaard,aanvaardt,aanvaardt,aanvaarden,aanvaarden,aanvaarden	aanvaardde	aanvaardden	aanvaard	aanvaard	aanvaardend
achterhalen	achterhaal	achterhaal,achterhaalt,achterhaalt,achterhalen,achterhalen,achterhalen	achterhaalde	achterhaalden	achterhaald	achterhaal	achterhalend
achtervolgen	achtervolg	achtervolg,achtervolgt,achtervolgt,achtervolgen,achtervolgen,achtervolgen	achtervolgde	achtervolgden	achtervolgd	achtervolg	achtervolgend
alpineskiën	alpineski	alpineski,alpineskiet,alpineskiet,alpineskiën,alpineskiën,alpineskiën	alpineskiede	alpineskieden	gealpineskied	alpineski	alpineskiënd
ambiëren	ambieer	ambieer,ambieert,ambieert,ambiëren,ambiëren,ambiëren	ambieerde	ambieerden	geambieerd	ambieer	ambiërend
ankeren	anker	anker,ankert,ankert,ankeren,ankeren,ankeren	ankerde	ankerden	geankerd	anker	ankerend
associëren	associeer	associeer,associeert,associeert,associëren,associëren,associëren	associeerde	associeerden	geassocieerd	associeer	associërend
baggeren	bagger	bagger,baggert,baggert,baggeren,baggeren,baggeren	baggerde	baggerden	gebaggerd	bagger	baggerend
bakeren	baker	baker,bakert,bakert,bakeren,bakeren,bakeren	bakerde	bakerden	gebakerd	baker	bakerend
bakken	bak	bak,bakt,bakt,bakken,bakken,bakken	bakte	bakten	gebakken	bak	bakkend
barbecuen	barbecue	barbecue,barbecuet,barbecuet,barbecuen,barbecuen,barbecuen	barbecuede	barbecueden	gebarbecued	barbecue	barbecuend
barbecueën	barbecue	barbecue,barbecuet,barbecuet,barbecueën,barbecueën,barbecueën	barbecuede	barbecueden	gebarbecued	barbecue	barbecueënd
barsten	barst	barst,barst,barst,barsten,barsten,barsten	barstte	barstten	gebarsten	barst	barstend
beangstigen	beangstig	beangstig,beangstigt,beangstigt,beangstigen,beangstigen,beangstigen	beangstigde	beangstigden	beangstigd	beangstig	beangstigend
becijferen	becijfer	becijfer,becijfert,becijfert,becijferen,becijferen,becijferen	becijferde	becijferden	becijferd	becijfer	becijferend
bedelen	bedel	bedel,bedelt,bedelt,bedelen,bedelen,bedelen	bedelde	bedelden	gebedeld	bedel	bedelend
bedelven	bedelf	bedelf,bedelft,bedelft,bedelven,bedelven,bedelven	bedolf	bedolven	bedolven	bedelf	bedelvend
bedenken	bedenk	bedenk,bedenkt,bedenkt,bedenken,bedenken,bedenken	bedacht	bedachten	bedacht	bedenk	bedenkend
bederven	bederf	bederf,bederft,bederft,bederven,bederven,bederven	bedierf	bedierven	bedorven	bederf	bedervend
bedingen	beding	beding,bedingt,bedingt,bedingen,bedingen,bedingen	bedong	bedongen	bedongen	beding	bedingend
bedonderen	bedonder	bedonder,bedondert,bedondert,bedonderen,bedonderen,bedonderen	bedonderde	bedonderden	bedonderd	bedonder	bedonderend
bedragen	bedraag	bedraag,bedraagt,bedraagt,bedragen,bedragen,bedragen	bedroeg	bedroegen	bedragen	bedraag	bedragend
bedriegen	bedrieg	bedrieg,bedriegt,bedriegt,bedriegen,bedriegen,bedriegen	bedroog	bedrogen	bedrogen	bedrieg	bedriegend
bedrijven	bedrijf	bedrijf,bedrijft,bedrijft,bedrijven,bedrijven,bedrijven	bedreef	bedreven	bedreven	bedrijf	bedrijvend
bedwingen	bedwing	bedwing,bedwingt,bedwingt,bedwingen,bedwingen,bedwingen	bedwong	bedwongen	bedwongen	bedwing	bedwingend
beeldhouwen	beeldhouw	beeldhouw,beeldhouwt,beeldhouwt,beeldhouwen,beeldhouwen,beeldhouwen	beeldhouwde	beeldhouwden	gebeeldhouwd	beeldhouw	beeldhouwend
beffen	bef	bef,beft,beft,beffen,beffen,beffen	befte	beften	gebeft	bef	beffend
begaan	bega	bega,begaat,begaat,begaan,begaan,begaan	beging	begingen	begaan	bega	begaand
begeven	begeef	begeef,begeeft,begeeft,begeven,begeven,begeven	begaf	begaven	begeven	begeef	begevend
begiftigen	begiftig	begiftig,begiftigt,begiftigt,begiftigen,begiftigen,begiftigen	begiftigde	begiftigden	begiftigd	begiftig	begiftigend
beginnen	begin	begin,begint,begint,beginnen,beginnen,beginnen	begon	begonnen	begonnen	begin	beginnend
begraven	begraaf	begraaf,begraaft,begraaft,begraven,begraven,begraven	begroef	begroeven	begraven	begraaf	begravend
begrijpen	begrijp	begrijp,begrijpt,begrijpt,begrijpen,begrijpen,begrijpen	begreep	begrepen	begrepen	begrijp	begrijpend
begunstigen	begunstig	begunstig,begunstigt,begunstigt,begunstigen,begunstigen,begunstigen	begunstigde	begunstigden	begunstigd	begunstig	begunstigend
behangen	behang	behang,behangt,behangt,behangen,behangen,behangen	behing	behingen	behangen	behang	behangend
behartigen	behartig	behartig,behartigt,behartigt,behartigen,behartigen,behartigen	behartigde	behartigden	behartigd	behartig	behartigend
behouden	behoud	behoud,behoudt,behoudt,behouden,behouden,behouden	behield	behielden	behouden	behoud	behoudend
bekijken	bekijk	bekijk,bekijkt,bekijkt,bekijken,bekijken,bekijken	bekeek	bekeken	bekeken	bekijk	bekijkend
bekken	bek	bek,bekt,bekt,bekken,bekken,bekken	bekte	bekten	gebekt	bek	bekkend
beklimmen	beklim	beklim,beklimt,beklimt,beklimmen,beklimmen,beklimmen	beklom	beklommen	beklommen	beklim	beklimmend
bekomen	bekom	bekom,bekomt,bekomt,bekomen,bekomen,bekomen	bekwam	bekwamen	bekomen	bekom	bekomend
bekommeren	bekommer	bekommer,bekommert,bekommert,bekommeren,bekommeren,bekommeren	bekommerde	bekommerden	bekommerd	bekommer	bekommerend
bekopen	bekoop	bekoop,bekoopt,bekoopt,bekopen,bekopen,bekopen	bekocht	bekochten	bekocht	bekoop	bekopend
bekostigen	bekostig	bekostig,bekostigt,bekostigt,bekostigen,bekostigen,bekostigen	bekostigde	bekostigden	bekostigd	bekostig	bekostigend
bekrachtigen	bekrachtig	bekrachtig,bekrachtigt,bekrachtigt,bekrachtigen,bekrachtigen,bekrachtigen	bekrachtigde	bekrachtigden	bekrachtigd	bekrachtig	bekrachtigend
bekruipen	bekruip	bekruip,bekruipt,bekruipt,bekruipen,bekruipen,bekruipen	bekroop	bekropen	bekropen	bekruip	bekruipend
belasteren	belaster	belaster,belastert,belastert,belasteren,belasteren,belasteren	belasterde	belasterden	belasterd	belaster	belasterend
belazeren	belazer	belazer,belazert,belazert,belazeren,belazeren,belazeren	belazerde	belazerden	belazerd	belazer	belazerend
beledigen	beledig	beledig,beledigt,beledigt,beledigen,beledigen,beledigen	beledigde	beledigden	beledigd	beledig	beledigend
belegeren	beleger	beleger,belegert,belegert,belegeren,belegeren,belegeren	belegerde	belegerden	belegerd	beleger	belegerend
belemmeren	belemmer	belemmer,belemmert,belemmert,belemmeren,belemmeren,belemmeren	belemmerde	belemmerden	belemmerd	belemmer	belemmerend
belenen	beleen	beleen,beleent,beleent,belenen,belenen,belenen	beleende	beleenden	beleend	beleen	belenend
belezen	belees	belees,beleest,beleest,belezen,belezen,belezen	belas	belazen	belezen	belees	belezend
belijden	belijd	belijd,belijdt,belijdt,belijden,belijden,belijden	beleed	beleden	beleden	belijd	belijdend
bellen	bel	bel,belt,belt,bellen,bellen,bellen	belde	belden	gebeld	bel	bellend
belopen	beloop	beloop,beloopt,beloopt,belopen,belopen,belopen	beliep	beliepen	belopen	beloop	belopend
beluisteren	beluister	beluister,beluistert,beluistert,beluisteren,beluisteren,beluisteren	beluisterde	beluisterden	beluisterd	beluister	beluisterend
bemachtigen	bemachtig	bemachtig,bemachtigt,bemachtigt,bemachtigen,bemachtigen,bemachtigen	bemachtigde	bemachtigden	bemachtigd	bemachtig	bemachtigend
bemoedigen	bemoedig	bemoedig,bemoedigt,bemoedigt,bemoedigen,bemoedigen,bemoedigen	bemoedigde	bemoedigden	bemoedigd	bemoedig	bemoedigend
benadelen	benadeel	benadeel,benadeelt,benadeelt,benadelen,benadelen,benadelen	benadeelde	benadeelden	benadeeld	benadeel	benadelend
benaderen	benader	benader,benadert,benadert,benaderen,benaderen,benaderen	benaderde	benaderden	benaderd	benader	benaderend
benodigen	benodig	benodig,benodigt,benodigt,benodigen,benodigen,benodigen	benodigde	benodigden	benodigd	benodig	benodigend
beoordelen	beoordeel	beoordeel,beoordeelt,beoordeelt,beoordelen,beoordelen,beoordelen	beoordeelde	beoordeelden	beoordeeld	beoordeel	beoordelend
bergen	berg	berg,bergt,bergt,bergen,bergen,bergen	borg	borgen	geborgen	berg	bergend
bersten	berst	berst,berst,berst,bersten,bersten,bersten	berstte	berstten	gebersten	berst	berstend
beschadigen	beschadig	beschadig,beschadigt,beschadigt,beschadigen,beschadigen,beschadigen	beschadigde	beschadigden	beschadigd	beschadig	beschadigend
beschijnen	beschijn	beschijn,beschijnt,beschijnt,beschijnen,beschijnen,beschijnen	bescheen	beschenen	beschenen	beschijn	beschijnend
beschilderen	beschilder	beschilder,beschildert,beschildert,beschilderen,beschilderen,beschilderen	beschilderde	beschilderden	beschilderd	beschilder	beschilderend
beschrijven	beschrijf	beschrijf,beschrijft,beschrijft,beschrijven,beschrijven,beschrijven	beschreef	beschreven	beschreven	beschrijf	beschrijvend
beschuldigen	beschuldig	beschuldig,beschuldigt,beschuldigt,beschuldigen,beschuldigen,beschuldigen	beschuldigde	beschuldigden	beschuldigd	beschuldig	beschuldigend
beslaan	besla	besla,beslaat,beslaat,beslaan,beslaan,beslaan	besloeg	besloegen	beslagen	besla	beslaand
besluiten	besluit	besluit,besluit,besluit,besluiten,besluiten,besluiten	besloot	besloten	besloten	besluit	besluitend
besnijden	besnij	besnij,besnijdt,besnijdt,besnijden,besnijden,besnijden	besneed	besneden	besneden	besnij	besnijdend
bespelen	bespeel	bespeel,bespeelt,bespeelt,bespelen,bespelen,bespelen	bespeelde	bespeelden	bespeeld	bespeel	bespelend
bespreken	bespreek	bespreek,bespreekt,bespreekt,bespreken,bespreken,bespreken	besprak	bespraken	besproken	bespreek	besprekend
bespringen	bespring	bespring,bespringt,bespringt,bespringen,bespringen,bespringen	besprong	besprongen	besprongen	bespring	bespringend
bestaan	besta	besta,bestaat,bestaat,bestaan,bestaan,bestaan	bestond	bestonden	bestaan	besta	bestaand
besterven	besterf	besterf,besterft,besterft,besterven,besterven,besterven	bestierf	bestierven	bestorven	besterf	bestervend
bestijgen	bestijg	bestijg,bestijgt,bestijgt,bestijgen,bestijgen,bestijgen	besteeg	bestegen	bestegen	bestijg	bestijgend
bestrijden	bestrijd	bestrijd,bestrijdt,bestrijdt,bestrijden,bestrijden,bestrijden	bestreed	bestreden	bestreden	bestrijd	bestrijdend
bestrijken	bestrijk	bestrijk,bestrijkt,bestrijkt,bestrijken,bestrijken,bestrijken	bestreek	bestreken	bestreken	bestrijk	bestrijkend
betonneren	betonneer	betonneer,betonneert,betonneert,betonneren,betonneren,betonneren	betonneerde	betonneerden	gebetonneerd	betonneer	betonnerend
betoveren	betover	betover,betovert,betovert,betoveren,betoveren,betoveren	betoverde	betoverden	betoverd	betover	betoverend
betreden	betreed	betreed,betreedt,betreedt,betreden,betreden,betreden	betrad	betraden	betreden	betreed	betredend
betreffen	betref	betref,betreft,betreft,betreffen,betreffen,betreffen	betrof	betroffen	betroffen	betref	betreffend
betrekken	betrek	betrek,betrekt,betrekt,betrekken,betrekken,betrekken	betrok	betrokken	betrokken	betrek	betrekkend
bevallen	beval	beval,bevalt,bevalt,bevallen,bevallen,bevallen	beviel	bevielen	bevallen	beval	bevallend
bevechten	bevecht	bevecht,bevecht,bevecht,bevechten,bevechten,bevechten	bevocht	bevochten	bevochten	bevecht	bevechtend
beveiligen	beveilig	beveilig,beveiligt,beveiligt,beveiligen,beveiligen,beveiligen	beveiligde	beveiligden	beveiligd	beveilig	beveiligend
bevelen	beveel	beveel,beveelt,beveelt,bevelen,bevelen,bevelen	beval	bevalen	bevolen	beveel	bevelend
bevestigen	bevestig	bevestig,bevestigt,bevestigt,bevestigen,bevestigen,bevestigen	bevestigde	bevestigden	bevestigd	bevestig	bevestigend
bevinden	bevind	bevind,bevindt,bevindt,bevinden,bevinden,bevinden	bevond	bevonden	bevonden	bevind	bevindend
bevoordelen	bevoordeel	bevoordeel,bevoordeelt,bevoordeelt,bevoordelen,bevoordelen,bevoordelen	bevoordeelde	bevoordeelden	bevoordeeld	bevoordeel	bevoordelend
bevorderen	bevorder	bevorder,bevordert,bevordert,bevorderen,bevorderen,bevorderen	bevorderde	bevorderden	bevorderd	bevorder	bevorderend
bevredigen	bevredig	bevredig,bevredigt,bevredigt,bevredigen,bevredigen,bevredigen	bevredigde	bevredigden	bevredigd	bevredig	bevredigend
bevriezen	bevries	bevries,bevriest,bevriest,bevriezen,bevriezen,bevriezen	bevroor	bevroren	bevroren	bevries	bevriezend
bewegen	beweeg	beweeg,beweegt,beweegt,bewegen,bewegen,bewegen	bewoog	bewogen	bewogen	beweeg	bewegend
bewerkstelligen	bewerkstellig	bewerkstellig,bewerkstelligt,bewerkstelligt,bewerkstelligen,bewerkstelligen,bewerkstelligen	bewerkstelligde	bewerkstelligden	bewerkstelligd	bewerkstellig	bewerkstelligend
bewijzen	bewijs	bewijs,bewijst,bewijst,bewijzen,bewijzen,bewijzen	bewees	bewezen	bewezen	bewijs	bewijzend
bewonderen	bewonder	bewonder,bewondert,bewondert,bewonderen,bewonderen,bewonderen	bewonderde	bewonderden	bewonderd	bewonder	bewonderend
bezichtigen	bezichtig	bezichtig,bezichtigt,bezichtigt,bezichtigen,bezichtigen,bezichtigen	bezichtigde	bezichtigden	bezichtigd	bezichtig	bezichtigend
bezien	bezie	bezie,beziet,beziet,bezien,bezien,bezien	bezag	bezagen	bezien	bezie	beziend
bezinnen	bezin	bezin,bezint,bezint,bezinnen,bezinnen,bezinnen	bezon	bezonnen	bezonnen	bezin	bezinnend
bezitten	bezit	bezit,bezit,bezit,bezitten,bezitten,bezitten	bezat	bezaten	bezeten	bezit	bezittend
bezoeken	bezoek	bezoek,bezoekt,bezoekt,bezoeken,bezoeken,bezoeken	bezocht	bezochten	bezocht	bezoek	bezoekend
bezuinigen	bezuinig	bezuinig,bezuinigt,bezuinigt,bezuinigen,bezuinigen,bezuinigen	bezuinigde	bezuinigden	bezuinigd	bezuinig	bezuinigend
bezweren	bezweer	bezweer,bezweert,bezweert,bezweren,bezweren,bezweren	bezwoer	bezwoeren	bezworen	bezweer	bezwerend
bezwijken	bezwijk	bezwijk,bezwijkt,bezwijkt,bezwijken,bezwijken,bezwijken	bezweek	bezweken	bezweken	bezwijk	bezwijkend
beëdigen	beëdig	beëdig,beëdigt,beëdigt,beëdigen,beëdigen,beëdigen	beëdigde	beëdigden	beëdigd	beëdig	beëdigend
beëindigen	beëindig	beëindig,beëindigt,beëindigt,beëindigen,beëindigen,beëindigen	beëindigde	beëindigden	beëindigd	beëindig	beëindigend
bibberen	bibber	bibber,bibbert,bibbert,bibberen,bibberen,bibberen	bibberde	bibberden	gebibberd	bibber	bibberend
bidden	bid	bid,bidt,bidt,bidden,bidden,bidden	bad	baden	gebeden	bid	biddend
bieden	bied	bied,biedt,biedt,bieden,bieden,bieden	bood	boden	geboden	bied	biedend
bijten	bijt	bijt,bijt,bijt,bijten,bijten,bijten	beet	beten	gebeten	bijt	bijtend
binden	bind	bind,bindt,bindt,binden,binden,binden	bond	bonden	gebonden	bind	bindend
blakeren	blaker	blaker,blakert,blakert,blakeren,blakeren,blakeren	blakerde	blakerden	geblakerd	blaker	blakerend
blazen	blaas	blaas,blaast,blaast,blazen,blazen,blazen	blies	bliezen	geblazen	blaas	blazend
blijken	blijk	blijk,blijkt,blijkt,blijken,blijken,blijken	bleek	bleken	gebleken	blijk	blijkend
blijven	blijf	blijf,blijft,blijft,blijven,blijven,blijven	bleef	bleven	gebleven	blijf	blijvend
blinken	blink	blink,blinkt,blinkt,blinken,blinken,blinken	blonk	blonken	geblonken	blink	blinkend
borsten	borst	borst,borst,borst,borsten,borsten,borsten	borstte	borstten	geborsten	borst	borstend
brandschilderen	brandschilder	brandschilder,brandschildert,brandschildert,brandschilderen,brandschilderen,brandschilderen	brandschilderde	brandschilderden	gebrandschilderd	brandschilder	brandschilderend
breken	breek	breek,breekt,breekt,breken,breken,breken	brak	braken	gebroken	breek	brekend
brengen	breng	breng,brengt,brengt,brengen,brengen,brengen	bracht	brachten	gebracht	breng	brengend
browsen	browse	browse,browset,browset,browsen,browsen,browsen	browsede	browseden	gebrowsed	browse	browsend
buigen	buig	buig,buigt,buigt,buigen,buigen,buigen	boog	bogen	gebogen	buig	buigend
bulderen	bulder	bulder,buldert,buldert,bulderen,bulderen,bulderen	bulderde	bulderden	gebulderd	bulder	bulderend
cijferen	cijfer	cijfer,cijfert,cijfert,cijferen,cijferen,cijferen	cijferde	cijferden	gecijferd	cijfer	cijferend
computeren	computer	computer,computert,computert,computeren,computeren,computeren	computerde	computerden	gecomputerd	computer	computerend
concipiëren	concipieer	concipieer,concipieert,concipieert,concipiëren,concipiëren,concipiëren	concipieerde	concipieerden	geconcipieerd	concipieer	concipiërend
crashen	crash	crash,crasht,crasht,crashen,crashen,crashen	crashte	crashten	gecrasht	crash	crashend
creëren	creëer	creëer,creëert,creëert,creëren,creëren,creëren	creëerde	creëerden	gecreëerd	creëer	creërend
daveren	daver	daver,davert,davert,daveren,daveren,daveren	daverde	daverden	gedaverd	daver	daverend
definiëren	definieer	definieer,definieert,definieert,definiëren,definiëren,definiëren	definieerde	definieerden	gedefinieerd	definieer	definiërend
denderen	dender	dender,dendert,dendert,denderen,denderen,denderen	denderde	denderden	gedenderd	dender	denderend
denken	denk	denk,denkt,denkt,denken,denken,denken	dacht	dachten	gedacht	denk	denkend
differentiëren	differentieer	differentieer,differentieert,differentieert,differentiëren,differentiëren,differentiëren	differentieerde	differentieerden	gedifferentieerd	differentieer	differentiërend
dingen	ding	ding,dingt,dingt,dingen,dingen,dingen	dong	dongen	gedongen	ding	dingend
doen	doe	doe,doet,doet,doen,doen,doen	deed	deden	gedaan	doe	doend
donderen	donder	donder,dondert,dondert,donderen,donderen,donderen	donderde	donderden	gedonderd	donder	donderend
doorboren	doorboor	doorboor,doorboort,doorboort,doorboren,doorboren,doorboren	doorboorde	doorboorden	doorboord	doorboor	doorborend
doorgronden	doorgrond	doorgrond,doorgrondt,doorgrondt,doorgronden,doorgronden,doorgronden	doorgrondde	doorgrondden	doorgrond	doorgrond	doorgrondend
doorkruisen	doorkruis	doorkruis,doorkruist,doorkruist,doorkruisen,doorkruisen,doorkruisen	doorkruiste	doorkruisten	doorkruist	doorkruis	doorkruisend
doorstaan	doorsta	doorsta,doorstaat,doorstaat,doorstaan,doorstaan,doorstaan	doorstond	doorstonden	doorstaan	doorsta	doorstaand
doorzien	doorzie	doorzie,doorziet,doorziet,doorzien,doorzien,doorzien	doorzag	doorzagen	doorzien	doorzie	doorziend
doorzoeken	doorzoek	doorzoek,doorzoekt,doorzoekt,doorzoeken,doorzoeken,doorzoeken	doorzocht	doorzochten	doorzocht	doorzoek	doorzoekend
downloaden	download	download,downloadt,downloadt,downloaden,downloaden,downloaden	downloadde	downloadden	gedownload	download	downloadend
dragen	draag	draag,draagt,draagt,dragen,dragen,dragen	droeg	droegen	gedragen	draag	dragend
drijven	drijf	drijf,drijft,drijft,drijven,drijven,drijven	dreef	dreven	gedreven	drijf	drijvend
dringen	dring	dring,dringt,dringt,dringen,dringen,dringen	drong	drongen	gedrongen	dring	dringend
drinken	drink	drink,drinkt,drinkt,drinken,drinken,drinken	dronk	dronken	gedronken	drink	drinkend
druipen	druip	druip,druipt,druipt,druipen,druipen,druipen	droop	dropen	gedropen	druip	druipend
duiken	duik	duik,duikt,duikt,duiken,duiken,duiken	dook	doken	gedoken	duik	duikend
duwen	duw	duw,duwt,duwt,duwen,duwen,duwen	duwde	duwden	geduwd	duw	duwend
dwingen	dwing	dwing,dwingt,dwingt,dwingen,dwingen,dwingen	dwong	dwongen	gedwongen	dwing	dwingend
e-mailen	e-mail	e-mail,e-mailt,e-mailt,e-mailen,e-mailen,e-mailen	e-mailde	e-mailden	ge-e-maild	e-mail	e-mailend
echoën	echo	echo,echoot,echoot,echoën,echoën,echoën	echode	echoden	geëchood	echo	echoënd
ecraseren	ecraseer	ecraseer,ecraseert,ecraseert,ecraseren,ecraseren,ecraseren	ecraseerde	ecraseerden	geëcraseerd	ecraseer	ecraserend
effectueren	effectueer	effectueer,effectueert,effectueert,effectueren,effectueren,effectueren	effectueerde	effectueerden	geëffectueerd	effectueer	effectuerend
eggen	eg	eg,egt,egt,eggen,eggen,eggen	egde	egden	geëgd	eg	eggend
eindigen	eindig	eindig,eindigt,eindigt,eindigen,eindigen,eindigen	eindigde	eindigden	geëindigd	eindig	eindigend
eisen	eis	eis,eist,eist,eisen,eisen,eisen	eiste	eisten	geëist	eis	eisend
ejaculeren	ejaculeer	ejaculeer,ejaculeert,ejaculeert,ejaculeren,ejaculeren,ejaculeren	ejaculeerde	ejaculeerden	geëjaculeerd	ejaculeer	ejaculerend
emanciperen	emancipeer	emancipeer,emancipeert,emancipeert,emanciperen,emanciperen,emanciperen	emancipeerde	emancipeerden	geëmancipeerd	emancipeer	emanciperend
emigreren	emigreer	emigreer,emigreert,emigreert,emigreren,emigreren,emigreren	emigreerde	emigreerden	geëmigreerd	emigreer	emigrerend
emmeren	emmer	emmer,emmert,emmert,emmeren,emmeren,emmeren	emmerde	emmerden	geëmmerd	emmer	emmerend
emotioneren	emotioneer	emotioneer,emotioneert,emotioneert,emotioneren,emotioneren,emotioneren	emotioneerde	emotioneerden	geëmotioneerd	emotioneer	emotionerend
emulgeren	emulgeer	emulgeer,emulgeert,emulgeert,emulgeren,emulgeren,emulgeren	emulgeerde	emulgeerden	geëmulgeerd	emulgeer	emulgerend
engageren	engageer	engageer,engageert,engageert,engageren,engageren,engageren	engageerde	engageerden	geëngageerd	engageer	engagerend
ensceneren	ensceneer	ensceneer,ensceneert,ensceneert,ensceneren,ensceneren,ensceneren	ensceneerde	ensceneerden	geënsceneerd	ensceneer	enscenerend
enten	ent	ent,ent,ent,enten,enten,enten	entte	entten	geënt	ent	entend
equiperen	equipeer	equipeer,equipeert,equipeert,equiperen,equiperen,equiperen	equipeerde	equipeerden	geëquipeerd	equipeer	equiperend
erbarmen	erbarm	erbarm,erbarmt,erbarmt,erbarmen,erbarmen,erbarmen	erbarmde	erbarmden	erbarmd	erbarm	erbarmend
eren	eer	eer,eer,eert,eren,eren,eren	eerde	eerden	geëerd	eer	erend
ergeren	erger	erger,ergert,ergert,ergeren,ergeren,ergeren	ergerde	ergerden	geërgerd	erger	ergerend
erkennen	erken	erken,erkent,erkent,erkennen,erkennen,erkennen	erkende	erkenden	erkend	erken	erkennend
ervaren	ervaar	ervaar,ervaart,ervaart,ervaren,ervaren,ervaren	ervoer	ervoeren	ervaren	ervaar	ervarend
erven	erf	erf,erft,erft,erven,erven,erven	erfde	erfden	geërfd	erf	ervend
escorteren	escorteer	escorteer,escorteert,escorteert,escorteren,escorteren,escorteren	escorteerde	escorteerden	geëscorteerd	escorteer	escorterend
etaleren	etaleer	etaleer,etaleert,etaleert,etaleren,etaleren,etaleren	etaleerde	etaleerden	geëtaleerd	etaleer	etalerend
eten	eet	eet,eet,eet,eten,eten,eten	at	aten	gegeten	eet	etend
evacueren	evacueer	evacueer,evacueert,evacueert,evacueren,evacueren,evacueren	evacueerde	evacueerden	geëvacueerd	evacueer	evacuerend
evalueren	evalueer	evalueer,evalueert,evalueert,evalueren,evalueren,evalueren	evalueerde	evalueerden	geëvalueerd	evalueer	evaluerend
evolueren	evolueer	evolueer,evolueert,evolueert,evolueren,evolueren,evolueren	evolueerde	evolueerden	geëvolueerd	evolueer	evoluerend
exciteren	exciteer	exciteer,exciteert,exciteert,exciteren,exciteren,exciteren	exciteerde	exciteerden	geëxciteerd	exciteer	exciterend
executeren	executeer	executeer,executeert,executeert,executeren,executeren,executeren	executeerde	executeerden	geëxecuteerd	executeer	executerend
expanderen	expandeer	expandeer,expandeert,expandeert,expanderen,expanderen,expanderen	expandeerde	expandeerden	geëxpandeerd	expandeer	expanderend
experimenteren	experimenteer	experimenteer,experimenteert,experimenteert,experimenteren,experimenteren,experimenteren	experimenteerde	experimenteerden	geëxperimenteerd	experimenteer	experimenterend
exploiteren	exploiteer	exploiteer,exploiteert,exploiteert,exploiteren,exploiteren,exploiteren	exploiteerde	exploiteerden	geëxploiteerd	exploiteer	exploiterend
exposeren	exposeer	exposeer,exposeert,exposeert,exposeren,exposeren,exposeren	exposeerde	exposeerden	geëxposeerd	exposeer	exposerend
faxen	fax	fax,faxt,faxt,faxen,faxen,faxen	faxte	faxten	gefaxt	fax	faxend
finishen	finish	finish,finisht,finisht,finishen,finishen,finishen	finishte	finishten	gefinisht	finish	finishend
fladderen	fladder	fladder,fladdert,fladdert,fladderen,fladderen,fladderen	fladderde	fladderden	gefladderd	fladder	fladderend
flikkeren	flikker	flikker,flikkert,flikkert,flikkeren,flikkeren,flikkeren	flikkerde	flikkerden	geflikkerd	flikker	flikkerend
fluisteren	fluister	fluister,fluistert,fluistert,fluisteren,fluisteren,fluisteren	fluisterde	fluisterden	gefluisterd	fluister	fluisterend
fluiten	fluit	fluit,fluit,fluit,fluiten,fluiten,fluiten	floot	floten	gefloten	fluit	fluitend
foeteren	foeter	foeter,foetert,foetert,foeteren,foeteren,foeteren	foeterde	foeterden	gefoeterd	foeter	foeterend
folteren	folter	folter,foltert,foltert,folteren,folteren,folteren	folterde	folterden	gefolterd	folter	folterend
frunniken	frunnik	frunnik,frunnikt,frunnikt,frunniken,frunniken,frunniken	frunnikte	frunnikten	gefrunnikt	frunnik	frunnikend
gaan	ga	ga,gaat,gaat,gaan,gaan,gaan	ging	gingen	gegaan	ga	gaand
gamen	game	game,gamet,gamet,gamen,gamen,gamen	gamede	gameden	gegamed	game	gamend
gebieden	gebied	gebied,gebiedt,gebiedt,gebieden,gebieden,gebieden	gebood	geboden	geboden	gebied	gebiedend
gedenken	gedenk	gedenk,gedenkt,gedenkt,gedenken,gedenken,gedenken	gedacht	gedachten	gedacht	gedenk	gedenkend
geeuwen	geeuw	geeuw,geeuwt,geeuwt,geeuwen,geeuwen,geeuwen	geeuwde	geeuwden	gegeeuwd	geeuw	geeuwend
gekscheren	gekscheer	gekscheer,gekscheert,gekscheert,gekscheren,gekscheren,gekscheren	gekscheerde	gekscheerden	gegekscheerd	gekscheer	gekscherend
gelden	geld	geld,geldt,geldt,gelden,gelden,gelden	gold	golden	gegolden	geld	geldend
gelijken	gelijk	gelijk,gelijkt,gelijkt,gelijken,gelijken,gelijken	geleek	geleken	geleken	gelijk	gelijkend
generaliseren	generaliseer	generaliseer,generaliseert,generaliseert,generaliseren,generaliseren,generaliseren	generaliseerde	generaliseerden	gegeneraliseerd	generaliseer	generaliserend
genereren	genereer	genereer,genereert,genereert,genereren,genereren,genereren	genereerde	genereerden	gegenereerd	genereer	genererend
genezen	genees	genees,geneest,geneest,genezen,genezen,genezen	genas	genazen	genezen	genees	genezend
genieten	geniet	geniet,geniet,geniet,genieten,genieten,genieten	genoot	genoten	genoten	geniet	genietend
geselen	gesel	gesel,geselt,geselt,geselen,geselen,geselen	geselde	geselden	gegeseld	gesel	geselend
gesticuleren	gesticuleer	gesticuleer,gesticuleert,gesticuleert,gesticuleren,gesticuleren,gesticuleren	gesticuleerde	gesticuleerden	gegesticuleerd	gesticuleer	gesticulerend
geuren	geur	geur,geurt,geurt,geuren,geuren,geuren	geurde	geurden	gegeurd	geur	geurend
geven	geef	geef,geeft,geeft,geven,geven,geven	gaf	gaven	gegeven	geef	gevend
gieten	giet	giet,giet,giet,gieten,gieten,gieten	goot	goten	gegoten	giet	gietend
glijden	glijd	glijd,glijdt,glijdt,glijden,glijden,glijden	gleed	gleden	gegleden	glijd	glijdend
glimmen	glim	glim,glimt,glimt,glimmen,glimmen,glimmen	glom	glommen	geglommen	glim	glimmend
glunderen	glunder	glunder,glundert,glundert,glunderen,glunderen,glunderen	glunderde	glunderden	geglunderd	glunder	glunderend
graven	graaf	graaf,graaft,graaft,graven,graven,graven	groef	groeven	gegraven	graaf	gravend
grijpen	grijp	grijp,grijpt,grijpt,grijpen,grijpen,grijpen	greep	grepen	gegrepen	grijp	grijpend
gvd'en	gvd	gvd,gvd't,gvd't,gvd'en,gvd'en,gvd'en	gvd'de	gvd'den	ge-gvd'd	gvd	gvd'end
hameren	hamer	hamer,hamert,hamert,hameren,hameren,hameren	hamerde	hamerden	gehamerd	hamer	hamerend
hamsteren	hamster	hamster,hamstert,hamstert,hamsteren,hamsteren,hamsteren	hamsterde	hamsterden	gehamsterd	hamster	hamsterend
hangen	hang	hang,hangt,hangt,hangen,hangen,hangen	hing	hingen	gehangen	hang	hangend
hebben	heb	heb,hebt,heeft,hebben,hebben,hebben	had	hadden	gehad	heb	hebbend
heffen	hef	hef,heft,heft,heffen,heffen,heffen	hief	hieven	geheven	hef	heffend
heiligen	heilig	heilig,heiligt,heiligt,heiligen,heiligen,heiligen	heiligde	heiligden	geheiligd	heilig	heiligend
helpen	help	help,helpt,helpt,helpen,helpen,helpen	hielp	hielpen	geholpen	help	helpend
herbergen	herberg	herberg,herbergt,herbergt,herbergen,herbergen,herbergen	herbergde	herbergden	geherbergd	herberg	herbergend
herdenken	herdenk	herdenk,herdenkt,herdenkt,herdenken,herdenken,herdenken	herdacht	herdachten	herdacht	herdenk	herdenkend
herinneren	herinner	herinner,herinnert,herinnert,herinneren,herinneren,herinneren	herinnerde	herinnerden	herinnerd	herinner	herinnerend
herkrijgen	herkrijg	herkrijg,herkrijgt,herkrijgt,herkrijgen,herkrijgen,herkrijgen	herkreeg	herkregen	herkregen	herkrijg	herkrijgend
herladen	herlaad	herlaad,herlaadt,herlaadt,herladen,herladen,herladen	herlaadde	herlaadden	herladen	herlaad	herladend
heroveren	herover	herover,herovert,herovert,heroveren,heroveren,heroveren	heroverde	heroverden	heroverd	herover	heroverend
herroepen	herroep	herroep,herroept,herroept,herroepen,herroepen,herroepen	herriep	herriepen	herroepen	herroep	herroepend
herwinnen	herwin	herwin,herwint,herwint,herwinnen,herwinnen,herwinnen	herwon	herwonnen	herwonnen	herwin	herwinnend
herzien	herzie	herzie,herziet,herziet,herzien,herzien,herzien	herzag	herzagen	herzien	herzie	herziend
hijsen	hijs	hijs,hijst,hijst,hijsen,hijsen,hijsen	hees	hesen	gehesen	hijs	hijsend
hinderen	hinder	hinder,hindert,hindert,hinderen,hinderen,hinderen	hinderde	hinderden	gehinderd	hinder	hinderend
hinniken	hinnik	hinnik,hinnikt,hinnikt,hinniken,hinniken,hinniken	hinnikte	hinnikten	gehinnikt	hinnik	hinnikend
hongeren	honger	honger,hongert,hongert,hongeren,hongeren,hongeren	hongerde	hongerden	gehongerd	honger	hongerend
houden	hou	hou,houdt,houdt,houden,houden,houden	hield	hielden	gehouden	hou	houdend
houwen	houw	houw,houwt,houwt,houwen,houwen,houwen	hieuw	hieuwen	gehouwen	houw	houwend
huiveren	huiver	huiver,huivert,huivert,huiveren,huiveren,huiveren	huiverde	huiverden	gehuiverd	huiver	huiverend
huldigen	huldig	huldig,huldigt,huldigt,huldigen,huldigen,huldigen	huldigde	huldigden	gehuldigd	huldig	huldigend
hunkeren	hunker	hunker,hunkert,hunkert,hunkeren,hunkeren,hunkeren	hunkerde	hunkerden	gehunkerd	hunker	hunkerend
huwen	huw	huw,huwt,huwt,huwen,huwen,huwen	huwde	huwden	gehuwd	huw	huwend
identificeren	identificeer	identificeer,identificeert,identificeert,identificeren,identificeren,identificeren	identificeerde	identificeerden	geïdentificeerd	identificeer	identificerend
ijveren	ijver	ijver,ijvert,ijvert,ijveren,ijveren,ijveren	ijverde	ijverden	geijverd	ijver	ijverend
immigreren	immigreer	immigreer,immigreert,immigreert,immigreren,immigreren,immigreren	immigreerde	immigreerden	geïmmigreerd	immigreer	immigrerend
implementeren	implementeer	implementeer,implementeert,implementeert,implementeren,implementeren,implementeren	implementeerde	implementeerden	geïmplementeerd	implementeer	implementerend
impliceren	impliceer	impliceer,impliceert,impliceert,impliceren,impliceren,impliceren	impliceerde	impliceerden	geïmpliceerd	impliceer	implicerend
importeren	importeer	importeer,importeert,importeert,importeren,importeren,importeren	importeerde	importeerden	geïmporteerd	importeer	importerend
incasseren	incasseer	incasseer,incasseert,incasseert,incasseren,incasseren,incasseren	incasseerde	incasseerden	geïncasseerd	incasseer	incasserend
indexeren	indexeer	indexeer,indexeert,indexeert,indexeren,indexeren,indexeren	indexeerde	indexeerden	geïndexeerd	indexeer	indexerend
industrialiseren	industrialiseer	industrialiseer,industrialiseert,industrialiseert,industrialiseren,industrialiseren,industrialiseren	industrialiseerde	industrialiseerden	geïndustrialiseerd	industrialiseer	industrialiserend
infecteren	infecteer	infecteer,infecteert,infecteert,infecteren,infecteren,infecteren	infecteerde	infecteerden	geïnfecteerd	infecteer	infecterend
informeren	informeer	informeer,informeert,informeert,informeren,informeren,informeren	informeerde	informeerden	geïnformeerd	informeer	informerend
injecteren	injecteer	injecteer,injecteert,injecteert,injecteren,injecteren,injecteren	injecteerde	injecteerden	geïnjecteerd	injecteer	injecterend
innen	in	in,int,int,innen,innen,innen	inde	inden	geïnd	in	innend
inspireren	inspireer	inspireer,inspireert,inspireert,inspireren,inspireren,inspireren	inspireerde	inspireerden	geïnspireerd	inspireer	inspirerend
installeren	installeer	installeer,installeert,installeert,installeren,installeren,installeren	installeerde	installeerden	geïnstalleerd	installeer	installerend
integreren	integreer	integreer,integreert,integreert,integreren,integreren,integreren	integreerde	integreerden	geïntegreerd	integreer	integrerend
interageren	interageer	interageer,interageert,interageert,interageren,interageren,interageren	interageerde	interageerden	geïnterageerd	interageer	interagerend
interesseren	interesseer	interesseer,interesseert,interesseert,interesseren,interesseren,interesseren	interesseerde	interesseerden	geïnteresseerd	interesseer	interesserend
internetten	internet	internet,internet,internet,internetten,internetten,internetten	internette	internetten	geïnternet	internet	internettend
interpreteren	interpreteer	interpreteer,interpreteert,interpreteert,interpreteren,interpreteren,interpreteren	interpreteerde	interpreteerden	geïnterpreteerd	interpreteer	interpreterend
interrumperen	interrumpeer	interrumpeer,interrumpeert,interrumpeert,interrumperen,interrumperen,interrumperen	interrumpeerde	interrumpeerden	geïnterrumpeerd	interrumpeer	interrumperend
interveniëren	intervenieer	intervenieer,intervenieert,intervenieert,interveniëren,interveniëren,interveniëren	intervenieerde	intervenieerden	geïntervenieerd	intervenieer	interveniërend
intimideren	intimideer	intimideer,intimideert,intimideert,intimideren,intimideren,intimideren	intimideerde	intimideerden	geïntimideerd	intimideer	intimiderend
intrigeren	intrigeer	intrigeer,intrigeert,intrigeert,intrigeren,intrigeren,intrigeren	intrigeerde	intrigeerden	geïntrigeerd	intrigeer	intrigerend
introduceren	introduceer	introduceer,introduceert,introduceert,introduceren,introduceren,introduceren	introduceerde	introduceerden	geïntroduceerd	introduceer	introducerend
inunderen	inundeer	inundeer,inundeert,inundeert,inunderen,inunderen,inunderen	inundeerde	inundeerden	geïnundeerd	inundeer	inunderend
investeren	investeer	investeer,investeert,investeert,investeren,investeren,investeren	investeerde	investeerden	geïnvesteerd	investeer	investerend
ioniseren	ioniseer	ioniseer,ioniseert,ioniseert,ioniseren,ioniseren,ioniseren	ioniseerde	ioniseerden	geïoniseerd	ioniseer	ioniserend
isoleren	isoleer	isoleer,isoleert,isoleert,isoleren,isoleren,isoleren	isoleerde	isoleerden	geïsoleerd	isoleer	isolerend
jammeren	jammer	jammer,jammert,jammert,jammeren,jammeren,jammeren	jammerde	jammerden	gejammerd	jammer	jammerend
jijen	jij	jij,jijt,jijt,jijen,jijen,jijen	jijde	jijden	gejijd	jij	jijend
kelderen	kelder	kelder,keldert,keldert,kelderen,kelderen,kelderen	kelderde	kelderden	gekelderd	kelder	kelderend
kiezen	kies	kies,kiest,kiest,kiezen,kiezen,kiezen	koos	kozen	gekozen	kies	kiezend
kijken	kijk	kijk,kijkt,kijkt,kijken,kijken,kijken	keek	keken	gekeken	kijk	kijkend
klauteren	klauter	klauter,klautert,klautert,klauteren,klauteren,klauteren	klauterde	klauterden	geklauterd	klauter	klauterend
klimmen	klim	klim,klimt,klimt,klimmen,klimmen,klimmen	klom	klommen	geklommen	klim	klimmend
klinken	klink	klink,klinkt,klinkt,klinken,klinken,klinken	klonk	klonken	geklonken	klink	klinkend
kluisteren	kluister	kluister,kluistert,kluistert,kluisteren,kluisteren,kluisteren	kluisterde	kluisterden	gekluisterd	kluister	kluisterend
kluiven	kluif	kluif,kluift,kluift,kluiven,kluiven,kluiven	kloof	kloven	gekloven	kluif	kluivend
knetteren	knetter	knetter,knettert,knettert,knetteren,knetteren,knetteren	knetterde	knetterden	geknetterd	knetter	knetterend
knijpen	knijp	knijp,knijpt,knijpt,knijpen,knijpen,knijpen	kneep	knepen	geknepen	knijp	knijpend
knipperen	knipper	knipper,knippert,knippert,knipperen,knipperen,knipperen	knipperde	knipperden	geknipperd	knipper	knipperend
komen	kom	kom,komt,komt,komen,komen,komen	kwam	kwamen	gekomen	kom	komend
kopen	koop	koop,koopt,koopt,kopen,kopen,kopen	kocht	kochten	gekocht	koop	kopend
koperen	koper	koper,kopert,kopert,koperen,koperen,koperen	koperde	koperden	gekoperd	koper	koperend
kopiëren	kopieer	kopieer,kopieert,kopieert,kopiëren,kopiëren,kopiëren	kopieerde	kopieerden	gekopieerd	kopieer	kopiërend
krijsen	krijs	krijs,krijst,krijst,krijsen,krijsen,krijsen	krees	kresen	gekresen	krijs	krijsend
krimpen	krimp	krimp,krimpt,krimpt,krimpen,krimpen,krimpen	kromp	krompen	gekrompen	krimp	krimpend
kruipen	kruip	kruip,kruipt,kruipt,kruipen,kruipen,kruipen	kroop	kropen	gekropen	kruip	kruipend
kruisigen	kruisig	kruisig,kruisigt,kruisigt,kruisigen,kruisigen,kruisigen	kruisigde	kruisigden	gekruisigd	kruisig	kruisigend
kunnen	kan	kan,kunt,kan,kunnen,kunnen,kunnen	kon	konden	gekund	kun	kunnend
kwijten	kwijt	kwijt,kwijt,kwijt,kwijten,kwijten,kwijten	kweet	kweten	gekweten	kwijt	kwijtend
lachen	lach	lach,lacht,lacht,lachen,lachen,lachen	lachte	lachten	gelachen	lach	lachend
lammeren	lammer	lammer,lammert,lammert,lammeren,lammeren,lammeren	lammerde	lammerden	gelammerd	lammer	lammerend
lasteren	laster	laster,lastert,lastert,lasteren,lasteren,lasteren	lasterde	lasterden	gelasterd	laster	lasterend
laten	laat	laat,laat,laat,laten,laten,laten	liet	lieten	gelaten	laat	latend
leasen	lease	lease,leaset,leaset,leasen,leasen,leasen	leasede	leaseden	geleased	lease	leasend
ledigen	ledig	ledig,ledigt,ledigt,ledigen,ledigen,ledigen	ledigde	ledigden	geledigd	ledig	ledigend
leveren	lever	lever,levert,levert,leveren,leveren,leveren	leverde	leverden	geleverd	lever	leverend
lezen	lees	lees,leest,leest,lezen,lezen,lezen	las	lazen	gelezen	lees	lezend
liegen	lieg	lieg,liegt,liegt,liegen,liegen,liegen	loog	logen	gelogen	lieg	liegend
liggen	lig	lig,ligt,ligt,liggen,liggen,liggen	lag	lagen	gelegen	lig	liggend
lijden	lijd	lijd,lijdt,lijdt,lijden,lijden,lijden	leed	leden	geleden	lijd	lijdend
lijken	lijk	lijk,lijkt,lijkt,lijken,lijken,lijken	leek	leken	geleken	lijk	lijkend
lopen	loop	loop,loopt,loopt,lopen,lopen,lopen	liep	liepen	gelopen	loop	lopend
luiken	luik	luik,luikt,luikt,luiken,luiken,luiken	look	loken	geloken	luik	luikend
luisteren	luister	luister,luistert,luistert,luisteren,luisteren,luisteren	luisterde	luisterden	geluisterd	luister	luisterend
machtigen	machtig	machtig,machtigt,machtigt,machtigen,machtigen,machtigen	machtigde	machtigden	gemachtigd	machtig	machtigend
marmeren	marmer	marmer,marmert,marmert,marmeren,marmeren,marmeren	marmerde	marmerden	gemarmerd	marmer	marmerend
matigen	matig	matig,matigt,matigt,matigen,matigen,matigen	matigde	matigden	gematigd	matig	matigend
meten	meet	meet,meet,meet,meten,meten,meten	mat	maten	gemeten	meet	metend
mijden	mijd	mijd,mijdt,mijdt,mijden,mijden,mijden	meed	meden	gemeden	mijd	mijdend
mijmeren	mijmer	mijmer,mijmert,mijmert,mijmeren,mijmeren,mijmeren	mijmerde	mijmerden	gemijmerd	mijmer	mijmerend
misbruiken	misbruik	misbruik,misbruikt,misbruikt,misbruiken,misbruiken,misbruiken	misbruikte	misbruikten	misbruikt	misbruik	misbruikend
misleiden	misleid	misleid,misleidt,misleidt,misleiden,misleiden,misleiden	misleidde	misleidden	misleid	misleid	misleidend
mislopen	misloop	misloop,misloopt,misloopt,mislopen,mislopen,mislopen	misliep	misliepen	misgelopen	misloop	mislopend
mislukken	misluk	misluk,mislukt,mislukt,mislukken,mislukken,mislukken	mislukte	mislukten	mislukt	misluk	mislukkend
misprijzen	misprijs	misprijs,misprijst,misprijst,misprijzen,misprijzen,misprijzen	misprees	misprezen	misprezen	misprijs	misprijzend
moeten	moet	moet,moet,moet,moeten,moeten,moeten	moest	moesten	gemoeten	moet	moetend
mogen	mag	mag,mag,mag,mogen,mogen,mogen	mocht	mochten	gemogen	-	mogend
monsteren	monster	monster,monstert,monstert,monsteren,monsteren,monsteren	monsterde	monsterden	gemonsterd	monster	monsterend
mopperen	mopper	mopper,moppert,moppert,mopperen,mopperen,mopperen	mopperde	mopperden	gemopperd	mopper	mopperend
naderen	nader	nader,nadert,nadert,naderen,naderen,naderen	naderde	naderden	genaderd	nader	naderend
nemen	neem	neem,neemt,neemt,nemen,nemen,nemen	nam	namen	genomen	neem	nemend
nijgen	nijg	nijg,nijgt,nijgt,nijgen,nijgen,nijgen	neeg	negen	genegen	nijg	nijgend
nuttigen	nuttig	nuttig,nuttigt,nuttigt,nuttigen,nuttigen,nuttigen	nuttigde	nuttigden	genuttigd	nuttig	nuttigend
offeren	offer	offer,offert,offert,offeren,offeren,offeren	offerde	offerden	geofferd	offer	offerend
oliën	olie	olie,oliet,oliet,oliën,oliën,oliën	oliede	olieden	geolied	olie	oliënd
omarmen	omarm	omarm,omarmt,omarmt,omarmen,omarmen,omarmen	omarmde	omarmden	omarmd	omarm	omarmend
omfloersen	omfloers	omfloers,omfloerst,omfloerst,omfloersen,omfloersen,omfloersen	omfloerste	omfloersten	omfloerst	omfloers	omfloersend
omgeven	omgeef	omgeef,omgeeft,omgeeft,omgeven,omgeven,omgeven	omgaf	omgaven	omgeven	omgeef	omgevend
omhelzen	omhels	omhels,omhelst,omhelst,omhelzen,omhelzen,omhelzen	omhelsde	omhelsden	omhelsd	omhels	omhelzend
omklemmen	omklem	omklem,omklemt,omklemt,omklemmen,omklemmen,omklemmen	omklemde	omklemden	omklemd	omklem	omklemmend
ommuren	ommuur	ommuur,ommuurt,ommuurt,ommuren,ommuren,ommuren	ommuurde	ommuurden	ommuurd	ommuur	ommurend
omringen	omring	omring,omringt,omringt,omringen,omringen,omringen	omringde	omringden	omringd	omring	omringend
omschrijven	omschrijf	omschrijf,omschrijft,omschrijft,omschrijven,omschrijven,omschrijven	omschreef	omschreven	omschreven	omschrijf	omschrijvend
omsingelen	omsingel	omsingel,omsingelt,omsingelt,omsingelen,omsingelen,omsingelen	omsingelde	omsingelden	omsingeld	omsingel	omsingelend
omsluiten	omsluit	omsluit,omsluit,omsluit,omsluiten,omsluiten,omsluiten	omsloot	omsloten	omsloten	omsluit	omsluitend
omvatten	omvat	omvat,omvat,omvat,omvatten,omvatten,omvatten	omvatte	omvatten	omvat	omvat	omvattend
omwikkelen	omwikkel	omwikkel,omwikkelt,omwikkelt,omwikkelen,omwikkelen,omwikkelen	omwikkelde	omwikkelden	omwikkeld	omwikkel	omwikkelend
omwinden	omwind	omwind,omwindt,omwindt,omwinden,omwinden,omwinden	omwond	omwonden	omwonden	omwind	omwindend
omzeilen	omzeil	omzeil,omzeilt,omzeilt,omzeilen,omzeilen,omzeilen	omzeilde	omzeilden	omzeild	omzeil	omzeilend
omzomen	omzoom	omzoom,omzoomt,omzoomt,omzomen,omzomen,omzomen	omzoomde	omzoomden	omzoomd	omzoom	omzomend
omzwerven	omzwerf	omzwerf,omzwerft,omzwerft,omzwerven,omzwerven,omzwerven	omzwierf	omzwierven	omgezworven	omzwerf	omzwervend
onderbouwen	onderbouw	onderbouw,onderbouwt,onderbouwt,onderbouwen,onderbouwen,onderbouwen	onderbouwde	onderbouwden	onderbouwd	onderbouw	onderbouwend
onderbreken	onderbreek	onderbreek,onderbreekt,onderbreekt,onderbreken,onderbreken,onderbreken	onderbrak	onderbraken	onderbroken	onderbreek	onderbrekend
onderdrukken	onderdruk	onderdruk,onderdrukt,onderdrukt,onderdrukken,onderdrukken,onderdrukken	onderdrukte	onderdrukten	onderdrukt	onderdruk	onderdrukkend
ondergaan	onderga	onderga,ondergaat,ondergaat,ondergaan,ondergaan,ondergaan	onderging	ondergingen	ondergaan	onderga	ondergaand
onderhandelen	onderhandel	onderhandel,onderhandelt,onderhandelt,onderhandelen,onderhandelen,onderhandelen	onderhandelde	onderhandelden	onderhandeld	onderhandel	onderhandelend
onderhouden	onderhou	onderhou,onderhoudt,onderhoudt,onderhouden,onderhouden,onderhouden	onderhield	onderhielden	onderhouden	onderhou	onderhoudend
onderkennen	onderken	onderken,onderkent,onderkent,onderkennen,onderkennen,onderkennen	onderkende	onderkenden	onderkend	onderken	onderkennend
ondermijnen	ondermijn	ondermijn,ondermijnt,ondermijnt,ondermijnen,ondermijnen,ondermijnen	ondermijnde	ondermijnden	ondermijnd	ondermijn	ondermijnend
ondernemen	onderneem	onderneem,onderneemt,onderneemt,ondernemen,ondernemen,ondernemen	ondernam	ondernamen	ondernomen	onderneem	ondernemend
onderrichten	onderricht	onderricht,onderricht,onderricht,onderrichten,onderrichten,onderrichten	onderrichtte	onderrichtten	onderricht	onderricht	onderrichtend
onderscheppen	onderschep	onderschep,onderschept,onderschept,onderscheppen,onderscheppen,onderscheppen	onderschepte	onderschepten	onderschept	onderschep	onderscheppend
ondersteunen	ondersteun	ondersteun,ondersteunt,ondersteunt,ondersteunen,ondersteunen,ondersteunen	ondersteunde	ondersteunden	ondersteund	ondersteun	ondersteunend
onderstrepen	onderstreep	onderstreep,onderstreept,onderstreept,onderstrepen,onderstrepen,onderstrepen	onderstreepte	onderstreepten	onderstreept	onderstreep	onderstrepend
ondertekenen	onderteken	onderteken,ondertekent,ondertekent,ondertekenen,ondertekenen,ondertekenen	ondertekende	ondertekenden	ondertekend	onderteken	ondertekenend
ondervinden	ondervind	ondervind,ondervindt,ondervindt,ondervinden,ondervinden,ondervinden	ondervond	ondervonden	ondervonden	ondervind	ondervindend
ondervragen	ondervraag	ondervraag,ondervraagt,ondervraagt,ondervragen,ondervragen,ondervragen	ondervroeg	ondervroegen	ondervraagd	ondervraag	ondervragend
onderwerpen	onderwerp	onderwerp,onderwerpt,onderwerpt,onderwerpen,onderwerpen,onderwerpen	onderwierp	onderwierpen	onderworpen	onderwerp	onderwerpend
onderwijzen	onderwijs	onderwijs,onderwijst,onderwijst,onderwijzen,onderwijzen,onderwijzen	onderwees	onderwezen	onderwezen	onderwijs	onderwijzend
onderzoeken	onderzoek	onderzoek,onderzoekt,onderzoekt,onderzoeken,onderzoeken,onderzoeken	onderzocht	onderzochten	onderzocht	onderzoek	onderzoekend
ontbieden	ontbied	ontbied,ontbiedt,ontbiedt,ontbieden,ontbieden,ontbieden	ontbood	ontboden	ontboden	ontbied	ontbiedend
ontbijten	ontbijt	ontbijt,ontbijt,ontbijt,ontbijten,ontbijten,ontbijten	ontbeet	ontbeten	ontbeten	ontbijt	ontbijtend
ontbinden	ontbind	ontbind,ontbindt,ontbindt,ontbinden,ontbinden,ontbinden	ontbond	ontbonden	ontbonden	ontbind	ontbindend
ontbreken	ontbreek	ontbreek,ontbreekt,ontbreekt,ontbreken,ontbreken,ontbreken	ontbrak	ontbraken	ontbroken	ontbreek	ontbrekend
ontcijferen	ontcijfer	ontcijfer,ontcijfert,ontcijfert,ontcijferen,ontcijferen,ontcijferen	ontcijferde	ontcijferden	ontcijferd	ontcijfer	ontcijferend
ontduiken	ontduik	ontduik,ontduikt,ontduikt,ontduiken,ontduiken,ontduiken	ontdook	ontdoken	ontdoken	ontduik	ontduikend
ontgaan	ontga	ontga,ontgaat,ontgaat,ontgaan,ontgaan,ontgaan	ontging	ontgingen	ontgaan	ontga	ontgaand
ontginnen	ontgin	ontgin,ontgint,ontgint,ontginnen,ontginnen,ontginnen	ontgon	ontgonnen	ontgonnen	ontgin	ontginnend
onthouden	onthou	onthou,onthoudt,onthoudt,onthouden,onthouden,onthouden	onthield	onthielden	onthouden	onthou	onthoudend
ontkleden	ontkleed	ontkleed,ontkleedt,ontkleedt,ontkleeden,ontkleeden,ontkleeden	ontkleedde	ontkleedden	ontkleed	ontkleed	ontkleedend
ontkomen	ontkom	ontkom,ontkomt,ontkomt,ontkomen,ontkomen,ontkomen	ontkwam	ontkwamen	ontkomen	ontkom	ontkomend
ontlenen	ontleen	ontleen,ontleent,ontleent,ontlenen,ontlenen,ontlenen	ontleende	ontleenden	ontleend	ontleen	ontlenend
ontlopen	ontloop	ontloop,ontloopt,ontloopt,ontlopen,ontlopen,ontlopen	ontliep	ontliepen	ontlopen	ontloop	ontlopend
ontluiken	ontluik	ontluik,ontluikt,ontluikt,ontluiken,ontluiken,ontluiken	ontlook	ontloken	ontloken	ontluik	ontluikend
ontmaskeren	ontmasker	ontmasker,ontmaskert,ontmaskert,ontmaskeren,ontmaskeren,ontmaskeren	ontmaskerde	ontmaskerden	ontmaskerd	ontmasker	ontmaskerend
ontmoedigen	ontmoedig	ontmoedig,ontmoedigt,ontmoedigt,ontmoedigen,ontmoedigen,ontmoedigen	ontmoedigde	ontmoedigden	ontmoedigd	ontmoedig	ontmoedigend
ontnemen	ontneem	ontneem,ontneemt,ontneemt,ontnemen,ontnemen,ontnemen	ontnam	ontnamen	ontnomen	ontneem	ontnemend
ontnuchteren	ontnuchter	ontnuchter,ontnuchtert,ontnuchtert,ontnuchteren,ontnuchteren,ontnuchteren	ontnuchterde	ontnuchterden	ontnuchterd	ontnuchter	ontnuchterend
ontslaan	ontsla	ontsla,ontslaat,ontslaat,ontslaan,ontslaan,ontslaan	ontsloeg	ontsloegen	ontslagen	ontsla	ontslaand
ontsluiten	ontsluit	ontsluit,ontsluit,ontsluit,ontsluiten,ontsluiten,ontsluiten	ontsloot	ontsloten	ontsloten	ontsluit	ontsluitend
ontspannen	ontspan	ontspan,ontspant,ontspant,ontspannen,ontspannen,ontspannen	ontspande	ontspanden	ontspannen	ontspan	ontspannend
ontspringen	ontspring	ontspring,ontspringt,ontspringt,ontspringen,ontspringen,ontspringen	ontsprong	ontsprongen	ontsprongen	ontspring	ontspringend
ontspruiten	ontspruit	ontspruit,ontspruit,ontspruit,ontspruiten,ontspruiten,ontspruiten	ontsproot	ontsproten	ontsproten	ontspruit	ontspruitend
ontstaan	ontsta	ontsta,ontstaat,ontstaat,ontstaan,ontstaan,ontstaan	ontstond	ontstonden	ontstaan	ontsta	ontstaand
ontsteken	ontsteek	ontsteek,ontsteekt,ontsteekt,ontsteken,ontsteken,ontsteken	ontstak	ontstaken	ontstoken	ontsteek	ontstekend
onttrekken	onttrek	onttrek,onttrekt,onttrekt,onttrekken,onttrekken,onttrekken	onttrok	onttrokken	onttrokken	onttrek	onttrekkend
ontvangen	ontvang	ontvang,ontvangt,ontvangt,ontvangen,ontvangen,ontvangen	ontving	ontvingen	ontvangen	ontvang	ontvangend
ontwateren	ontwater	ontwater,ontwatert,ontwatert,ontwateren,ontwateren,ontwateren	ontwaterde	ontwaterden	ontwaterd	ontwater	ontwaterend
ontwerpen	ontwerp	ontwerp,ontwerpt,ontwerpt,ontwerpen,ontwerpen,ontwerpen	ontwierp	ontwierpen	ontworpen	ontwerp	ontwerpend
ontwijken	ontwijk	ontwijk,ontwijkt,ontwijkt,ontwijken,ontwijken,ontwijken	ontweek	ontweken	ontweken	ontwijk	ontwijkend
ontzien	ontzie	ontzie,ontziet,ontziet,ontzien,ontzien,ontzien	ontzag	ontzagen	ontzien	ontzie	ontziend
oordelen	oordeel	oordeel,oordeelt,oordeelt,oordelen,oordelen,oordelen	oordeelde	oordeelden	geoordeeld	oordeel	oordelend
opperen	opper	opper,oppert,oppert,opperen,opperen,opperen	opperde	opperden	geopperd	opper	opperend
overbelasten	overbelast	overbelast,overbelast,overbelast,overbelasten,overbelasten,overbelasten	overbelastte	overbelastten	overbelast	overbelast	overbelastend
overbieden	overbied	overbied,overbiedt,overbiedt,overbieden,overbieden,overbieden	overbood	overboden	overboden	overbied	overbiedend
overdekken	overdek	overdek,overdekt,overdekt,overdekken,overdekken,overdekken	overdekte	overdekten	overdekt	overdek	overdekkend
overdrijven	overdrijf	overdrijf,overdrijft,overdrijft,overdrijven,overdrijven,overdrijven	overdreef	overdreven	overdreven	overdrijf	overdrijvend
overeten	overeet	overeet,overeet,overeet,overeten,overeten,overeten	overat	overaten	overeten	overeet	overetend
overhandigen	overhandig	overhandig,overhandigt,overhandigt,overhandigen,overhandigen,overhandigen	overhandigde	overhandigden	overhandigd	overhandig	overhandigend
overheersen	overheers	overheers,overheerst,overheerst,overheersen,overheersen,overheersen	overheerste	overheersten	overheerst	overheers	overheersend
overleggen	overleg	overleg,overlegt,overlegt,overleggen,overleggen,overleggen	overlegde	overlegden	overlegd	overleg	overleggend
overleven	overleef	overleef,overleeft,overleeft,overleven,overleven,overleven	overleefde	overleefden	overleefd	overleef	overlevend
overlijden	overlijd	overlijd,overlijdt,overlijdt,overlijden,overlijden,overlijden	overleed	overleden	overleden	overlijd	overlijdend
overmeesteren	overmeester	overmeester,overmeestert,overmeestert,overmeesteren,overmeesteren,overmeesteren	overmeesterde	overmeesterden	overmeesterd	overmeester	overmeesterend
overnachten	overnacht	overnacht,overnacht,overnacht,overnachten,overnachten,overnachten	overnachtte	overnachtten	overnacht	overnacht	overnachtend
overrijden	overrijd	overrijd,overrijdt,overrijdt,overrijden,overrijden,overrijden	overreed	overreden	overreden	overrijd	overrijdend
overrulen	overrule	overrule,overrulet,overrulet,overrulen,overrulen,overrulen	overrulede	overruleden	overruled	overrule	overrulend
overschaduwen	overschaduw	overschaduw,overschaduwt,overschaduwt,overschaduwen,overschaduwen,overschaduwen	overschaduwde	overschaduwden	overschaduwd	overschaduw	overschaduwend
overschrijden	overschrijd	overschrijd,overschrijdt,overschrijdt,overschrijden,overschrijden,overschrijden	overschreed	overschreden	overschreden	overschrijd	overschrijdend
overspannen	overspan	overspan,overspant,overspant,overspannen,overspannen,overspannen	overspande	overspanden	overspannen	overspan	overspannend
overspoelen	overspoel	overspoel,overspoelt,overspoelt,overspoelen,overspoelen,overspoelen	overspoelde	overspoelden	overspoeld	overspoel	overspoelend
overstelpen	overstelp	overstelp,overstelpt,overstelpt,overstelpen,overstelpen,overstelpen	overstelpte	overstelpten	overstelpt	overstelp	overstelpend
overstijgen	overstijg	overstijg,overstijgt,overstijgt,overstijgen,overstijgen,overstijgen	oversteeg	overstegen	overstegen	overstijg	overstijgend
overtreden	overtreed	overtreed,overtreedt,overtreedt,overtreden,overtreden,overtreden	overtrad	overtraden	overtreden	overtreed	overtredend
overtreffen	overtref	overtref,overtreft,overtreft,overtreffen,overtreffen,overtreffen	overtrof	overtroffen	overtroffen	overtref	overtreffend
overvallen	overval	overval,overvalt,overvalt,overvallen,overvallen,overvallen	overviel	overvielen	overvallen	overval	overvallend
overvleugelen	overvleugel	overvleugel,overvleugelt,overvleugelt,overvleugelen,overvleugelen,overvleugelen	overvleugelde	overvleugelden	overvleugeld	overvleugel	overvleugelend
overwegen	overweeg	overweeg,overweegt,overweegt,overwegen,overwegen,overwegen	overwoog	overwogen	overwogen	overweeg	overwegend
overweldigen	overweldig	overweldig,overweldigt,overweldigt,overweldigen,overweldigen,overweldigen	overweldigde	overweldigden	overweldigd	overweldig	overweldigend
overwelven	overwelf	overwelf,overwelft,overwelft,overwelven,overwelven,overwelven	overwelfde	overwelfden	overwelfd	overwelf	overwelvend
overwinnen	overwin	overwin,overwint,overwint,overwinnen,overwinnen,overwinnen	overwon	overwonnen	overwonnen	overwin	overwinnend
peuteren	peuter	peuter,peutert,peutert,peuteren,peuteren,peuteren	peuterde	peuterden	gepeuterd	peuter	peuterend
pleisteren	pleister	pleister,pleistert,pleistert,pleisteren,pleisteren,pleisteren	pleisterde	pleisterden	gepleisterd	pleister	pleisterend
ploeteren	ploeter	ploeter,ploetert,ploetert,ploeteren,ploeteren,ploeteren	ploeterde	ploeterden	geploeterd	ploeter	ploeterend
plunderen	plunder	plunder,plundert,plundert,plunderen,plunderen,plunderen	plunderde	plunderden	geplunderd	plunder	plunderend
pokeren	poker	poker,pokert,pokert,pokeren,pokeren,pokeren	pokerde	pokerden	gepokerd	poker	pokerend
pollen	poll	poll,pollt,pollt,pollen,pollen,pollen	pollde	pollden	gepolld	poll	pollend
prediken	predik	predik,predikt,predikt,prediken,prediken,prediken	predikte	predikten	gepredikt	predik	predikend
puberen	puber	puber,pubert,pubert,puberen,puberen,puberen	puberde	puberden	gepuberd	puber	puberend
racen	race	race,racet,racet,racen,racen,racen	racete	raceten	geracet	race	racend
raden	raad	raad,raadt,raadt,raden,raden,raden	raadde	raadden	geraden	raad	radend
raven	rave	rave,ravet,ravet,raven,raven,raven	ravede	raveden	geraved	rave	ravend
rechtvaardigen	rechtvaardig	rechtvaardig,rechtvaardigt,rechtvaardigt,rechtvaardigen,rechtvaardigen,rechtvaardigen	rechtvaardigde	rechtvaardigden	gerechtvaardigd	rechtvaardig	rechtvaardigend
reinigen	reinig	reinig,reinigt,reinigt,reinigen,reinigen,reinigen	reinigde	reinigden	gereinigd	reinig	reinigend
ridderen	ridder	ridder,riddert,riddert,ridderen,ridderen,ridderen	ridderde	ridderden	geridderd	ridder	ridderend
rieken	riek	riek,riekt,riekt,rieken,rieken,rieken	rook	roken	geroken	riek	riekend
rijden	rijd	rijd,rijdt,rijdt,rijden,rijden,rijden	reed	reden	gereden	rijd	rijdend
rijgen	rijg	rijg,rijgt,rijgt,rijgen,rijgen,rijgen	reeg	regen	geregen	rijg	rijgend
rijzen	rijs	rijs,rijst,rijst,rijzen,rijzen,rijzen	rees	rezen	gerezen	rijs	rijzend
roepen	roep	roep,roept,roept,roepen,roepen,roepen	riep	riepen	geroepen	roep	roepend
ruiken	ruik	ruik,ruikt,ruikt,ruiken,ruiken,ruiken	rook	roken	geroken	ruik	ruikend
ruwen	ruw	ruw,ruwt,ruwt,ruwen,ruwen,ruwen	ruwde	ruwden	geruwd	ruw	ruwend
ruziën	ruzie	ruzie,ruziet,ruziet,ruziën,ruziën,ruziën	ruziede	ruzieden	geruzied	ruzie	ruziënd
schaduwen	schaduw	schaduw,schaduwt,schaduwt,schaduwen,schaduwen,schaduwen	schaduwde	schaduwden	geschaduwd	schaduw	schaduwend
scheiden	scheid	scheid,scheidt,scheidt,scheiden,scheiden,scheiden	scheidde	scheidden	gescheiden	scheid	scheidend
schelden	scheld	scheld,scheldt,scheldt,schelden,schelden,schelden	schold	scholden	gescholden	scheld	scheldend
schenden	schend	schend,schendt,schendt,schenden,schenden,schenden	schond	schonden	geschonden	schend	schendend
schenken	schenk	schenk,schenkt,schenkt,schenken,schenken,schenken	schonk	schonken	geschonken	schenk	schenkend
schieten	schiet	schiet,schiet,schiet,schieten,schieten,schieten	schoot	schoten	geschoten	schiet	schietend
schijnen	schijn	schijn,schijnt,schijnt,schijnen,schijnen,schijnen	scheen	schenen	geschenen	schijn	schijnend
schijten	schijt	schijt,schijt,schijt,schijten,schijten,schijten	scheet	scheten	gescheten	schijt	schijtend
schilderen	schilder	schilder,schildert,schildert,schilderen,schilderen,schilderen	schilderde	schilderden	geschilderd	schilder	schilderend
schitteren	schitter	schitter,schittert,schittert,schitteren,schitteren,schitteren	schitterde	schitterden	geschitterd	schitter	schitterend
schrijden	schrijd	schrijd,schrijdt,schrijdt,schrijden,schrijden,schrijden	schreed	schreden	geschreden	schrijd	schrijdend
schrijven	schrijf	schrijf,schrijft,schrijft,schrijven,schrijven,schrijven	schreef	schreven	geschreven	schrijf	schrijvend
schrikken	schrik	schrik,schrikt,schrikt,schrikken,schrikken,schrikken	schrok	schrokken	geschrokken	schrik	schrikkend
schuilen	schuil	schuil,schuilt,schuilt,schuilen,schuilen,schuilen	school	scholen	gescholen	schuil	schuilend
schuiven	schuif	schuif,schuift,schuift,schuiven,schuiven,schuiven	schoof	schoven	geschoven	schuif	schuivend
schuwen	schuw	schuw,schuwt,schuwt,schuwen,schuwen,schuwen	schuwde	schuwden	geschuwd	schuw	schuwend
sidderen	sidder	sidder,siddert,siddert,sidderen,sidderen,sidderen	sidderde	sidderden	gesidderd	sidder	sidderend
skaten	skate	skate,skatet,skatet,skaten,skaten,skaten	skatete	skateten	geskatet	skate	skatend
skeeleren	skeeler	skeeler,skeelert,skeelert,skeeleren,skeeleren,skeeleren	skeelerde	skeelerden	geskeelerd	skeeler	skeelerend
skiën	ski	ski,skiet,skiet,skiën,skiën,skiën	skiede	skieden	geskied	ski	skiënd
slaan	sla	sla,slaat,slaat,slaan,slaan,slaan	sloeg	sloegen	geslagen	sla	slaand
slapen	slaap	slaap,slaapt,slaapt,slapen,slapen,slapen	sliep	sliepen	geslapen	slaap	slapend
sleeën	slee	slee,sleet,sleet,sleeën,sleeën,sleeën	sleede	sleeden	gesleed	slee	sleeënd
slenteren	slenter	slenter,slentert,slentert,slenteren,slenteren,slenteren	slenterde	slenterden	geslenterd	slenter	slenterend
slijpen	slijp	slijp,slijpt,slijpt,slijpen,slijpen,slijpen	sleep	slepen	geslepen	slijp	slijpend
slijten	slijt	slijt,slijt,slijt,slijten,slijten,slijten	sleet	sleten	gesleten	slijt	slijtend
slingeren	slinger	slinger,slingert,slingert,slingeren,slingeren,slingeren	slingerde	slingerden	geslingerd	slinger	slingerend
slinken	slink	slink,slinkt,slinkt,slinken,slinken,slinken	slonk	slonken	geslonken	slink	slinkend
sluimeren	sluimer	sluimer,sluimert,sluimert,sluimeren,sluimeren,sluimeren	sluimerde	sluimerden	gesluimerd	sluimer	sluimerend
sluipen	sluip	sluip,sluipt,sluipt,sluipen,sluipen,sluipen	sloop	slopen	geslopen	sluip	sluipend
sluiten	sluit	sluit,sluit,sluit,sluiten,sluiten,sluiten	sloot	sloten	gesloten	sluit	sluitend
smelten	smelt	smelt,smelt,smelt,smelten,smelten,smelten	smolt	smolten	gesmolten	smelt	smeltend
smijten	smijt	smijt,smijt,smijt,smijten,smijten,smijten	smeet	smeten	gesmeten	smijt	smijtend
sms'en	sms	sms,sms't,sms't,sms'en,sms'en,sms'en	sms'te	sms'ten	ge-sms't	sms	sms'end
snijden	snij	snij,snijdt,snijdt,snijden,snijden,snijden	sneed	sneden	gesneden	snij	snijdend
snuiten	snuit	snuit,snuit,snuit,snuiten,snuiten,snuiten	snoot	snoten	gesnoten	snuit	snuitend
snuiven	snuif	snuif,snuift,snuift,snuiven,snuiven,snuiven	snoof	snoven	gesnoven	snuif	snuivend
spannen	span	span,spant,spant,spannen,spannen,spannen	spande	spanden	gespannen	span	spannend
spetteren	spetter	spetter,spettert,spettert,spetteren,spetteren,spetteren	spetterde	spetterden	gespetterd	spetter	spetterend
spijkeren	spijker	spijker,spijkert,spijkert,spijkeren,spijkeren,spijkeren	spijkerde	spijkerden	gespijkerd	spijker	spijkerend
spijten	spijt	spijt,spijt,spijt,spijten,spijten,spijten	speet	speten	gespeten	spijt	spijtend
splijten	splijt	splijt,splijt,splijt,splijten,splijten,splijten	spleet	spleten	gespleten	splijt	splijtend
sponsoren	sponsor	sponsor,sponsort,sponsort,sponsoren,sponsoren,sponsoren	sponsorde	sponsorden	gesponsord	sponsor	sponsorend
spreken	spreek	spreek,spreekt,spreekt,spreken,spreken,spreken	sprak	spraken	gesproken	spreek	sprekend
springen	spring	spring,springt,springt,springen,springen,springen	sprong	sprongen	gesprongen	spring	springend
spruiten	spruit	spruit,spruit,spruit,spruiten,spruiten,spruiten	sproot	sproten	gesproten	spruit	spruitend
spuiten	spuit	spuit,spuit,spuit,spuiten,spuiten,spuiten	spoot	spoten	gespoten	spuit	spuitend
spuwen	spuw	spuw,spuwt,spuwt,spuwen,spuwen,spuwen	spuwde	spuwden	gespuwd	spuw	spuwend
staan	sta	sta,staat,staat,staan,staan,staan	stond	stonden	gestaan	sta	staand
steigeren	steiger	steiger,steigert,steigert,steigeren,steigeren,steigeren	steigerde	steigerden	gesteigerd	steiger	steigerend
steken	steek	steek,steekt,steekt,steken,steken,steken	stak	staken	gestoken	steek	stekend
stelen	steel	steel,steelt,steelt,stelen,stelen,stelen	stal	stalen	gestolen	steel	stelend
sterven	sterf	sterf,sterft,sterft,sterven,sterven,sterven	stierf	stierven	gestorven	sterf	stervend
stijgen	stijg	stijg,stijgt,stijgt,stijgen,stijgen,stijgen	steeg	stegen	gestegen	stijg	stijgend
stinken	stink	stink,stinkt,stinkt,stinken,stinken,stinken	stonk	stonken	gestonken	stink	stinkend
stoten	stoot	stoot,stoot,stoot,stoten,stoten,stoten	stootte	stootten	gestoten	stoot	stotend
strijden	strijd	strijd,strijdt,strijdt,strijden,strijden,strijden	streed	streden	gestreden	strijd	strijdend
strijken	strijk	strijk,strijkt,strijkt,strijken,strijken,strijken	streek	streken	gestreken	strijk	strijkend
stuiteren	stuiter	stuiter,stuitert,stuitert,stuiteren,stuiteren,stuiteren	stuiterde	stuiterden	gestuiterd	stuiter	stuiterend
stuiven	stuif	stuif,stuift,stuift,stuiven,stuiven,stuiven	stoof	stoven	gestoven	stuif	stuivend
stuwen	stuw	stuw,stuwt,stuwt,stuwen,stuwen,stuwen	stuwde	stuwden	gestuwd	stuw	stuwend
subsidiëren	subsidieer	subsidieer,subsidieert,subsidieert,subsidiëren,subsidiëren,subsidiëren	subsidieerde	subsidieerden	gesubsidieerd	subsidieer	subsidiërend
sudderen	sudder	sudder,suddert,suddert,sudderen,sudderen,sudderen	sudderde	sudderden	gesudderd	sudder	sudderend
tatoeëren	tatoeëer	tatoeëer,tatoeëert,tatoeëert,tatoeëren,tatoeëren,tatoeëren	tatoeëerde	tatoeëerden	getatoeëerd	tatoeëer	tatoeërend
teisteren	teister	teister,teistert,teistert,teisteren,teisteren,teisteren	teisterde	teisterden	geteisterd	teister	teisterend
toeteren	toeter	toeter,toetert,toetert,toeteren,toeteren,toeteren	toeterde	toeterden	getoeterd	toeter	toeterend
toveren	tover	tover,tovert,tovert,toveren,toveren,toveren	toverde	toverden	getoverd	tover	toverend
traliën	tralie	tralie,traliet,traliet,traliën,traliën,traliën	traliede	tralieden	getralied	tralie	traliënd
treden	treed	treed,treedt,treedt,treden,treden,treden	trad	traden	getreden	treed	tredend
treffen	tref	tref,treft,treft,treffen,treffen,treffen	trof	troffen	getroffen	tref	treffend
trekken	trek	trek,trekt,trekt,trekken,trekken,trekken	trok	trokken	getrokken	trek	trekkend
tuchtigen	tuchtig	tuchtig,tuchtigt,tuchtigt,tuchtigen,tuchtigen,tuchtigen	tuchtigde	tuchtigden	getuchtigd	tuchtig	tuchtigend
upgraden	upgrade	upgrade,upgradet,upgradet,upgraden,upgraden,upgraden	upgradede	upgradeden	geüpgraded	upgrade	upgradend
uploaden	upload	upload,uploadt,uploadt,uploaden,uploaden,uploaden	uploadde	uploadden	geüpload	upload	uploadend
urineren	urineer	urineer,urineert,urineert,urineren,urineren,urineren	urineerde	urineerden	geürineerd	urineer	urinerend
vallen	val	val,valt,valt,vallen,vallen,vallen	viel	vielen	gevallen	val	vallend
vangen	vang	vang,vangt,vangt,vangen,vangen,vangen	ving	vingen	gevangen	vang	vangend
varen	vaar	vaar,vaart,vaart,varen,varen,varen	voer	voeren	gevaren	vaar	varend
variëren	varieer	varieer,varieert,varieert,variëren,variëren,variëren	varieerde	varieerden	gevarieerd	varieer	variërend
vechten	vecht	vecht,vecht,vecht,vechten,vechten,vechten	vocht	vochten	gevochten	vecht	vechtend
verafschuwen	verafschuw	verafschuw,verafschuwt,verafschuwt,verafschuwen,verafschuwen,verafschuwen	verafschuwde	verafschuwden	verafschuwd	verafschuw	verafschuwend
veranderen	verander	verander,verandert,verandert,veranderen,veranderen,veranderen	veranderde	veranderden	veranderd	verander	veranderend
verankeren	veranker	veranker,verankert,verankert,verankeren,verankeren,verankeren	verankerde	verankerden	verankerd	veranker	verankerend
verbannen	verban	verban,verbant,verbant,verbannen,verbannen,verbannen	verbande	verbanden	verbannen	verban	verbannend
verbasteren	verbaster	verbaster,verbastert,verbastert,verbasteren,verbasteren,verbasteren	verbasterde	verbasterden	verbasterd	verbaster	verbasterend
verbergen	verberg	verberg,verbergt,verbergt,verbergen,verbergen,verbergen	verborg	verborgen	verborgen	verberg	verbergend
verbeteren	verbeter	verbeter,verbetert,verbetert,verbeteren,verbeteren,verbeteren	verbeterde	verbeterden	verbeterd	verbeter	verbeterend
verbieden	verbied	verbied,verbiedt,verbiedt,verbieden,verbieden,verbieden	verbood	verboden	verboden	verbied	verbiedend
verbijsteren	verbijster	verbijster,verbijstert,verbijstert,verbijsteren,verbijsteren,verbijsteren	verbijsterde	verbijsterden	verbijsterd	verbijster	verbijsterend
verbinden	verbind	verbind,verbindt,verbindt,verbinden,verbinden,verbinden	verbond	verbonden	verbonden	verbind	verbindend
verbitteren	verbitter	verbitter,verbittert,verbittert,verbitteren,verbitteren,verbitteren	verbitterde	verbitterden	verbitterd	verbitter	verbitterend
verblijven	verblijf	verblijf,verblijft,verblijft,verblijven,verblijven,verblijven	verbleef	verbleven	verbleven	verblijf	verblijvend
verbreken	verbreek	verbreek,verbreekt,verbreekt,verbreken,verbreken,verbreken	verbrak	verbraken	verbroken	verbreek	verbrekend
verbuigen	verbuig	verbuig,verbuigt,verbuigt,verbuigen,verbuigen,verbuigen	verboog	verbogen	verbogen	verbuig	verbuigend
verdedigen	verdedig	verdedig,verdedigt,verdedigt,verdedigen,verdedigen,verdedigen	verdedigde	verdedigden	verdedigd	verdedig	verdedigend
verdelen	verdeel	verdeel,verdeelt,verdeelt,verdelen,verdelen,verdelen	verdeelde	verdeelden	verdeeld	verdeel	verdelend
verdenken	verdenk	verdenk,verdenkt,verdenkt,verdenken,verdenken,verdenken	verdacht	verdachten	verdacht	verdenk	verdenkend
verdoen	verdoe	verdoe,verdoet,verdoet,verdoen,verdoen,verdoen	verdeed	verdeden	verdaan	verdoe	verdoend
verdragen	verdraag	verdraag,verdraagt,verdraagt,verdragen,verdragen,verdragen	verdroeg	verdroegen	verdragen	verdraag	verdragend
verdrievoudigen	verdrievoudig	verdrievoudig,verdrievoudigt,verdrievoudigt,verdrievoudigen,verdrievoudigen,verdrievoudigen	verdrievoudigde	verdrievoudigden	verdrievoudigd	verdrievoudig	verdrievoudigend
verdrijven	verdrijf	verdrijf,verdrijft,verdrijft,verdrijven,verdrijven,verdrijven	verdreef	verdreven	verdreven	verdrijf	verdrijvend
verdringen	verdring	verdring,verdringt,verdringt,verdringen,verdringen,verdringen	verdrong	verdrongen	verdrongen	verdring	verdringend
verdrinken	verdrink	verdrink,verdrinkt,verdrinkt,verdrinken,verdrinken,verdrinken	verdronk	verdronken	verdronken	verdrink	verdrinkend
verduisteren	verduister	verduister,verduistert,verduistert,verduisteren,verduisteren,verduisteren	verduisterde	verduisterden	verduisterd	verduister	verduisterend
verdwijnen	verdwijn	verdwijn,verdwijnt,verdwijnt,verdwijnen,verdwijnen,verdwijnen	verdween	verdwenen	verdwenen	verdwijn	verdwijnend
vereenvoudigen	vereenvoudig	vereenvoudig,vereenvoudigt,vereenvoudigt,vereenvoudigen,vereenvoudigen,vereenvoudigen	vereenvoudigde	vereenvoudigden	vereenvoudigd	vereenvoudig	vereenvoudigend
vereeuwigen	vereeuwig	vereeuwig,vereeuwigt,vereeuwigt,vereeuwigen,vereeuwigen,vereeuwigen	vereeuwigde	vereeuwigden	vereeuwigd	vereeuwig	vereeuwigend
verenigen	verenig	verenig,verenigt,verenigt,verenigen,verenigen,verenigen	verenigde	verenigden	verenigd	verenig	verenigend
verergeren	vererger	vererger,verergert,verergert,verergeren,verergeren,verergeren	verergerde	verergerden	verergerd	vererger	verergerend
vergaan	verga	verga,vergaat,vergaat,vergaan,vergaan,vergaan	verging	vergingen	vergaan	verga	vergaand
vergaderen	vergader	vergader,vergadert,vergadert,vergaderen,vergaderen,vergaderen	vergaderde	vergaderden	vergaderd	vergader	vergaderend
vergelden	vergeld	vergeld,vergeldt,vergeldt,vergelden,vergelden,vergelden	vergold	vergolden	vergolden	vergeld	vergeldend
vergelen	vergeel	vergeel,vergeelt,vergeelt,vergelen,vergelen,vergelen	vergeelde	vergeelden	vergeeld	vergeel	vergelend
vergelijken	vergelijk	vergelijk,vergelijkt,vergelijkt,vergelijken,vergelijken,vergelijken	vergeleek	vergeleken	vergeleken	vergelijk	vergelijkend
vergeten	vergeet	vergeet,vergeet,vergeet,vergeten,vergeten,vergeten	vergat	vergaten	vergeten	vergeet	vergetend
vergeven	vergeef	vergeef,vergeeft,vergeeft,vergeven,vergeven,vergeven	vergaf	vergaven	vergeven	vergeef	vergevend
vergiftigen	vergiftig	vergiftig,vergiftigt,vergiftigt,vergiftigen,vergiftigen,vergiftigen	vergiftigde	vergiftigden	vergiftigd	vergiftig	vergiftigend
verglijden	verglijd	verglijd,verglijdt,verglijdt,verglijden,verglijden,verglijden	vergleed	vergleden	vergleden	verglijd	verglijdend
vergrijpen	vergrijp	vergrijp,vergrijpt,vergrijpt,vergrijpen,vergrijpen,vergrijpen	vergreep	vergrepen	vergrepen	vergrijp	vergrijpend
verhangen	verhang	verhang,verhangt,verhangt,verhangen,verhangen,verhangen	verhing	verhingen	verhangen	verhang	verhangend
verheffen	verhef	verhef,verheft,verheft,verheffen,verheffen,verheffen	verhief	verhieven	verheven	verhef	verheffend
verhelpen	verhelp	verhelp,verhelpt,verhelpt,verhelpen,verhelpen,verhelpen	verhielp	verhielpen	verholpen	verhelp	verhelpend
verhinderen	verhinder	verhinder,verhindert,verhindert,verhinderen,verhinderen,verhinderen	verhinderde	verhinderden	verhinderd	verhinder	verhinderend
verhongeren	verhonger	verhonger,verhongert,verhongert,verhongeren,verhongeren,verhongeren	verhongerde	verhongerden	verhongerd	verhonger	verhongerend
verkiezen	verkies	verkies,verkiest,verkiest,verkiezen,verkiezen,verkiezen	verkoos	verkozen	verkozen	verkies	verkiezend
verkondigen	verkondig	verkondig,verkondigt,verkondigt,verkondigen,verkondigen,verkondigen	verkondigde	verkondigden	verkondigd	verkondig	verkondigend
verkopen	verkoop	verkoop,verkoopt,verkoopt,verkopen,verkopen,verkopen	verkocht	verkochten	verkocht	verkoop	verkopend
verkoperen	verkoper	verkoper,verkopert,verkopert,verkoperen,verkoperen,verkoperen	verkoperde	verkoperden	verkoperd	verkoper	verkoperend
verkrijgen	verkrijg	verkrijg,verkrijgt,verkrijgt,verkrijgen,verkrijgen,verkrijgen	verkreeg	verkregen	verkregen	verkrijg	verkrijgend
verlenen	verleen	verleen,verleent,verleent,verlenen,verlenen,verlenen	verleende	verleenden	verleend	verleen	verlenend
verliezen	verlies	verlies,verliest,verliest,verliezen,verliezen,verliezen	verloor	verloren	verloren	verlies	verliezend
verloederen	verloeder	verloeder,verloedert,verloedert,verloederen,verloederen,verloederen	verloederde	verloederden	verloederd	verloeder	verloederend
verlopen	verloop	verloop,verloopt,verloopt,verlopen,verlopen,verlopen	verliep	verliepen	verlopen	verloop	verlopend
verluchtigen	verluchtig	verluchtig,verluchtigt,verluchtigt,verluchtigen,verluchtigen,verluchtigen	verluchtigde	verluchtigden	verluchtigd	verluchtig	verluchtigend
vermageren	vermager	vermager,vermagert,vermagert,vermageren,vermageren,vermageren	vermagerde	vermagerden	vermagerd	vermager	vermagerend
vermeerderen	vermeerder	vermeerder,vermeerdert,vermeerdert,vermeerderen,vermeerderen,vermeerderen	vermeerderde	vermeerderden	vermeerderd	vermeerder	vermeerderend
vermenigvuldigen	vermenigvuldig	vermenigvuldig,vermenigvuldigt,vermenigvuldigt,vermenigvuldigen,vermenigvuldigen,vermenigvuldigen	vermenigvuldigde	vermenigvuldigden	vermenigvuldigd	vermenigvuldig	vermenigvuldigend
vermijden	vermijd	vermijd,vermijdt,vermijdt,vermijden,vermijden,vermijden	vermeed	vermeden	vermeden	vermijd	vermijdend
verminderen	verminder	verminder,vermindert,vermindert,verminderen,verminderen,verminderen	verminderde	verminderden	verminderd	verminder	verminderend
vermogen	vermag	vermag,vermag,vermag,vermogen,vermogen,vermogen	vermocht	vermochten	vermogen	vermag	vermogend
vernederen	verneder	verneder,vernedert,vernedert,vernederen,vernederen,vernederen	vernederde	vernederden	vernederd	verneder	vernederend
vernemen	verneem	verneem,verneemt,verneemt,vernemen,vernemen,vernemen	vernam	vernamen	vernomen	verneem	vernemend
vernietigen	vernietig	vernietig,vernietigt,vernietigt,vernietigen,vernietigen,vernietigen	vernietigde	vernietigden	vernietigd	vernietig	vernietigend
verontreinigen	verontreinig	verontreinig,verontreinigt,verontreinigt,verontreinigen,verontreinigen,verontreinigen	verontreinigde	verontreinigden	verontreinigd	verontreinig	verontreinigend
verontschuldigen	verontschuldig	verontschuldig,verontschuldigt,verontschuldigt,verontschuldigen,verontschuldigen,verontschuldigen	verontschuldigde	verontschuldigden	verontschuldigd	verontschuldig	verontschuldigend
veroordelen	veroordeel	veroordeel,veroordeelt,veroordeelt,veroordelen,veroordelen,veroordelen	veroordeelde	veroordeelden	veroordeeld	veroordeel	veroordelend
verorberen	verorber	verorber,verorbert,verorbert,verorberen,verorberen,verorberen	verorberde	verorberden	verorberd	verorber	verorberend
verouderen	verouder	verouder,veroudert,veroudert,verouderen,verouderen,verouderen	verouderde	verouderden	verouderd	verouder	verouderend
veroveren	verover	verover,verovert,verovert,veroveren,veroveren,veroveren	veroverde	veroverden	veroverd	verover	veroverend
verpieteren	verpieter	verpieter,verpietert,verpietert,verpieteren,verpieteren,verpieteren	verpieterde	verpieterden	verpieterd	verpieter	verpieterend
verpletteren	verpletter	verpletter,verplettert,verplettert,verpletteren,verpletteren,verpletteren	verpletterde	verpletterden	verpletterd	verpletter	verpletterend
verraden	verraad	verraad,verraadt,verraadt,verraden,verraden,verraden	verried	verrieden	verraden	verraad	verradend
verrijzen	verrijs	verrijs,verrijst,verrijst,verrijzen,verrijzen,verrijzen	verrees	verrezen	verrezen	verrijs	verrijzend
verschieten	verschiet	verschiet,verschiet,verschiet,verschieten,verschieten,verschieten	verschoot	verschoten	verschoten	verschiet	verschietend
verschijnen	verschijn	verschijn,verschijnt,verschijnt,verschijnen,verschijnen,verschijnen	verscheen	verschenen	verschenen	verschijn	verschijnend
verschuilen	verschuil	verschuil,verschuilt,verschuilt,verschuilen,verschuilen,verschuilen	verschool	verscholen	verscholen	verschuil	verschuilend
verschuiven	verschuif	verschuif,verschuift,verschuift,verschuiven,verschuiven,verschuiven	verschoof	verschoven	verschoven	verschuif	verschuivend
verslaan	versla	versla,verslaat,verslaat,verslaan,verslaan,verslaan	versloeg	versloegen	verslagen	versla	verslaand
verslechteren	verslechter	verslechter,verslechtert,verslechtert,verslechteren,verslechteren,verslechteren	verslechterde	verslechterden	verslechterd	verslechter	verslechterend
verslijten	verslijt	verslijt,verslijt,verslijt,verslijten,verslijten,verslijten	versleet	versleten	versleten	verslijt	verslijtend
verslinden	verslind	verslind,verslindt,verslindt,verslinden,verslinden,verslinden	verslond	verslonden	verslonden	verslind	verslindend
versmelten	versmelt	versmelt,versmelt,versmelt,versmelten,versmelten,versmelten	versmolt	versmolten	versmolten	versmelt	versmeltend
versnipperen	versnipper	versnipper,versnippert,versnippert,versnipperen,versnipperen,versnipperen	versnipperde	versnipperden	versnipperd	versnipper	versnipperend
versomberen	versomber	versomber,versombert,versombert,versomberen,versomberen,versomberen	versomberde	versomberden	versomberd	versomber	versomberend
verstaan	versta	versta,verstaat,verstaat,verstaan,verstaan,verstaan	verstond	verstonden	verstaan	versta	verstaand
verstenen	versteen	versteen,versteent,versteent,verstenen,verstenen,verstenen	versteende	versteenden	versteend	versteen	verstenend
verstoten	verstoot	verstoot,verstoot,verstoot,verstoten,verstoten,verstoten	verstootte	verstootten	verstoten	verstoot	verstotend
verstrijken	verstrijk	verstrijk,verstrijkt,verstrijkt,verstrijken,verstrijken,verstrijken	verstreek	verstreken	verstreken	verstrijk	verstrijkend
vertegenwoordigen	vertegenwoordig	vertegenwoordig,vertegenwoordigt,vertegenwoordigt,vertegenwoordigen,vertegenwoordigen,vertegenwoordigen	vertegenwoordigde	vertegenwoordigden	vertegenwoordigd	vertegenwoordig	vertegenwoordigend
vertrekken	vertrek	vertrek,vertrekt,vertrekt,vertrekken,vertrekken,vertrekken	vertrok	vertrokken	vertrokken	vertrek	vertrekkend
vervaardigen	vervaardig	vervaardig,vervaardigt,vervaardigt,vervaardigen,vervaardigen,vervaardigen	vervaardigde	vervaardigden	vervaardigd	vervaardig	vervaardigend
vervallen	verval	verval,vervalt,vervalt,vervallen,vervallen,vervallen	verviel	vervielen	vervallen	verval	vervallend
vervangen	vervang	vervang,vervangt,vervangt,vervangen,vervangen,vervangen	verving	vervingen	vervangen	vervang	vervangend
vervelen	verveel	verveel,verveelt,verveelt,vervelen,vervelen,vervelen	verveelde	verveelden	verveeld	verveel	vervelend
vervliegen	vervlieg	vervlieg,vervliegt,vervliegt,vervliegen,vervliegen,vervliegen	vervloog	vervlogen	vervlogen	vervlieg	vervliegend
verwelkomen	verwelkom	verwelkom,verwelkomt,verwelkomt,verwelkomen,verwelkomen,verwelkomen	verwelkomde	verwelkomden	verwelkomd	verwelkom	verwelkomend
verwerpen	verwerp	verwerp,verwerpt,verwerpt,verwerpen,verwerpen,verwerpen	verwierp	verwierpen	verworpen	verwerp	verwerpend
verwerven	verwerf	verwerf,verwerft,verwerft,verwerven,verwerven,verwerven	verwierf	verwierven	verworven	verwerf	verwervend
verwijderen	verwijder	verwijder,verwijdert,verwijdert,verwijderen,verwijderen,verwijderen	verwijderde	verwijderden	verwijderd	verwijder	verwijderend
verwijten	verwijt	verwijt,verwijt,verwijt,verwijten,verwijten,verwijten	verweet	verweten	verweten	verwijt	verwijtend
verwijzen	verwijs	verwijs,verwijst,verwijst,verwijzen,verwijzen,verwijzen	verwees	verwezen	verwezen	verwijs	verwijzend
verwilderen	verwilder	verwilder,verwildert,verwildert,verwilderen,verwilderen,verwilderen	verwilderde	verwilderden	verwilderd	verwilder	verwilderend
verwittigen	verwittig	verwittig,verwittigt,verwittigt,verwittigen,verwittigen,verwittigen	verwittigde	verwittigden	verwittigd	verwittig	verwittigend
verwonderen	verwonder	verwonder,verwondert,verwondert,verwonderen,verwonderen,verwonderen	verwonderde	verwonderden	verwonderd	verwonder	verwonderend
verwringen	verwring	verwring,verwringt,verwringt,verwringen,verwringen,verwringen	verwrong	verwrongen	verwrongen	verwring	verwringend
verzadigen	verzadig	verzadig,verzadigt,verzadigt,verzadigen,verzadigen,verzadigen	verzadigde	verzadigden	verzadigd	verzadig	verzadigend
verzekeren	verzeker	verzeker,verzekert,verzekert,verzekeren,verzekeren,verzekeren	verzekerde	verzekerden	verzekerd	verzeker	verzekerend
verzenden	verzend	verzend,verzendt,verzendt,verzenden,verzenden,verzenden	verzond	verzonden	verzonden	verzend	verzendend
verzinnen	verzin	verzin,verzint,verzint,verzinnen,verzinnen,verzinnen	verzon	verzonnen	verzonnen	verzin	verzinnend
verzoeken	verzoek	verzoek,verzoekt,verzoekt,verzoeken,verzoeken,verzoeken	verzocht	verzochten	verzocht	verzoek	verzoekend
verzuipen	verzuip	verzuip,verzuipt,verzuipt,verzuipen,verzuipen,verzuipen	verzoop	verzopen	verzopen	verzuip	verzuipend
verzwinden	verzwind	verzwind,verzwindt,verzwindt,verzwinden,verzwinden,verzwinden	verzwond	verzwonden	verzwonden	verzwind	verzwindend
vestigen	vestig	vestig,vestigt,vestigt,vestigen,vestigen,vestigen	vestigde	vestigden	gevestigd	vestig	vestigend
vinden	vind	vind,vindt,vindt,vinden,vinden,vinden	vond	vonden	gevonden	vind	vindend
vlechten	vlecht	vlecht,vlecht,vlecht,vlechten,vlechten,vlechten	vlocht	vlochten	gevlochten	vlecht	vlechtend
vlieden	vlied	vlied,vliedt,vliedt,vlieden,vlieden,vlieden	vlood	vloden	gevloden	vlied	vliedend
vliegen	vlieg	vlieg,vliegt,vliegt,vliegen,vliegen,vliegen	vloog	vlogen	gevlogen	vlieg	vliegend
vlieten	vliet	vliet,vliet,vliet,vlieten,vlieten,vlieten	vloot	vloten	gevloten	vliet	vlietend
vlinderen	vlinder	vlinder,vlindert,vlindert,vlinderen,vlinderen,vlinderen	vlinderde	vlinderden	gevlinderd	vlinder	vlinderend
voederen	voeder	voeder,voedert,voedert,voederen,voederen,voederen	voederde	voederden	gevoederd	voeder	voederend
volbrengen	volbreng	volbreng,volbrengt,volbrengt,volbrengen,volbrengen,volbrengen	volbracht	volbrachten	volbracht	volbreng	volbrengend
voldoen	voldoe	voldoe,voldoet,voldoet,voldoen,voldoen,voldoen	voldeed	voldeden	voldaan	voldoe	voldoend
voleindigen	voleindig	voleindig,voleindigt,voleindigt,voleindigen,voleindigen,voleindigen	voleindigde	voleindigden	voleindigd	voleindig	voleindigend
volharden	volhard	volhard,volhardt,volhardt,volharden,volharden,volharden	volhardde	volhardden	volhard	volhard	volhardend
volstaan	volsta	volsta,volstaat,volstaat,volstaan,volstaan,volstaan	volstond	volstonden	volstaan	volsta	volstaand
voltooien	voltooi	voltooi,voltooit,voltooit,voltooien,voltooien,voltooien	voltooide	voltooiden	voltooid	voltooi	voltooiend
voltrekken	voltrek	voltrek,voltrekt,voltrekt,voltrekken,voltrekken,voltrekken	voltrok	voltrokken	voltrokken	voltrek	voltrekkend
voorkomen	voorkom	voorkom,voorkomt,voorkomt,voorkomen,voorkomen,voorkomen	voorkwam	voorkwamen	voorgekomen	voorkom	voorkomend
voorspellen	voorspel	voorspel,voorspelt,voorspelt,voorspellen,voorspellen,voorspellen	voorspelde	voorspelden	voorspeld	voorspel	voorspellend
voorzien	voorzie	voorzie,voorziet,voorziet,voorzien,voorzien,voorzien	voorzag	voorzagen	voorzien	voorzie	voorziend
vorderen	vorder	vorder,vordert,vordert,vorderen,vorderen,vorderen	vorderde	vorderden	gevorderd	vorder	vorderend
vragen	vraag	vraag,vraagt,vraagt,vragen,vragen,vragen	vroeg	vroegen	gevraagd	vraag	vragend
vreten	vreet	vreet,vreet,vreet,vreten,vreten,vreten	vrat	vraten	gevreten	vreet	vretend
vriezen	vries	vries,vriest,vriest,vriezen,vriezen,vriezen	vroor	vroren	gevroren	vries	vriezend
vrijen	vrij	vrij,vrijt,vrijt,vrijen,vrijen,vrijen	vree	vreeën	gevreeën	vrij	vrijend
waarschuwen	waarschuw	waarschuw,waarschuwt,waarschuwt,waarschuwen,waarschuwen,waarschuwen	waarschuwde	waarschuwden	gewaarschuwd	waarschuw	waarschuwend
wapperen	wapper	wapper,wappert,wappert,wapperen,wapperen,wapperen	wapperde	wapperden	gewapperd	wapper	wapperend
wedijveren	wedijver	wedijver,wedijvert,wedijvert,wedijveren,wedijveren,wedijveren	wedijverde	wedijverden	gewedijverd	wedijver	wedijverend
weergalmen	weergalm	weergalm,weergalmt,weergalmt,weergalmen,weergalmen,weergalmen	weergalmde	weergalmden	weergalmd	weergalm	weergalmend
weerhouden	weerhou	weerhou,weerhoudt,weerhoudt,weerhouden,weerhouden,weerhouden	weerhield	weerhielden	weerhouden	weerhou	weerhoudend
weerkaatsen	weerkaats	weerkaats,weerkaatst,weerkaatst,weerkaatsen,weerkaatsen,weerkaatsen	weerkaatste	weerkaatsten	weerkaatst	weerkaats	weerkaatsend
weerleggen	weerleg	weerleg,weerlegt,weerlegt,weerleggen,weerleggen,weerleggen	weerlegde	weerlegden	weerlegd	weerleg	weerleggend
weerspiegelen	weerspiegel	weerspiegel,weerspiegelt,weerspiegelt,weerspiegelen,weerspiegelen,weerspiegelen	weerspiegelde	weerspiegelden	weerspiegeld	weerspiegel	weerspiegelend
weerstaan	weersta	weersta,weerstaat,weerstaat,weerstaan,weerstaan,weerstaan	weerstond	weerstonden	weerstaan	weersta	weerstaand
wegen	weeg	weeg,weegt,weegt,wegen,wegen,wegen	woog	wogen	gewogen	weeg	wegend
weigeren	weiger	weiger,weigert,weigert,weigeren,weigeren,weigeren	weigerde	weigerden	geweigerd	weiger	weigerend
werpen	werp	werp,werpt,werpt,werpen,werpen,werpen	wierp	wierpen	geworpen	werp	werpend
werven	werf	werf,werft,werft,werven,werven,werven	wierf	wierven	geworven	werf	wervend
weten	weet	weet,weet,weet,weten,weten,weten	wist	wisten	geweten	weet	wetend
wijken	wijk	wijk,wijkt,wijkt,wijken,wijken,wijken	week	weken	geweken	wijk	wijkend
wijten	wijt	wijt,wijt,wijt,wijten,wijten,wijten	weet	weten	geweten	wijt	wijtend
wijzen	wijs	wijs,wijst,wijst,wijzen,wijzen,wijzen	wees	wezen	gewezen	wijs	wijzend
wijzigen	wijzig	wijzig,wijzigt,wijzigt,wijzigen,wijzigen,wijzigen	wijzigde	wijzigden	gewijzigd	wijzig	wijzigend
willen	wil	wil,wilt,wil,willen,willen,willen	wilde	wilden	gewild	wil	willend
winden	wind	wind,windt,windt,winden,winden,winden	wond	wonden	gewonden	wind	windend
winnen	win	win,wint,wint,winnen,winnen,winnen	won	wonnen	gewonnen	win	winnend
worden	word	word,wordt,wordt,worden,worden,worden	werd	werden	geworden	word	wordend
wrijven	wrijf	wrijf,wrijft,wrijft,wrijven,wrijven,wrijven	wreef	wreven	gewreven	wrijf	wrijvend
wringen	wring	wring,wringt,wringt,wringen,wringen,wringen	wrong	wrongen	gewrongen	wring	wringend
zaligen	zalig	zalig,zaligt,zaligt,zaligen,zaligen,zaligen	zaligde	zaligden	gezaligd	zalig	zaligend
zenden	zend	zend,zendt,zendt,zenden,zenden,zenden	zond	zonden	gezonden	zend	zendend
zien	zie	zie,ziet,ziet,zien,zien,zien	zag	zagen	gezien	zie	ziend
zijgen	zijg	zijg,zijgt,zijgt,zijgen,zijgen,zijgen	zeeg	zegen	gezegen	zijg	zijgend
zijn	ben	ben,bent,is,zijn,zijn,zijn	was	waren	geweest	wees	zijnd
zingen	zing	zing,zingt,zingt,zingen,zingen,zingen	zong	zongen	gezongen	zing	zingend
zinken	zink	zink,zinkt,zinkt,zinken,zinken,zinken	zonk	zonken	gezonken	zink	zinkend
zinnigen	zinnig	zinnig,zinnigt,zinnigt,zinnigen,zinnigen,zinnigen	zinnigde	zinnigden	gezinnigd	zinnig	zinnigend
zitten	zit	zit,zit,zit,zitten,zitten,zitten	zat	zaten	gezeten	zit	zittend
zoeken	zoek	zoek,zoekt,zoekt,zoeken,zoeken,zoeken	zocht	zochten	gezocht	zoek	zoekend
zuigen	zuig	zuig,zuigt,zuigt,zuigen,zuigen,zuigen	zoog	zogen	gezogen	zuig	zuigend
zuipen	zuip	zuip,zuipt,zuipt,zuipen,zuipen,zuipen	zoop	zopen	gezopen	zuip	zuipend
zuiveren	zuiver	zuiver,zuivert,zuivert,zuiveren,zuiveren,zuiveren	zuiverde	zuiverden	gezuiverd	zuiver	zuiverend
zullen	zal	zal,zult,zal,zullen,zullen,zullen	zou	zouden	-	-	zullend
zwabberen	zwabber	zwabber,zwabbert,zwabbert,zwabberen,zwabberen,zwabberen	zwabberde	zwabberden	gezwabberd	zwabber	zwabberend
zwellen	zwel	zwel,zwelt,zwelt,zwellen,zwellen,zwellen	zwol	zwollen	gezwollen	zwel	zwellend
zwemmen	zwem	zwem,zwemt,zwemt,zwemmen,zwemmen,zwemmen	zwom	zwommen	gezwommen	zwem	zwemmend
zwerven	zwerf	zwerf,zwerft,zwerft,zwerven,zwerven,zwerven	zwierf	zwierven	gezworven	zwerf	zwervend
zwijgen	zwijg	zwijg,zwijgt,zwijgt,zwijgen,zwijgen,zwijgen	zweeg	zwegen	gezwegen	zwijg	zwijgend
zwinden	zwind	zwind,zwindt,zwindt,zwinden,zwinden,zwinden	zwond	zwonden	gezwonden	zwind	zwindend
