# lemma(infinitive)	V;NFIN	V;IND;PRS;SG;1	V;IND;PRS;SG;2	V;IND;PRS;SG;3	V;IND;PRS;PL;1	V;IND;PRS;PL;2	V;IND;PRS;PL;3	V;IMP;2;SG	V;IMP;2;PL	V.PTCP;PST
abeezen	-	-	-	-	-	-	-	-	-	agebeezt
abejéieren	-	-	-	-	-	-	-	-	-	geabejéiert
aberuffen	-	-	-	-	-	-	-	-	-	aberuff
abezuelen	-	-	-	-	-	-	-	-	-	abezuelt
abierden	-	-	-	-	-	-	-	-	-	agebiert
abiergeren	-	-	-	-	-	-	-	-	-	agebiergert
abilden	-	-	-	-	-	-	-	-	-	agebilt
abitéieren	-	-	-	-	-	-	-	-	-	geabitéiert
abriechen	-	-	-	-	-	-	-	-	-	agebrach
abrocken	-	-	-	-	-	-	-	-	-	agebrockt
abréngen	-	-	-	-	-	-	-	-	-	abruecht
abuddelen	-	-	-	-	-	-	-	-	-	agebuddelt
abäerden	-	-	-	-	-	-	-	-	-	agebäert
abéissen	-	-	-	-	-	-	-	-	-	agebéisst
afaassen	-	-	-	-	-	-	-	-	-	agefaasst
afalen	-	-	-	-	-	-	-	-	-	agefall
afen	-	-	aafs	aaft	-	aaft	-	-	aaft	geaaft
afetten	-	-	-	-	-	-	-	-	-	agefett
afierwen	-	-	-	-	-	-	-	-	-	agefierft
afriessen	-	-	-	-	-	-	-	-	-	agefriess
afänken	-	-	-	-	-	-	-	-	-	agefaang
aféieren	-	-	-	-	-	-	-	-	-	ageféiert
afëllen	-	-	-	-	-	-	-	-	-	agefëllt
agesinn	agesinn	-	-	-	-	-	-	-	-	agesinn
agestoen	-	-	-	-	-	-	-	-	-	agestan
aglidderen	-	-	-	-	-	-	-	-	-	agegliddert
agoen	-	-	-	-	-	-	-	-	-	agaang
agräifen	-	-	-	-	-	-	-	-	-	agegraff
agéissen	-	-	-	-	-	-	-	-	-	agegoss
akafen	-	-	-	-	-	-	-	-	-	akaaft
aklemmen	-	-	-	-	-	-	-	-	-	ageklemmt
aknécken	-	-	-	-	-	-	-	-	-	ageknéckt
aleeën	-	-	-	-	-	-	-	-	-	ageluecht
aliichten	-	-	-	-	-	-	-	-	-	ageliicht
aloggen	-	-	-	-	-	-	-	-	-	ageloggt
amaachen	-	-	-	-	-	-	-	-	-	agemaach
anchecken	-	-	-	-	-	-	-	-	-	agecheckt
andecken	-	-	-	-	-	-	-	-	-	agedeckt
andeelen	-	-	-	-	-	-	-	-	-	agedeelt
andreiwen	-	-	-	-	-	-	-	-	-	agedriwwen
androen	-	-	-	-	-	-	-	-	-	agedroen
andrécken	-	-	-	-	-	-	-	-	-	agedréckt
andréien	-	-	-	-	-	-	-	-	-	agedréit
andréngen	-	-	-	-	-	-	-	-	-	agedrongen
anengen	-	-	-	-	-	-	-	-	-	agëengt
anhaen	-	-	-	-	-	-	-	-	-	agehaen
anhuelen	-	-	-	-	-	-	-	-	-	ageholl
anhänken	-	-	-	-	-	-	-	-	-	agehaang
annäipen	-	-	-	-	-	-	-	-	-	agenäipt
annécken	-	-	-	-	-	-	-	-	-	agenéckt
antompen	-	-	-	-	-	-	-	-	-	agetompt
antriichteren	-	-	-	-	-	-	-	-	-	agetriichtert
antroteren	-	-	-	-	-	-	-	-	-	agetrotert
anzéien	-	-	-	-	-	-	-	-	-	agezunn
anzénken	-	-	-	-	-	-	-	-	-	agezénkt
apaken	-	-	-	-	-	-	-	-	-	agepaakt
apetéieren	-	-	-	-	-	-	-	-	-	geapetéiert
arenken	-	-	-	-	-	-	-	-	-	agerenkt
arieden	-	-	-	-	-	-	-	-	-	ageriet
aschléissen	-	-	-	-	-	-	-	-	-	ageschloss
aschreiwen	-	-	-	-	-	-	-	-	-	ageschriwwen
aschätzen	-	-	-	-	-	-	-	-	-	ageschat
asetzen	-	-	-	-	-	-	-	-	-	agesat
asteigen	-	-	-	-	-	-	-	-	-	agestigen
asäckelen	-	-	-	-	-	-	-	-	-	agesäckelt
ausbriechen	-	-	-	-	-	-	-	-	-	ausgebrach
ausdoen	-	-	-	-	-	-	-	-	-	ausgedoen
ausdroen	-	-	-	-	-	-	-	-	-	ausgedroen
ausfroen	-	-	-	-	-	-	-	-	-	ausgefrot
ausgesinn	ausgesinn	-	-	-	-	-	-	-	-	ausgesinn
ausginn	ausginn	-	-	-	-	-	-	-	-	ausginn
auskommen	-	-	-	-	-	-	-	-	-	auskomm
ausleeën	-	-	-	-	-	-	-	-	-	ausgeluecht
ausloggen	-	-	-	-	-	-	-	-	-	ausgeloggt
ausmaachen	-	-	-	-	-	-	-	-	-	ausgemaach
ausschléissen	-	-	-	-	-	-	-	-	-	ausgeschloss
ausschreiwen	-	-	-	-	-	-	-	-	-	ausgeschriwwen
ausschwenken	-	-	-	-	-	-	-	-	-	ausgeschwenkt
ausschwätzen	-	-	-	-	-	-	-	-	-	ausgeschwat
aussetzen	-	-	-	-	-	-	-	-	-	ausgesat
ausspullen	-	-	-	-	-	-	-	-	-	ausgespullt
ausstrecken	-	-	-	-	-	-	-	-	-	ausgestreckt
auswäschen	-	-	-	-	-	-	-	-	-	ausgewäsch
awanderen	-	-	-	-	-	-	-	-	-	agewandert
awëllegen	-	-	-	-	-	-	-	-	-	agewëllegt
baken	-	-	baaks	baakt	-	baakt	-	-	baakt	gebak
bannen	-	-	bënns	bënnt	-	-	-	-	-	gebonnen
bedrécken	-	-	-	-	-	-	-	-	-	gebedréckt
bedréien	-	-	-	-	-	-	-	-	-	bedrunn
beezen	-	-	-	-	-	-	-	-	-	gebeezt
befielen	-	-	-	-	-	-	-	-	-	befuelen
begleeden	-	-	begleets	begleet	-	begleet	-	begleet	begleet	begleet
begräifen	-	-	-	-	-	-	-	-	-	begraff
behaapten	-	-	behaaps	-	-	-	-	behap	-	-
behuelen	-	-	behëls	behëlt	-	-	-	-	-	beholl
beleeën	-	-	-	-	-	-	-	-	-	beluecht
beluxen	-	-	belux	-	-	-	-	-	-	-
benennen	-	-	-	-	-	-	-	-	-	benannt
bengelen	-	-	-	-	-	-	-	-	-	gebengelt
berichen	-	-	-	-	-	-	-	-	-	beroch
beschlagnamen	-	-	-	-	-	-	-	-	-	beschagnaamt
beschléissen	-	-	-	-	-	-	-	-	-	beschloss
beschreiwen	-	-	beschreifs	beschreift	-	beschreift	-	beschreif	beschreift	beschriwwen
beschwieren	-	-	-	-	-	-	-	-	-	beschwuer
beschwätzen	-	-	-	-	-	-	-	-	-	beschwat
besetzen	-	-	-	-	-	-	-	-	-	besat
bespriechen	-	-	bespréchs	besprécht	-	-	-	-	-	besprach
bestellen	-	-	-	-	-	-	-	-	-	bestallt
bestielen	-	-	-	-	-	-	-	-	-	bestuel
bestrofen	-	-	bestroofs	bestrooft	-	bestrooft	-	-	bestrooft	bestrooft
bestueden	-	-	-	-	-	-	-	-	-	bestuet
besëtzen	-	-	-	-	-	-	-	-	-	besiess
bewegen	-	-	-	-	-	-	-	-	-	beweegt
beweisen	-	-	-	-	-	-	-	-	-	bewisen
bezeechnen	-	-	bezeechens	bezeechent	-	bezeechent	-	bezeechen	bezeechent	bezeechent
bezuelen	-	-	bezils	bezilt	-	-	-	-	-	-
bezwéngen	-	-	-	-	-	-	-	-	-	bezwongen
bidden	-	-	bitts	bitt	-	bitt	-	bitt	bitt	gebueden
bieden	-	-	biets	biet	-	biet	-	biet	biet	gebiet
biewen	-	-	biefs	bieft	-	bieft	-	bief	bieft	gebieft
bilden	-	-	bilts	bilt	-	bilt	-	bilt	bilt	gebilt
bleiwen	-	-	bleifs	bleift	-	bleift	-	bleif	bleift	bliwwen
blosen	-	-	bléis	bléist	-	bloost	-	-	bloost	geblosen
bludden	-	-	blutts	blutt	-	blutt	-	blutt	blutt	geblutt
bléien	-	-	blitts	blitt	-	-	-	-	-	geblitt
boxen	-	-	box	-	-	-	-	-	-	-
brennen	-	-	-	-	-	-	-	-	-	gebrannt
briechen	-	-	bréchs	brécht	-	-	-	-	-	gebrach
broden	-	-	bréits	bréit	-	brot	-	brot	brot	gebroden
bréngen	-	-	-	-	-	-	-	-	-	bruecht
bueden	-	-	buets	buet	-	buet	-	buet	buet	gebuet
bäibauen	-	-	-	-	-	-	-	-	-	bäigebaut
bäibréngen	-	-	-	-	-	-	-	-	-	bäibruecht
bäidroen	-	-	-	-	-	-	-	-	-	bäigedroen
bäidréien	-	-	-	-	-	-	-	-	-	bäigedréit
bäihalen	-	-	-	-	-	-	-	-	-	bäigehalen
bäikommen	-	-	-	-	-	-	-	-	-	bäikomm
bäikéieren	-	-	-	-	-	-	-	-	-	bäigekéiert
bäileeën	-	-	-	-	-	-	-	-	-	bäigeluecht
bäileien	-	-	-	-	-	-	-	-	-	bäigeleeën
bäiléieren	-	-	-	-	-	-	-	-	-	bäigeléiert
bäischmieren	-	-	-	-	-	-	-	-	-	bäigeschmiert
bäisetzen	-	-	-	-	-	-	-	-	-	bäigesat
bäissen	-	-	-	-	-	-	-	-	-	gebass
bäisteieren	-	-	-	-	-	-	-	-	-	bäigesteiert
bäistoen	-	-	-	-	-	-	-	-	-	bäigestan
dauschen	-	-	-	-	-	-	-	-	-	gedosch
deboiséieren	-	-	-	-	-	-	-	-	-	deboiséierert
denken	-	-	-	-	-	-	-	-	-	geduecht
dinn	-	-	-	-	-	-	-	-	-	gedunn
doen	-	-	dees	deet	-	-	-	-	-	gedoen
doutmaachen	-	-	-	-	-	-	-	-	-	doutgemaach
draleeën	-	-	-	-	-	-	-	-	-	drageluecht
dreiwen	-	-	dreifs	dreift	-	dreift	-	dreif	dreift	gedriwwen
dreschen	-	-	-	-	-	-	-	-	-	gedresch
droen	-	-	dréis	dréit	-	-	-	-	-	gedroen
dropleeën	-	-	-	-	-	-	-	-	-	dropgeluecht
dréchnen	-	-	dréchens	dréchent	-	dréchent	-	dréchen	dréchent	gedréchent
dréiwen	-	-	dréifs	dréift	-	dréift	-	dréif	dréift	gedréift
dréngen	-	-	-	-	-	-	-	-	-	gedrongen
drénken	-	-	-	-	-	-	-	-	-	gedronk
duerchsetzen	-	-	-	-	-	-	-	-	-	duerchgesat
duergoen	-	-	-	-	-	-	-	-	-	duergaang
duerhalen	-	-	-	-	-	-	-	-	-	duergehalen
duerleeën	-	-	-	-	-	-	-	-	-	duergeluecht
däerfen	-	-	-	-	-	-	-	-	-	däerfen
eekelen	-	-	-	-	-	-	-	-	-	gëeekelt
eelzen	-	-	-	-	-	-	-	-	-	gëeelzt
eenegen	-	-	-	-	-	-	-	-	-	gëeenegt
eeteren	-	-	-	-	-	-	-	-	-	gëeetert
emailen	-	-	-	-	-	-	-	-	-	gëemailt
empfielen	-	-	-	-	-	-	-	-	-	empfuelen
empfänken	-	-	-	-	-	-	-	-	-	empfaangen
emäerbelen	-	-	-	-	-	-	-	-	-	emäerbelt
endegen	-	-	-	-	-	-	-	-	-	gëendegt
engen	-	-	-	-	-	-	-	-	-	gëengt
entbannen	-	-	entbënns	entbënnt	-	-	-	-	-	entbonnen
entfléien	-	-	entflitts	entflitt	-	entflitt	-	-	entflitt	entflunn
enträissen	-	-	-	-	-	-	-	-	-	entrass
entschlofen	-	-	entschléifs	entschléift	-	entschlooft	-	-	entschlooft	entschlof
entschléissen	-	-	-	-	-	-	-	-	-	entschloss
entsetzen	-	-	-	-	-	-	-	-	-	entsat
entspriechen	-	-	entspréchs	entsprécht	-	-	-	-	-	entsprach
entstoen	-	-	-	-	-	-	-	-	-	entstan
entwerfen	-	-	-	-	-	-	-	-	-	entworf
erabréngen	-	-	-	-	-	-	-	-	-	erabruecht
erafeieren	-	-	-	-	-	-	-	-	-	eragefeiert
erakommen	-	-	-	-	-	-	-	-	-	erakomm
eraleeën	-	-	-	-	-	-	-	-	-	ërageluecht
eraschloen	-	-	-	-	-	-	-	-	-	erageschloen
erausgeheien	-	-	-	-	-	-	-	-	-	gëerausgeheit
erausschécken	-	-	-	-	-	-	-	-	-	erausgeschéckt
erauswerfen	-	-	-	-	-	-	-	-	-	eraugeworf
erfréieren	-	-	-	-	-	-	-	-	-	erfruer
erfueren	-	-	erfiers	erfiert	-	-	-	-	-	erfuer
ergräifen	-	-	-	-	-	-	-	-	-	ergraff
erkennen	-	-	-	-	-	-	-	-	-	erkannt
erlaben	-	-	erlaabs	erlaabt	-	erlaabt	-	-	erlaabt	erlaabt
ernennen	-	-	-	-	-	-	-	-	-	ernannt
eroffalen	-	-	-	-	-	-	-	-	-	erofgefall
erofkommen	-	-	-	-	-	-	-	-	-	erofkomm
eroflueden	-	-	-	-	-	-	-	-	-	erofgelueden
erofschneiden	-	-	-	-	-	-	-	-	-	erofgeschnidden
erofsetzen	-	-	-	-	-	-	-	-	-	erofgesat
erofspillen	-	-	-	-	-	-	-	-	-	erofgespillt
eropkommen	-	-	-	-	-	-	-	-	-	eropkomm
eropsetzen	-	-	-	-	-	-	-	-	-	eropgesat
erschéissen	-	-	-	-	-	-	-	-	-	erschoss
ersetzen	-	-	-	-	-	-	-	-	-	ersat
erwaarden	-	-	erwaarts	erwaart	-	erwaart	-	erwaart	erwaart	erwaart
erzéien	-	-	erzitts	erzitt	-	-	-	-	-	erzunn
erëmgesinn	erëmgesinn	-	-	-	-	-	-	-	-	erëmgesinn
erëmgewannen	-	-	-	-	-	-	-	-	-	erëmgewonnen
erëmkafen	-	-	-	-	-	-	-	-	-	erëmkaaft
excitéieren	-	-	-	-	-	-	-	-	-	éxcitéiert
falen	-	-	faals	faalt	-	faalt	-	-	faalt	gefaalt
fannen	-	-	fënns	fënnt	-	-	-	-	-	fonnt
festsetzen	-	-	-	-	-	-	-	-	-	festgesat
feststellen	-	-	-	-	-	-	-	-	-	festgestallt
fierwen	-	-	fierfs	fierft	-	fierft	-	fierf	fierft	gefierft
fläissen	-	-	-	-	-	-	-	-	-	geflass
fléien	-	-	flitts	flitt	-	flitt	-	-	flitt	geflunn
fléissen	-	-	-	-	-	-	-	-	-	gefloss
freien	-	-	-	-	-	-	-	-	-	gefrien
frieden	-	-	friets	friet	-	friet	-	friet	friet	gefrueden
friessen	-	-	frëss	frësst	-	-	-	-	-	gefriess
froen	-	-	frees	freet	-	-	-	-	-	-
fräikafen	-	-	-	-	-	-	-	-	-	fräikaaft
fréieren	-	-	-	-	-	-	-	-	-	gefruer
fueren	-	-	fiers	fiert	-	-	-	-	-	gefuer
fäerten	-	-	-	-	-	-	-	-	-	gefaart
fänken	-	-	-	-	-	-	-	-	-	gefaang
féieren	-	-	-	-	-	-	-	-	-	geféiert
gecksen	-	-	-	-	-	-	-	-	-	gegeckst
gedenken	-	-	-	-	-	-	-	-	-	geduecht
geeschteren	-	-	-	-	-	-	-	-	-	gegeeschtert
gefalen	-	-	gefäls	gefält	-	gefaalt	-	-	gefaalt	gefall
geheien	-	-	gehäis	gehäit	-	-	-	-	-	gehäit
geien	-	-	-	-	-	-	-	-	-	gegeit
geléngen	-	-	-	-	-	-	-	-	-	gelongen
genéissen	-	-	-	-	-	-	-	-	-	genoss
geroden	-	-	geréits	geréit	-	gerot	-	gerot	gerot	geroden
geschéien	-	-	-	-	-	-	-	-	-	geschitt
gesinn	gesinn	gesinn	gesäis	gesäit	gesinn	gesitt	gesinn	geséi	gesitt	gesinn
gewannen	-	-	gewënns	gewënnt	-	-	-	-	-	gewonnen
gierwen	-	-	gierfs	gierft	-	gierft	-	gierf	gierft	gegierft
ginn	ginn	ginn	gëss	gëtt	ginn	gitt	ginn	gëff	gitt	ginn
gleewen	-	-	gleefs	gleeft	-	gleeft	-	gleef	gleeft	gegleeft
goen	-	ginn	gees	geet	ginn	gitt	ginn	géi	gitt	gaang
gruewen	-	-	griefs	grieft	-	grueft	-	gruef	grueft	gegruewen
gräifen	-	-	-	-	-	-	-	-	-	gegraff
géissen	-	-	-	-	-	-	-	-	-	gegoss
gëllen	-	-	-	-	-	-	-	-	-	gegollt
haen	-	-	hees	heet	-	-	-	-	-	gehaen
halen	-	-	häls	hält	-	haalt	-	-	haalt	gehalen
hanneschtsetzen	-	-	-	-	-	-	-	-	-	hanneschtgesat
heemschécken	-	-	-	-	-	-	-	-	-	heemgeschéckt
hellegspriechen	-	-	-	-	-	-	-	-	-	helleggesprach
hexen	-	-	hex	-	-	-	-	-	-	-
hidden	-	-	hitts	hitt	-	hitt	-	hitt	hitt	gehitt
hiewen	-	-	hiefs	hieft	-	hieft	-	hief	hieft	gehuewen
hindeiten	-	-	-	-	-	-	-	-	-	higedeit
hiweisen	-	-	-	-	-	-	-	-	-	higewisen
huelen	-	-	hëls	hëlt	-	-	-	-	-	geholl
hunn	hunn	hunn	hues	huet	hunn	hutt	hunn	hief	hieft	gehat
häerden	-	-	häerts	häert	-	häert	-	häert	häert	gehäert
hänken	-	-	-	-	-	-	-	-	-	gehaang
héieren	-	-	-	-	-	-	-	-	-	gehéiert
héijen	-	-	-	-	-	-	-	-	-	gehéicht
hëllefen	-	-	-	-	-	-	-	-	-	gehollef
ieren	-	-	-	-	-	-	-	-	-	gëiert
iergeren	-	-	-	-	-	-	-	-	-	gëiergert
ierwen	-	-	ierfs	ierft	-	ierft	-	ierf	ierft	gëierft
iessen	-	-	ëss	ësst	-	-	-	-	-	giess
iren	-	-	-	-	-	-	-	-	-	gëiert
iwwerdreiwen	-	-	iwwerdreifs	iwwerdreift	-	iwwerdreift	-	iwwerdreif	iwwerdreift	iwwerdriwwen
iwwergräifen	-	-	-	-	-	-	-	-	-	iwwergegraff
iwwerliewen	-	-	iwwerliefs	iwwerlieft	-	iwwerlieft	-	iwwerlief	iwwerlieft	iwwerlieft
iwwerliwweren	-	-	-	-	-	-	-	-	-	iwwerliwwert
iwwerlueden	-	-	iwwerluets	iwwerluet	-	iwwerluet	-	iwwerluet	iwwerluet	iwwerlueden
iwwerreechen	-	-	-	-	-	-	-	-	-	iwwerreecht
iwwerschreiwen	-	-	iwwerschreifs	iwwerschreift	-	iwwerschreift	-	iwwerschreif	iwwerschreift	iwwerschriwwen
iwwersetzen	-	-	-	-	-	-	-	-	-	iwwersat
iwwerspillen	-	-	-	-	-	-	-	-	-	iwwerspillt
iwwerweisen	-	-	-	-	-	-	-	-	-	iwwerwisen
iwwerzeegen	-	-	-	-	-	-	-	-	-	iwwerzeegt
jauwen	-	-	jaufs	jauft	-	jauft	-	jauf	jauft	gejauft
joen	-	-	jees	jeet	-	-	-	-	-	-
jäizen	-	-	-	-	-	-	-	-	-	gejaut
kafen	-	-	keefs	keeft	-	kaaft	-	-	kaaft	kaaft
kaschten	-	-	-	-	-	-	-	-	-	kascht
kazen	-	-	kaaz	kaazt	-	kaazt	-	-	kaazt	gekaazt
kennen	-	-	-	-	-	-	-	-	-	kannt
klaken	-	-	klaaks	klaakt	-	klaakt	-	-	klaakt	geklaakt
klammen	-	-	klëmms	klëmmt	-	-	-	-	-	geklommen
kleeden	-	-	kleets	kleet	-	kleet	-	kleet	kleet	gekleet
kliewen	-	-	kliefs	klieft	-	klieft	-	klief	klieft	geklieft
kléngen	-	-	-	-	-	-	-	-	-	geklongen
knieden	-	-	kniets	kniet	-	kniet	-	kniet	kniet	gekniet
kommen	-	-	kënns	kënnt	-	-	-	-	-	komm
krazen	-	-	kraaz	kraazt	-	kraazt	-	-	kraazt	gekraazt
kropen	-	-	kroops	kroopt	-	kroopt	-	-	kroopt	gekroopt
kräischen	-	-	-	-	-	-	-	-	-	gekrasch
kréien	-	-	-	-	-	-	-	-	-	kritt
kënnen	-	kann	kanns	kann	-	-	-	-	-	konnt
lafen	-	-	leefs	leeft	-	laaft	-	-	laaft	gelaf
landen	-	-	lants	lant	-	lant	-	lant	lant	gelant
leeden	-	-	leets	leet	-	leet	-	leet	leet	geleet
leegnen	-	-	-	-	-	-	-	-	-	geleegent
leeën	-	-	-	-	-	-	-	-	-	geluecht
leiden	-	-	leits	leit	-	leit	-	leit	leit	gelidden
leien	-	-	läis	läit	-	-	-	-	-	geleeën
liesen	-	-	-	-	-	-	-	-	-	gelies
liewen	-	-	liefs	lieft	-	lieft	-	lief	lieft	gelieft
loossen	-	-	léiss	léisst	-	-	-	-	-	gelooss
lueden	-	-	luets	luet	-	luet	-	luet	luet	gelueden
luewen	-	-	luefs	lueft	-	lueft	-	luef	lueft	gelueft
léiden	-	-	-	-	-	-	-	-	-	geléit
léien	-	-	litts	litt	-	litt	-	-	litt	gelunn
léieren	-	-	-	-	-	-	-	-	-	geléiert
léiwen	-	-	léifs	léift	-	léift	-	léif	léift	geléift
maachen	-	-	méchs	mécht	-	-	-	-	-	-
man	-	-	-	-	-	-	-	-	-	gemat
matfillen	-	-	-	-	-	-	-	-	-	matgefillt
matschreiwen	-	-	-	-	-	-	-	-	-	matgeschriwwen
matspillen	-	-	-	-	-	-	-	-	-	matgespillt
meiden	-	-	meits	meit	-	meit	-	meit	meit	gemidden
mepriséieren	mepriséierten	mepriséierten	mepriséierts	-	mepriséierten	-	mepriséierten	mepriséiert	-	-
miessen	-	-	-	-	-	-	-	-	-	gemiess
molen	-	-	mools	moolt	-	moolt	-	-	moolt	gemoolt
moossen	-	-	-	-	-	-	-	-	-	gemooss
muelen	-	-	-	-	-	-	-	-	-	gemuel
nennen	-	-	-	-	-	-	-	-	-	genannt
netzen	-	-	-	-	-	-	-	-	-	genat
nidderloossen	-	-	-	-	-	-	-	-	-	niddergelooss
nofillen	-	-	-	-	-	-	-	-	-	nogefillt
nofollegen	-	-	-	-	-	-	-	-	-	nogefollegt
nokafen	-	-	-	-	-	-	-	-	-	nokaaft
nospillen	-	-	-	-	-	-	-	-	-	nogespillt
offléissen	-	-	-	-	-	-	-	-	-	ofgefloss
ofgesinn	ofgesinn	-	-	-	-	-	-	-	-	ofgesinn
ofginn	ofginn	-	-	-	-	-	-	-	-	ofginn
oflafen	-	-	-	-	-	-	-	-	-	ofgelaf
ofleeën	-	-	-	-	-	-	-	-	-	ofgeluecht
ofschafen	-	-	-	-	-	-	-	-	-	ofgeschaaft
ofschléissen	-	-	-	-	-	-	-	-	-	ofgeschloss
ofschreiwen	-	-	-	-	-	-	-	-	-	ofgeschriwwen
ofsetzen	-	-	-	-	-	-	-	-	-	ofgesat
ofspillen	-	-	-	-	-	-	-	-	-	ofgespillt
ofspriechen	-	-	-	-	-	-	-	-	-	ofgesprach
ofsteigen	-	-	-	-	-	-	-	-	-	ofgestigen
ofwäschen	-	-	-	-	-	-	-	-	-	ofgewäsch
ootmen	-	-	otems	otemt	-	otemt	-	otem	otemt	geotemt
operstoen	-	-	-	-	-	-	-	-	-	operstanen
opfaassen	-	-	-	-	-	-	-	-	-	opgefaasst
opféieren	-	-	-	-	-	-	-	-	-	opgeféiert
ophalen	-	-	-	-	-	-	-	-	-	opgehalen
opmaachen	-	-	-	-	-	-	-	-	-	opgemaach
opreegen	-	-	-	-	-	-	-	-	-	opgereegt
opschloen	-	-	-	-	-	-	-	-	-	opgeschloen
opschléissen	-	-	-	-	-	-	-	-	-	opgeschloss
opschreiwen	-	-	-	-	-	-	-	-	-	opgeschriwwen
opsetzen	-	-	-	-	-	-	-	-	-	opgesat
opsteigen	-	-	-	-	-	-	-	-	-	opgestigen
opstoen	-	-	-	-	-	-	-	-	-	opgestan
optrieden	-	-	-	-	-	-	-	-	-	opgetratt
opwéckelen	-	-	-	-	-	-	-	-	-	opgewéckelt
paken	-	-	peeks	peekt	-	paakt	-	-	paakt	gepaakt
päifen	-	-	-	-	-	-	-	-	-	gepaff
quëllen	-	-	-	-	-	-	-	-	-	gequollen
rafen	-	-	reefs	reeft	-	raaft	-	-	raaft	geraf
rechnen	-	-	rechens	rechent	-	rechent	-	rechen	rechent	gerechent
reiden	-	-	reits	reit	-	reit	-	reit	reit	geridden
reiwen	-	-	reifs	reift	-	reift	-	reif	reift	geriwwen
rennen	-	-	-	-	-	-	-	-	-	gerannt
richen	-	-	-	-	-	-	-	-	-	geroch
rieden	-	-	riets	riet	-	riet	-	riet	riet	geriet
riichtbéien	-	-	-	-	-	-	-	-	-	riichtgebéit
roden	-	-	réits	réit	-	rot	-	rot	rot	geroden
rosen	-	-	-	-	-	-	-	-	-	geroost
rueden	-	-	ruets	ruet	-	ruet	-	ruet	ruet	geruet
ruffen	-	-	riffs	rifft	-	-	-	-	-	geruff
räissen	-	-	-	-	-	-	-	-	-	gerass
réieren	-	-	-	-	-	-	-	-	-	geréiert
sangen	-	-	séngs	séngt	-	-	-	-	-	gesongen
saufen	-	-	säifs	säift	-	-	-	-	-	gesoff
schafen	-	-	schaafs	schaaft	-	schaaft	-	-	schaaft	geschaaft
schalen	-	-	schaals	schaalt	-	schaalt	-	-	schaalt	geschaalt
scheeden	-	-	scheets	scheet	-	scheet	-	scheet	scheet	gescheet
schieren	-	-	-	-	-	-	-	-	-	geschuer
schloen	-	-	schléis	schléit	-	-	-	-	-	geschloen
schlofen	-	-	schléifs	schléift	-	schlooft	-	-	schlooft	geschlof
schläichen	-	-	-	-	-	-	-	-	-	geschlach
schläifen	-	-	-	-	-	-	-	-	-	geschlaff
schläissen	-	-	-	-	-	-	-	-	-	geschlass
schléissen	-	-	-	-	-	-	-	-	-	geschloss
schmidden	-	-	schmitts	schmitt	-	schmitt	-	schmitt	schmitt	geschmitt
schmusen	-	-	-	-	-	-	-	-	-	geschmusst
schmäissen	-	-	-	-	-	-	-	-	-	geschmass
schneiden	-	-	schneits	schneit	-	schneit	-	schneit	schneit	geschnidden
schreiwen	-	-	schreifs	schreift	-	schreift	-	schreif	schreift	geschriwwen
schwaachfalen	-	-	-	-	-	-	-	-	-	geschwaachfaalt
schwammen	-	-	schwëmms	schwëmmt	-	-	-	-	-	geschwommen
schwieren	-	-	-	-	-	-	-	-	-	geschwuer
schwiewen	-	-	schwiefs	schwieft	-	schwieft	-	schwief	schwieft	geschwieft
schwätzen	-	-	-	-	-	-	-	-	-	geschwat
schwéngen	-	-	-	-	-	-	-	-	-	geschwongen
schwëllen	-	-	-	-	-	-	-	-	-	geschwollen
schäissen	-	-	-	-	-	-	-	-	-	geschass
schéissen	-	-	-	-	-	-	-	-	-	geschoss
schëdden	-	-	schëtts	schëtt	-	schëtt	-	schëtt	schëtt	geschott
schënnen	-	-	-	-	-	-	-	-	-	geschannt
setzen	-	-	-	-	-	-	-	-	-	gesat
sinn	sinn	sinn	bass	ass	sinn	sidd	sinn	sief	sidd	gewiescht
sollen	-	-	-	-	-	-	-	-	-	sollen
spanen	-	-	-	-	-	-	-	-	-	gespaant
spannen	-	-	spënns	spënnt	-	-	-	-	-	gesponnen
spionéieren	spionéierten	spionéierten	spionéierts	-	spionéierten	-	spionéierten	spionéiert	-	-
spiren	-	-	spiers	spiert	-	spiert	-	-	spiert	gespuert
spläissen	-	-	-	-	-	-	-	-	-	gesplass
sprangen	-	-	spréngs	spréngt	-	-	-	-	-	gesprongen
spreeden	-	-	spreets	spreet	-	spreet	-	spreet	spreet	gespreet
spriechen	-	-	spréchs	sprécht	-	-	-	-	-	gesprach
späizen	-	-	-	-	-	-	-	-	-	gespaut
spären	-	-	späers	späert	-	späert	-	-	späert	gespaart
stamen	-	-	staams	staamt	-	staamt	-	-	staamt	gestaamt
steiwen	-	-	steifs	steift	-	steift	-	steif	steift	gesteift
stellen	-	-	-	-	-	-	-	-	-	gestallt
stiechen	-	-	stéchs	stécht	-	-	-	-	-	gestach
stielen	-	-	-	-	-	-	-	-	-	gestuel
stierwen	-	-	stierfs	stierft	-	stierft	-	stierf	stierft	gestuerwen
stoen	-	-	-	-	-	-	-	-	-	gestan
stoussen	-	-	stéiss	stéisst	-	-	-	-	-	gestouss
streiden	-	-	streits	streit	-	streit	-	streit	streit	gestridden
striewen	-	-	striefs	strieft	-	strieft	-	strief	strieft	gestrieft
strofen	-	-	stroofs	strooft	-	strooft	-	-	strooft	gestrooft
sträichen	-	-	-	-	-	-	-	-	-	gestrach
sténken	-	-	-	-	-	-	-	-	-	gestonk
sécherstellen	-	-	-	-	-	-	-	-	-	séchergestallt
sénken	-	-	-	-	-	-	-	-	-	gesonk
sëtzen	-	-	-	-	-	-	-	-	-	gesiess
tachtelen	-	-	-	-	-	-	-	-	-	gedosch
treffen	-	-	trëffs	trëfft	-	-	-	-	-	getraff
trieden	-	-	-	-	-	-	-	-	-	getratt
trëllen	-	-	-	-	-	-	-	-	-	getrollt
ubauen	-	-	-	-	-	-	-	-	-	ugebaut
ubieden	-	-	-	-	-	-	-	-	-	ugebiet
ufillen	-	-	-	-	-	-	-	-	-	ugefillt
ufänken	-	-	-	-	-	-	-	-	-	ugefaang
ugesinn	ugesinn	-	-	-	-	-	-	-	-	ugesinn
uklicken	-	-	-	-	-	-	-	-	-	ugeklickt
ukommen	-	-	-	-	-	-	-	-	-	ukomm
ukucken	-	-	-	-	-	-	-	-	-	ugekuckt
uleeën	-	-	-	-	-	-	-	-	-	ugeluecht
umaachen	-	-	-	-	-	-	-	-	-	ugemaach
umellen	-	-	-	-	-	-	-	-	-	ugemellt
unerkennen	-	-	-	-	-	-	-	-	-	unerkannt
unhuelen	-	-	-	-	-	-	-	-	-	ugeholl
uruffen	-	-	-	-	-	-	-	-	-	ugerufft
uschléissen	-	-	-	-	-	-	-	-	-	ugeschloss
uschreiwen	-	-	-	-	-	-	-	-	-	ugeschriwwen
uspillen	-	-	-	-	-	-	-	-	-	ugespillt
uspriechen	-	-	-	-	-	-	-	-	-	ugesprach
uvertrauen	-	-	-	-	-	-	-	-	-	uvertraut
verbannen	-	-	verbënns	verbënnt	-	-	-	-	-	verbonnen
verbidden	-	-	verbitts	verbitt	-	verbitt	-	verbitt	verbitt	verbueden
verbréngen	-	-	-	-	-	-	-	-	-	verbruecht
verdroen	-	-	verdréis	verdréit	-	-	-	-	-	verdroen
vergiessen	-	-	vergëss	vergësst	-	-	-	-	-	vergiess
verginn	verginn	verginn	vergëss	vergëtt	verginn	vergitt	verginn	vergëff	vergitt	verginn
vergläichen	-	-	-	-	-	-	-	-	-	verglach
vergoen	-	-	-	-	-	-	-	-	-	vergaang
verhalen	-	-	verhäls	verhält	-	verhaalt	-	-	verhaalt	verhalen
verkafen	-	-	verkeefs	verkeeft	-	verkaaft	-	-	verkaaft	verkaaft
verloossen	-	-	verléiss	verléisst	-	-	-	-	-	verlooss
verléiwen	-	-	verléifs	verléift	-	verléift	-	verléif	verléift	verléift
verroden	-	-	-	-	-	-	-	-	-	verroden
verschléissen	-	-	-	-	-	-	-	-	-	verschloss
verschreiwen	-	-	verschreifs	verschreift	-	verschreift	-	verschreif	verschreift	verschriwwen
verschwieren	-	-	-	-	-	-	-	-	-	verschwuer
versetzen	-	-	-	-	-	-	-	-	-	versat
verspriechen	-	-	verspréchs	versprécht	-	-	-	-	-	versprach
verstoen	-	-	-	-	-	-	-	-	-	verstan
vertrieden	-	-	-	-	-	-	-	-	-	vertratt
verzeien	-	-	-	-	-	-	-	-	-	verzien
virgesinn	virgesinn	-	-	-	-	-	-	-	-	virgesinn
virschreiwen	-	-	-	-	-	-	-	-	-	virgeschriwwen
virspillen	-	-	-	-	-	-	-	-	-	virgespillt
virstellen	-	-	-	-	-	-	-	-	-	virgestallt
waarden	-	-	waarts	waart	-	waart	-	waart	waart	gewaart
weeden	-	-	weets	weet	-	weet	-	weet	weet	geweet
weisen	-	-	-	-	-	-	-	-	-	gewisen
wennen	-	-	-	-	-	-	-	-	-	gewannt
werfen	-	-	wërfs	wërft	-	-	-	-	-	geworf
wierfen	-	-	-	-	-	-	-	-	-	gewuerf
wiewen	-	-	wiefs	wieft	-	wieft	-	wief	wieft	gewieft
wäichen	-	-	-	-	-	-	-	-	-	gewach
wäschen	-	-	-	-	-	-	-	-	-	gewäsch
wénken	-	-	-	-	-	-	-	-	-	gewonk
wëllen	-	-	-	-	-	-	-	-	-	gewollt
wëssen	-	-	-	-	-	-	-	-	-	gewosst
zeechnen	-	-	zeechens	zeechent	-	zeechent	-	zeechen	zeechent	gezeechent
zersetzen	-	-	-	-	-	-	-	-	-	zersat
zeréckbleiwen	-	-	-	-	-	-	-	-	-	zeréckbliwwen
zeréckbréngen	-	-	-	-	-	-	-	-	-	zeréckbruecht
zeréckdenken	-	-	-	-	-	-	-	-	-	zeréckgeduecht
zeréckdrécken	-	-	-	-	-	-	-	-	-	zeréckgedréckt
zeréckdréien	-	-	-	-	-	-	-	-	-	zeréckgedréit
zeréckfannen	-	-	-	-	-	-	-	-	-	zeréckfonnt
zeréckkafen	-	-	-	-	-	-	-	-	-	zeréckkaaft
zeréckschreiwen	-	-	-	-	-	-	-	-	-	zeréckgeschriwwen
zerécksetzen	-	-	-	-	-	-	-	-	-	zeréckgesat
zeréckzéien	-	-	-	-	-	-	-	-	-	zeréckgezunn
zilen	-	-	ziils	ziilt	-	ziilt	-	-	ziilt	geziilt
zoudroen	-	-	-	-	-	-	-	-	-	zougedroen
zoumaachen	-	-	-	-	-	-	-	-	-	zougemaach
zouneelen	-	-	-	-	-	-	-	-	-	zougeneelt
zousetzen	-	-	-	-	-	-	-	-	-	zougesat
zouspillen	-	-	-	-	-	-	-	-	-	zougespillt
zouspriechen	-	-	-	-	-	-	-	-	-	zougesprach
zwéngen	-	-	-	-	-	-	-	-	-	gezwongen
zéien	-	-	zitts	zitt	-	-	-	-	-	gezunn
éieren	-	-	-	-	-	-	-	-	-	geéiert
ëmbréngen	-	-	-	-	-	-	-	-	-	ëmbruecht
ëmdoen	-	-	-	-	-	-	-	-	-	ëmgedoen
ëmdréien	-	-	-	-	-	-	-	-	-	ëmgedréit
ëmleeën	-	-	-	-	-	-	-	-	-	ëmgeluecht
ëmschreiwen	-	-	-	-	-	-	-	-	-	ëmgeschriwwen
ëmsetzen	-	-	-	-	-	-	-	-	-	ëmgesat
ëmsteigen	-	-	-	-	-	-	-	-	-	ëmgestigen
ëmstellen	-	-	-	-	-	-	-	-	-	ëmstallt
ëmänneren	-	-	-	-	-	-	-	-	-	ëmgeännert
ënnerbréngen	-	-	-	-	-	-	-	-	-	ënnerbruecht
ënnerhillegen	-	-	-	-	-	-	-	-	-	ënnerhillegt
ënnerhuelen	-	-	ënnerhëls	ënnerhëlt	-	-	-	-	-	ënnerholl
ënnerleeën	-	-	-	-	-	-	-	-	-	ënnergeluecht
ënnerleien	-	-	ënnerläis	ënnerläit	-	-	-	-	-	ënnerleeën
ënnermaueren	-	-	-	-	-	-	-	-	-	ënnermauert
ënnerriichten	-	-	-	-	-	-	-	-	-	ënnerriicht
ënnerschreiwen	-	-	ënnerschreifs	ënnerschreift	-	ënnerschreift	-	ënnerschreif	ënnerschreift	ënnerschriwwen
ënnerschätzen	-	-	-	-	-	-	-	-	-	ënnerschat
ënnersichen	-	-	-	-	-	-	-	-	-	ënnersicht
ënnerstellen	-	-	-	-	-	-	-	-	-	ënnerstallt
ënnersträichen	-	-	-	-	-	-	-	-	-	ënnerstrach
ënnerstëtzen	-	-	-	-	-	-	-	-	-	ënnerstëtzt
ënnertunnelen	-	-	-	-	-	-	-	-	-	ënnertunnelt
