# lemma	features	form
# Mined weak-root residue: cells the rules do not reach (doubly-weak
# and hamza-hollow roots). Regenerate with scripts/ara/mine_overrides.py.
آثر	V;1;ACT;IND;IPFV;SG	أُوثِرُ
آثر	V;1;ACT;JUS;SG	أُوثِرْ
آثر	V;1;ACT;SBJV;SG	أُوثِرَ
آثر	V;1;IND;IPFV;PASS;SG	أُوثَرُ
آثر	V;1;JUS;PASS;SG	أُوثَرْ
آثر	V;1;PASS;SBJV;SG	أُوثَرَ
آثر	V;2;ACT;FEM;IMP;PL	آثِرْنَ
آثر	V;2;ACT;FEM;IMP;SG	آثِرِي
آثر	V;2;ACT;IMP;MASC;SG	آثِرْ
آض	V;1;ACT;IND;PL;PRF;PST	إِضْنَا
آض	V;1;ACT;IND;PRF;PST;SG	إِضْتُ
آض	V;2;ACT;FEM;IMP;PL	إِضْنَ
آض	V;2;ACT;FEM;IMP;SG	إِيضِي
آض	V;2;ACT;FEM;IND;PL;PRF;PST	إِضْتُنَّ
آض	V;2;ACT;FEM;IND;PRF;PST;SG	إِضْتِ
آض	V;2;ACT;IMP;MASC;SG	إِضْ
آض	V;2;ACT;IND;MASC;PL;PRF;PST	إِضْتُمْ
آض	V;2;ACT;IND;MASC;PRF;PST;SG	إِضْتَ
آض	V;3;ACT;FEM;IND;PL;PRF;PST	إِضْنَ
أبى	V;1;IND;IPFV;PASS;SG	أُؤَبَّى
أبى	V;1;JUS;PASS;SG	أُؤَبَّ
أبى	V;1;PASS;SBJV;SG	أُؤَبَّى
أشع	V;2;ACT;FEM;IMP;PL	أَشْعِعْنَ
أشع	V;2;ACT;FEM;IMP;SG	أَشِعِّي
أشع	V;2;ACT;IMP;MASC;SG	أَشِعَّ
أضاء	V;1;ACT;IND;PL;PRF;PST	أَضَأْنَا
أضاء	V;1;ACT;IND;PRF;PST;SG	أَضَأْتُ
أضاء	V;1;ACT;JUS;PL	نُضِئْ
أضاء	V;1;ACT;JUS;SG	أُضِئْ
أضاء	V;1;IND;PASS;PL;PRF;PST	أُضِئْنَا
أضاء	V;1;IND;PASS;PRF;PST;SG	أُضِئْتُ
أضاء	V;1;JUS;PASS;PL	نُضَأْ
أضاء	V;1;JUS;PASS;SG	أُضَأْ
أضاء	V;2;ACT;FEM;IMP;PL	أَضِئْنَ
أضاء	V;2;ACT;FEM;IMP;SG	أَضِيئِي
أضاء	V;2;ACT;FEM;IND;IPFV;PL	تُضِئْنَ
أضاء	V;2;ACT;FEM;IND;IPFV;SG	تُضِيئِينَ
أضاء	V;2;ACT;FEM;IND;PL;PRF;PST	أَضَأْتُنَّ
أضاء	V;2;ACT;FEM;IND;PRF;PST;SG	أَضَأْتِ
أضاء	V;2;ACT;FEM;JUS;PL	تُضِئْنَ
أضاء	V;2;ACT;FEM;JUS;SG	تُضِيئِي
أضاء	V;2;ACT;FEM;PL;SBJV	تُضِئْنَ
أضاء	V;2;ACT;FEM;SBJV;SG	تُضِيئِي
أضاء	V;2;ACT;IMP;MASC;SG	أَضِئْ
أضاء	V;2;ACT;IND;IPFV;MASC;PL	tuḍīʔūna
أضاء	V;2;ACT;IND;MASC;PL;PRF;PST	أَضَأْتُمْ
أضاء	V;2;ACT;IND;MASC;PRF;PST;SG	أَضَأْتَ
أضاء	V;2;ACT;JUS;MASC;SG	تُضِئْ
أضاء	V;2;FEM;IND;IPFV;PASS;PL	تُضَأْنَ
أضاء	V;2;FEM;IND;IPFV;PASS;SG	تُضَائِينَ
أضاء	V;2;FEM;IND;PASS;PL;PRF;PST	أُضِئْتُنَّ
أضاء	V;2;FEM;IND;PASS;PRF;PST;SG	أُضِئْتِ
أضاء	V;2;FEM;JUS;PASS;PL	تُضَأْنَ
أضاء	V;2;FEM;JUS;PASS;SG	تُضَائِي
أضاء	V;2;FEM;PASS;PL;SBJV	تُضَأْنَ
أضاء	V;2;FEM;PASS;SBJV;SG	تُضَائِي
أضاء	V;2;IND;IPFV;MASC;PASS;PL	tuḍāʔūna
أضاء	V;2;IND;MASC;PASS;PL;PRF;PST	أُضِئْتُمْ
أضاء	V;2;IND;MASC;PASS;PRF;PST;SG	أُضِئْتَ
أضاء	V;2;JUS;MASC;PASS;SG	تُضَأْ
أضاء	V;3;ACT;DU;FEM;IND;IPFV	تُضِيئَانِ
أضاء	V;3;ACT;DU;FEM;JUS	تُضِيئَا
أضاء	V;3;ACT;DU;FEM;SBJV	تُضِيئَا
أضاء	V;3;ACT;DU;IND;IPFV;MASC	يُضِيئَانِ
أضاء	V;3;ACT;DU;JUS;MASC	يُضِيئَا
أضاء	V;3;ACT;DU;MASC;SBJV	يُضِيئَا
أضاء	V;3;ACT;FEM;IND;IPFV;PL	يُضِئْنَ
أضاء	V;3;ACT;FEM;IND;PL;PRF;PST	أَضَأْنَ
أضاء	V;3;ACT;FEM;JUS;PL	يُضِئْنَ
أضاء	V;3;ACT;FEM;JUS;SG	تُضِئْ
أضاء	V;3;ACT;FEM;PL;SBJV	يُضِئْنَ
أضاء	V;3;ACT;IND;IPFV;MASC;PL	yuḍīʔūna
أضاء	V;3;ACT;IND;MASC;PL;PRF;PST	ʔaḍāʔū
أضاء	V;3;ACT;JUS;MASC;SG	يُضِئْ
أضاء	V;3;DU;FEM;IND;PASS;PRF;PST	أُضِيئَتَا
أضاء	V;3;DU;IND;MASC;PASS;PRF;PST	أُضِيئَا
أضاء	V;3;FEM;IND;IPFV;PASS;PL	يُضَأْنَ
أضاء	V;3;FEM;IND;PASS;PL;PRF;PST	أُضِئْنَ
أضاء	V;3;FEM;IND;PASS;PRF;PST;SG	أُضِيئَتْ
أضاء	V;3;FEM;JUS;PASS;PL	يُضَأْنَ
أضاء	V;3;FEM;JUS;PASS;SG	تُضَأْ
أضاء	V;3;FEM;PASS;PL;SBJV	يُضَأْنَ
أضاء	V;3;IND;IPFV;MASC;PASS;PL	yuḍāʔūna
أضاء	V;3;IND;MASC;PASS;PL;PRF;PST	ʔuḍīʔū
أضاء	V;3;JUS;MASC;PASS;SG	يُضَأْ
ألمن	V;2;ACT;FEM;IMP;PL	أَلْمِنَّ
ألمن	V;2;ACT;FEM;IMP;SG	أَلْمِنِي
ألمن	V;2;ACT;IMP;MASC;SG	أَلْمِنْ
أمرك	V;2;ACT;FEM;IMP;PL	أَمْرِكْنَ
أمرك	V;2;ACT;FEM;IMP;SG	أَمْرِكِي
أمرك	V;2;ACT;IMP;MASC;SG	أَمْرِكْ
أودع	V;2;ACT;FEM;IMP;PL	أَوْدِعْنَ
أودع	V;2;ACT;FEM;IMP;SG	أَوْدِعِي
أودع	V;2;ACT;IMP;MASC;SG	أَوْدِعْ
أوى	V;1;ACT;IND;IPFV;PL	نَأْوِي
أوى	V;1;ACT;IND;IPFV;SG	آوِي
أوى	V;1;ACT;IND;PL;PRF;PST	أَوَيْنَا
أوى	V;1;ACT;IND;PRF;PST;SG	أَوَيْتُ
أوى	V;1;ACT;JUS;PL	نَأْوِ
أوى	V;1;ACT;JUS;SG	آوِ
أوى	V;1;IND;IPFV;PASS;PL	نُؤَوَّى
أوى	V;1;IND;IPFV;PASS;SG	أُؤَوَّى
أوى	V;1;IND;PASS;PL;PRF;PST	أُوِينَا
أوى	V;1;IND;PASS;PRF;PST;SG	أُوِيتُ
أوى	V;1;JUS;PASS;PL	نُؤَوَّ
أوى	V;1;JUS;PASS;SG	أُؤَوَّ
أوى	V;1;PASS;PL;SBJV	نُؤَوَّى
أوى	V;1;PASS;SBJV;SG	أُؤَوَّى
أوى	V;2;ACT;FEM;IND;IPFV;PL	تَأْوِينَ
أوى	V;2;ACT;FEM;IND;IPFV;SG	تَأْوِينَ
أوى	V;2;ACT;FEM;IND;PL;PRF;PST	أَوَيْتُنَّ
أوى	V;2;ACT;FEM;IND;PRF;PST;SG	أَوَيْتِ
أوى	V;2;ACT;FEM;JUS;PL	تَأْوِينَ
أوى	V;2;ACT;FEM;JUS;SG	تَأْوِي
أوى	V;2;ACT;FEM;PL;SBJV	تَأْوِينَ
أوى	V;2;ACT;FEM;SBJV;SG	تَأْوِي
أوى	V;2;ACT;IND;IPFV;MASC;PL	تَأْوُونَ
أوى	V;2;ACT;IND;IPFV;MASC;SG	تَأْوِي
أوى	V;2;ACT;IND;MASC;PL;PRF;PST	أَوَيْتُمْ
أوى	V;2;ACT;IND;MASC;PRF;PST;SG	أَوَيْتَ
أوى	V;2;ACT;JUS;MASC;PL	تَأْوُوا
أوى	V;2;ACT;JUS;MASC;SG	تَأْوِ
أوى	V;2;ACT;MASC;PL;SBJV	تَأْوُوا
أوى	V;2;FEM;IND;IPFV;PASS;PL	تُؤَوَّيْنَ
أوى	V;2;FEM;IND;IPFV;PASS;SG	تُؤَوَّيْنَ
أوى	V;2;FEM;IND;PASS;PL;PRF;PST	أُوِيتُنَّ
أوى	V;2;FEM;IND;PASS;PRF;PST;SG	أُوِيتِ
أوى	V;2;FEM;JUS;PASS;PL	تُؤَوَّيْنَ
أوى	V;2;FEM;JUS;PASS;SG	تُؤَوَّيْ
أوى	V;2;FEM;PASS;PL;SBJV	تُؤَوَّيْنَ
أوى	V;2;FEM;PASS;SBJV;SG	تُؤَوَّيْ
أوى	V;2;IND;IPFV;MASC;PASS;PL	تُؤَوَّوْنَ
أوى	V;2;IND;IPFV;MASC;PASS;SG	تُؤَوَّى
أوى	V;2;IND;MASC;PASS;PL;PRF;PST	أُوِيتُمْ
أوى	V;2;IND;MASC;PASS;PRF;PST;SG	أُوِيتَ
أوى	V;2;JUS;MASC;PASS;PL	تُؤَوَّوْا
أوى	V;2;JUS;MASC;PASS;SG	تُؤَوَّ
أوى	V;2;MASC;PASS;PL;SBJV	تُؤَوَّوْا
أوى	V;2;MASC;PASS;SBJV;SG	تُؤَوَّى
أوى	V;3;ACT;DU;FEM;IND;PRF;PST	أَوَتَا
أوى	V;3;ACT;DU;IND;MASC;PRF;PST	أَوَيَا
أوى	V;3;ACT;FEM;IND;IPFV;PL	يَأْوِينَ
أوى	V;3;ACT;FEM;IND;IPFV;SG	تَأْوِي
أوى	V;3;ACT;FEM;IND;PL;PRF;PST	أَوَيْنَ
أوى	V;3;ACT;FEM;IND;PRF;PST;SG	أَوَتْ
أوى	V;3;ACT;FEM;JUS;PL	يَأْوِينَ
أوى	V;3;ACT;FEM;JUS;SG	تَأْوِ
أوى	V;3;ACT;FEM;PL;SBJV	يَأْوِينَ
أوى	V;3;ACT;IND;IPFV;MASC;PL	يَأْوُونَ
أوى	V;3;ACT;IND;IPFV;MASC;SG	يَأْوِي
أوى	V;3;ACT;IND;MASC;PL;PRF;PST	أَوَوْا
أوى	V;3;ACT;IND;MASC;PRF;PST;SG	أَوَى
أوى	V;3;ACT;JUS;MASC;PL	يَأْوُوا
أوى	V;3;ACT;JUS;MASC;SG	يَأْوِ
أوى	V;3;ACT;MASC;PL;SBJV	يَأْوُوا
أوى	V;3;DU;FEM;IND;IPFV;PASS	تُؤَوَّيَانِ
أوى	V;3;DU;FEM;JUS;PASS	تُؤَوَّيَا
أوى	V;3;DU;FEM;PASS;SBJV	تُؤَوَّيَا
أوى	V;3;DU;IND;IPFV;MASC;PASS	يُؤَوَّيَانِ
أوى	V;3;DU;JUS;MASC;PASS	يُؤَوَّيَا
أوى	V;3;DU;MASC;PASS;SBJV	يُؤَوَّيَا
أوى	V;3;FEM;IND;IPFV;PASS;PL	يُؤَوَّيْنَ
أوى	V;3;FEM;IND;IPFV;PASS;SG	تُؤَوَّى
أوى	V;3;FEM;IND;PASS;PL;PRF;PST	أُوِينَ
أوى	V;3;FEM;JUS;PASS;PL	يُؤَوَّيْنَ
أوى	V;3;FEM;JUS;PASS;SG	تُؤَوَّ
أوى	V;3;FEM;PASS;PL;SBJV	يُؤَوَّيْنَ
أوى	V;3;FEM;PASS;SBJV;SG	تُؤَوَّى
أوى	V;3;IND;IPFV;MASC;PASS;PL	يُؤَوَّوْنَ
أوى	V;3;IND;IPFV;MASC;PASS;SG	يُؤَوَّى
أوى	V;3;IND;MASC;PASS;PL;PRF;PST	أُوُوا
أوى	V;3;JUS;MASC;PASS;PL	يُؤَوَّوْا
أوى	V;3;JUS;MASC;PASS;SG	يُؤَوَّ
أوى	V;3;MASC;PASS;PL;SBJV	يُؤَوَّوْا
أوى	V;3;MASC;PASS;SBJV;SG	يُؤَوَّى
أيقن	V;2;ACT;FEM;IMP;PL	أَيْقِنَّ
أيقن	V;2;ACT;FEM;IMP;SG	أَيْقِنِي
أيقن	V;2;ACT;IMP;MASC;SG	أَيْقِنْ
ائتم	V;1;IND;IPFV;PASS;SG	أُوتَمُّ
ائتم	V;1;JUS;PASS;SG	أُوتَمَمْ
ائتم	V;1;PASS;SBJV;SG	أُوتَمَّ
ائتم	V;2;ACT;FEM;IMP;PL	اِئْتَمِمْنَ
ائتم	V;2;ACT;FEM;IMP;SG	اِئْتَمِّي
ائتم	V;2;ACT;IMP;MASC;SG	اِئْتَمَّ
ائتمر	V;2;ACT;FEM;IMP;PL	اِئْتَمِرْنَ
ائتمر	V;2;ACT;FEM;IMP;SG	اِئْتَمِرِي
ائتمر	V;2;ACT;IMP;MASC;SG	اِئْتَمِرْ
احتوى	V;1;ACT;IND;IPFV;PL	نَحْتَوِي
احتوى	V;1;ACT;IND;IPFV;SG	أَحْتَوِي
احتوى	V;1;ACT;IND;PL;PRF;PST	اِحْتَوَيْنَا
احتوى	V;1;ACT;IND;PRF;PST;SG	اِحْتَوَيْتُ
احتوى	V;1;ACT;JUS;PL	نَحْتَوِ
احتوى	V;1;ACT;JUS;SG	أَحْتَوِ
احتوى	V;1;IND;IPFV;PASS;PL	نُحْتَوَى
احتوى	V;1;IND;IPFV;PASS;SG	أُحْتَوَى
احتوى	V;1;IND;PASS;PL;PRF;PST	اُحْتُوِينَا
احتوى	V;1;IND;PASS;PRF;PST;SG	اُحْتُوِيتُ
احتوى	V;1;JUS;PASS;PL	نُحْتَوَ
احتوى	V;1;JUS;PASS;SG	أُحْتَوَ
احتوى	V;1;PASS;PL;SBJV	نُحْتَوَى
احتوى	V;1;PASS;SBJV;SG	أُحْتَوَى
احتوى	V;2;ACT;FEM;IMP;PL	اِحْتَوِينَ
احتوى	V;2;ACT;FEM;IMP;SG	اِحْتَوِي
احتوى	V;2;ACT;FEM;IND;IPFV;PL	تَحْتَوِينَ
احتوى	V;2;ACT;FEM;IND;IPFV;SG	تَحْتَوِينَ
احتوى	V;2;ACT;FEM;IND;PL;PRF;PST	اِحْتَوَيْتُنَّ
احتوى	V;2;ACT;FEM;IND;PRF;PST;SG	اِحْتَوَيْتِ
احتوى	V;2;ACT;FEM;JUS;PL	تَحْتَوِينَ
احتوى	V;2;ACT;FEM;JUS;SG	تَحْتَوِي
احتوى	V;2;ACT;FEM;PL;SBJV	تَحْتَوِينَ
احتوى	V;2;ACT;FEM;SBJV;SG	تَحْتَوِي
احتوى	V;2;ACT;IMP;MASC;PL	اِحْتَوُوا
احتوى	V;2;ACT;IMP;MASC;SG	اِحْتَوِ
احتوى	V;2;ACT;IND;IPFV;MASC;PL	تَحْتَوُونَ
احتوى	V;2;ACT;IND;IPFV;MASC;SG	تَحْتَوِي
احتوى	V;2;ACT;IND;MASC;PL;PRF;PST	اِحْتَوَيْتُمْ
احتوى	V;2;ACT;IND;MASC;PRF;PST;SG	اِحْتَوَيْتَ
احتوى	V;2;ACT;JUS;MASC;PL	تَحْتَوُوا
احتوى	V;2;ACT;JUS;MASC;SG	تَحْتَوِ
احتوى	V;2;ACT;MASC;PL;SBJV	تَحْتَوُوا
احتوى	V;2;FEM;IND;IPFV;PASS;PL	تُحْتَوَيْنَ
احتوى	V;2;FEM;IND;IPFV;PASS;SG	تُحْتَوَيْنَ
احتوى	V;2;FEM;IND;PASS;PL;PRF;PST	اُحْتُوِيتُنَّ
احتوى	V;2;FEM;IND;PASS;PRF;PST;SG	اُحْتُوِيتِ
احتوى	V;2;FEM;JUS;PASS;PL	تُحْتَوَيْنَ
احتوى	V;2;FEM;JUS;PASS;SG	تُحْتَوَيْ
احتوى	V;2;FEM;PASS;PL;SBJV	تُحْتَوَيْنَ
احتوى	V;2;FEM;PASS;SBJV;SG	تُحْتَوَيْ
احتوى	V;2;IND;IPFV;MASC;PASS;PL	تُحْتَوَوْنَ
احتوى	V;2;IND;IPFV;MASC;PASS;SG	تُحْتَوَى
احتوى	V;2;IND;MASC;PASS;PL;PRF;PST	اُحْتُوِيتُمْ
احتوى	V;2;IND;MASC;PASS;PRF;PST;SG	اُحْتُوِيتَ
احتوى	V;2;JUS;MASC;PASS;PL	تُحْتَوَوْا
احتوى	V;2;JUS;MASC;PASS;SG	تُحْتَوَ
احتوى	V;2;MASC;PASS;PL;SBJV	تُحْتَوَوْا
احتوى	V;2;MASC;PASS;SBJV;SG	تُحْتَوَى
احتوى	V;3;ACT;DU;FEM;IND;PRF;PST	اِحْتَوَتَا
احتوى	V;3;ACT;DU;IND;MASC;PRF;PST	اِحْتَوَيَا
احتوى	V;3;ACT;FEM;IND;IPFV;PL	يَحْتَوِينَ
احتوى	V;3;ACT;FEM;IND;IPFV;SG	تَحْتَوِي
احتوى	V;3;ACT;FEM;IND;PL;PRF;PST	اِحْتَوَيْنَ
احتوى	V;3;ACT;FEM;IND;PRF;PST;SG	اِحْتَوَتْ
احتوى	V;3;ACT;FEM;JUS;PL	يَحْتَوِينَ
احتوى	V;3;ACT;FEM;JUS;SG	تَحْتَوِ
احتوى	V;3;ACT;FEM;PL;SBJV	يَحْتَوِينَ
احتوى	V;3;ACT;IND;IPFV;MASC;PL	يَحْتَوُونَ
احتوى	V;3;ACT;IND;IPFV;MASC;SG	يَحْتَوِي
احتوى	V;3;ACT;IND;MASC;PL;PRF;PST	اِحْتَوَوْا
احتوى	V;3;ACT;IND;MASC;PRF;PST;SG	اِحْتَوَى
احتوى	V;3;ACT;JUS;MASC;PL	يَحْتَوُوا
احتوى	V;3;ACT;JUS;MASC;SG	يَحْتَوِ
احتوى	V;3;ACT;MASC;PL;SBJV	يَحْتَوُوا
احتوى	V;3;DU;FEM;IND;IPFV;PASS	تُحْتَوَيَانِ
احتوى	V;3;DU;FEM;JUS;PASS	تُحْتَوَيَا
احتوى	V;3;DU;FEM;PASS;SBJV	تُحْتَوَيَا
احتوى	V;3;DU;IND;IPFV;MASC;PASS	يُحْتَوَيَانِ
احتوى	V;3;DU;JUS;MASC;PASS	يُحْتَوَيَا
احتوى	V;3;DU;MASC;PASS;SBJV	يُحْتَوَيَا
احتوى	V;3;FEM;IND;IPFV;PASS;PL	يُحْتَوَيْنَ
احتوى	V;3;FEM;IND;IPFV;PASS;SG	تُحْتَوَى
احتوى	V;3;FEM;IND;PASS;PL;PRF;PST	اُحْتُوِينَ
احتوى	V;3;FEM;JUS;PASS;PL	يُحْتَوَيْنَ
احتوى	V;3;FEM;JUS;PASS;SG	تُحْتَوَ
احتوى	V;3;FEM;PASS;PL;SBJV	يُحْتَوَيْنَ
احتوى	V;3;FEM;PASS;SBJV;SG	تُحْتَوَى
احتوى	V;3;IND;IPFV;MASC;PASS;PL	يُحْتَوَوْنَ
احتوى	V;3;IND;IPFV;MASC;PASS;SG	يُحْتَوَى
احتوى	V;3;IND;MASC;PASS;PL;PRF;PST	اُحْتُوُوا
احتوى	V;3;JUS;MASC;PASS;PL	يُحْتَوَوْا
احتوى	V;3;JUS;MASC;PASS;SG	يُحْتَوَ
احتوى	V;3;MASC;PASS;PL;SBJV	يُحْتَوَوْا
احتوى	V;3;MASC;PASS;SBJV;SG	يُحْتَوَى
استاء	V;1;ACT;IND;PL;PRF;PST	اِسْتَأْنَا
استاء	V;1;ACT;IND;PRF;PST;SG	اِسْتَأْتُ
استاء	V;1;ACT;JUS;PL	نَسْتَأْ
استاء	V;1;ACT;JUS;SG	أَسْتَأْ
استاء	V;2;ACT;FEM;IMP;PL	اِسْتَأْنَ
استاء	V;2;ACT;FEM;IMP;SG	اِسْتَائِي
استاء	V;2;ACT;FEM;IND;IPFV;PL	تَسْتَأْنَ
استاء	V;2;ACT;FEM;IND;IPFV;SG	تَسْتَائِينَ
استاء	V;2;ACT;FEM;IND;PL;PRF;PST	اِسْتَأْتُنَّ
استاء	V;2;ACT;FEM;IND;PRF;PST;SG	اِسْتَأْتِ
استاء	V;2;ACT;FEM;JUS;PL	تَسْتَأْنَ
استاء	V;2;ACT;FEM;JUS;SG	تَسْتَائِي
استاء	V;2;ACT;FEM;PL;SBJV	تَسْتَأْنَ
استاء	V;2;ACT;FEM;SBJV;SG	تَسْتَائِي
استاء	V;2;ACT;IMP;MASC;SG	اِسْتَأْ
استاء	V;2;ACT;IND;IPFV;MASC;PL	tastāʔūna
استاء	V;2;ACT;IND;MASC;PL;PRF;PST	اِسْتَأْتُمْ
استاء	V;2;ACT;IND;MASC;PRF;PST;SG	اِسْتَأْتَ
استاء	V;2;ACT;JUS;MASC;SG	تَسْتَأْ
استاء	V;3;ACT;FEM;IND;IPFV;PL	يَسْتَأْنَ
استاء	V;3;ACT;FEM;IND;PL;PRF;PST	اِسْتَأْنَ
استاء	V;3;ACT;FEM;JUS;PL	يَسْتَأْنَ
استاء	V;3;ACT;FEM;JUS;SG	تَسْتَأْ
استاء	V;3;ACT;FEM;PL;SBJV	يَسْتَأْنَ
استاء	V;3;ACT;IND;IPFV;MASC;PL	yastāʔūna
استاء	V;3;ACT;IND;MASC;PL;PRF;PST	istāʔū
استاء	V;3;ACT;JUS;MASC;SG	يَسْتَأْ
استاء	V;3;JUS;MASC;PASS;SG	يُسْتَأْ
استحيا	V;1;ACT;IND;IPFV;PL	نَسْتَحْيِي
استحيا	V;1;ACT;IND;IPFV;SG	أَسْتَحْيِي
استحيا	V;1;ACT;IND;PL;PRF;PST	اِسْتَحْيَيْنَا
استحيا	V;1;ACT;IND;PRF;PST;SG	اِسْتَحْيَيْتُ
استحيا	V;1;ACT;JUS;PL	نَسْتَحْيِ
استحيا	V;1;ACT;JUS;SG	أَسْتَحْيِ
استحيا	V;1;IND;IPFV;PASS;PL	نُسْتَحْيَا
استحيا	V;1;IND;IPFV;PASS;SG	أُسْتَحْيَا
استحيا	V;1;IND;PASS;PL;PRF;PST	اُسْتُحْيِينَا
استحيا	V;1;IND;PASS;PRF;PST;SG	اُسْتُحْيِيتُ
استحيا	V;1;JUS;PASS;PL	نُسْتَحْيَ
استحيا	V;1;JUS;PASS;SG	أُسْتَحْيَ
استحيا	V;1;PASS;PL;SBJV	نُسْتَحْيَا
استحيا	V;1;PASS;SBJV;SG	أُسْتَحْيَا
استحيا	V;2;ACT;FEM;IMP;PL	اِسْتَحْيِينَ
استحيا	V;2;ACT;FEM;IMP;SG	اِسْتَحْيِي
استحيا	V;2;ACT;FEM;IND;IPFV;PL	تَسْتَحْيِينَ
استحيا	V;2;ACT;FEM;IND;IPFV;SG	تَسْتَحْيِينَ
استحيا	V;2;ACT;FEM;IND;PL;PRF;PST	اِسْتَحْيَيْتُنَّ
استحيا	V;2;ACT;FEM;IND;PRF;PST;SG	اِسْتَحْيَيْتِ
استحيا	V;2;ACT;FEM;JUS;PL	تَسْتَحْيِينَ
استحيا	V;2;ACT;FEM;JUS;SG	تَسْتَحْيِي
استحيا	V;2;ACT;FEM;PL;SBJV	تَسْتَحْيِينَ
استحيا	V;2;ACT;FEM;SBJV;SG	تَسْتَحْيِي
استحيا	V;2;ACT;IMP;MASC;PL	اِسْتَحْيُوا
استحيا	V;2;ACT;IMP;MASC;SG	اِسْتَحْيِ
استحيا	V;2;ACT;IND;IPFV;MASC;PL	تَسْتَحْيُونَ
استحيا	V;2;ACT;IND;IPFV;MASC;SG	تَسْتَحْيِي
استحيا	V;2;ACT;IND;MASC;PL;PRF;PST	اِسْتَحْيَيْتُمْ
استحيا	V;2;ACT;IND;MASC;PRF;PST;SG	اِسْتَحْيَيْتَ
استحيا	V;2;ACT;JUS;MASC;PL	تَسْتَحْيُوا
استحيا	V;2;ACT;JUS;MASC;SG	تَسْتَحْيِ
استحيا	V;2;ACT;MASC;PL;SBJV	تَسْتَحْيُوا
استحيا	V;2;FEM;IND;IPFV;PASS;PL	تُسْتَحْيَيْنَ
استحيا	V;2;FEM;IND;IPFV;PASS;SG	تُسْتَحْيَيْنَ
استحيا	V;2;FEM;IND;PASS;PL;PRF;PST	اُسْتُحْيِيتُنَّ
استحيا	V;2;FEM;IND;PASS;PRF;PST;SG	اُسْتُحْيِيتِ
استحيا	V;2;FEM;JUS;PASS;PL	تُسْتَحْيَيْنَ
استحيا	V;2;FEM;JUS;PASS;SG	تُسْتَحْيَيْ
استحيا	V;2;FEM;PASS;PL;SBJV	تُسْتَحْيَيْنَ
استحيا	V;2;FEM;PASS;SBJV;SG	تُسْتَحْيَيْ
استحيا	V;2;IND;IPFV;MASC;PASS;PL	تُسْتَحْيَوْنَ
استحيا	V;2;IND;IPFV;MASC;PASS;SG	تُسْتَحْيَا
استحيا	V;2;IND;MASC;PASS;PL;PRF;PST	اُسْتُحْيِيتُمْ
استحيا	V;2;IND;MASC;PASS;PRF;PST;SG	اُسْتُحْيِيتَ
استحيا	V;2;JUS;MASC;PASS;PL	تُسْتَحْيَوْا
استحيا	V;2;JUS;MASC;PASS;SG	تُسْتَحْيَ
استحيا	V;2;MASC;PASS;PL;SBJV	تُسْتَحْيَوْا
استحيا	V;2;MASC;PASS;SBJV;SG	تُسْتَحْيَا
استحيا	V;3;ACT;DU;FEM;IND;PRF;PST	اِسْتَحْيَتَا
استحيا	V;3;ACT;DU;IND;MASC;PRF;PST	اِسْتَحْيَيَا
استحيا	V;3;ACT;FEM;IND;IPFV;PL	يَسْتَحْيِينَ
استحيا	V;3;ACT;FEM;IND;IPFV;SG	تَسْتَحْيِي
استحيا	V;3;ACT;FEM;IND;PL;PRF;PST	اِسْتَحْيَيْنَ
استحيا	V;3;ACT;FEM;IND;PRF;PST;SG	اِسْتَحْيَتْ
استحيا	V;3;ACT;FEM;JUS;PL	يَسْتَحْيِينَ
استحيا	V;3;ACT;FEM;JUS;SG	تَسْتَحْيِ
استحيا	V;3;ACT;FEM;PL;SBJV	يَسْتَحْيِينَ
استحيا	V;3;ACT;IND;IPFV;MASC;PL	يَسْتَحْيُونَ
استحيا	V;3;ACT;IND;IPFV;MASC;SG	يَسْتَحْيِي
استحيا	V;3;ACT;IND;MASC;PL;PRF;PST	اِسْتَحْيَوْا
استحيا	V;3;ACT;IND;MASC;PRF;PST;SG	اِسْتَحْيَا
استحيا	V;3;ACT;JUS;MASC;PL	يَسْتَحْيُوا
استحيا	V;3;ACT;JUS;MASC;SG	يَسْتَحْيِ
استحيا	V;3;ACT;MASC;PL;SBJV	يَسْتَحْيُوا
استحيا	V;3;DU;FEM;IND;IPFV;PASS	تُسْتَحْيَيَانِ
استحيا	V;3;DU;FEM;JUS;PASS	تُسْتَحْيَيَا
استحيا	V;3;DU;FEM;PASS;SBJV	تُسْتَحْيَيَا
استحيا	V;3;DU;IND;IPFV;MASC;PASS	يُسْتَحْيَيَانِ
استحيا	V;3;DU;JUS;MASC;PASS	يُسْتَحْيَيَا
استحيا	V;3;DU;MASC;PASS;SBJV	يُسْتَحْيَيَا
استحيا	V;3;FEM;IND;IPFV;PASS;PL	يُسْتَحْيَيْنَ
استحيا	V;3;FEM;IND;IPFV;PASS;SG	تُسْتَحْيَا
استحيا	V;3;FEM;IND;PASS;PL;PRF;PST	اُسْتُحْيِينَ
استحيا	V;3;FEM;JUS;PASS;PL	يُسْتَحْيَيْنَ
استحيا	V;3;FEM;JUS;PASS;SG	تُسْتَحْيَ
استحيا	V;3;FEM;PASS;PL;SBJV	يُسْتَحْيَيْنَ
استحيا	V;3;FEM;PASS;SBJV;SG	تُسْتَحْيَا
استحيا	V;3;IND;IPFV;MASC;PASS;PL	يُسْتَحْيَوْنَ
استحيا	V;3;IND;IPFV;MASC;PASS;SG	يُسْتَحْيَا
استحيا	V;3;IND;MASC;PASS;PL;PRF;PST	اُسْتُحْيُوا
استحيا	V;3;JUS;MASC;PASS;PL	يُسْتَحْيَوْا
استحيا	V;3;JUS;MASC;PASS;SG	يُسْتَحْيَ
استحيا	V;3;MASC;PASS;PL;SBJV	يُسْتَحْيَوْا
استحيا	V;3;MASC;PASS;SBJV;SG	يُسْتَحْيَا
استضاء	V;1;ACT;IND;PL;PRF;PST	اِسْتَضَأْنَا
استضاء	V;1;ACT;IND;PRF;PST;SG	اِسْتَضَأْتُ
استضاء	V;1;ACT;JUS;PL	نَسْتَضِئْ
استضاء	V;1;ACT;JUS;SG	أَسْتَضِئْ
استضاء	V;2;ACT;FEM;IMP;PL	اِسْتَضِئْنَ
استضاء	V;2;ACT;FEM;IMP;SG	اِسْتَضِيئِي
استضاء	V;2;ACT;FEM;IND;IPFV;PL	تَسْتَضِئْنَ
استضاء	V;2;ACT;FEM;IND;IPFV;SG	تَسْتَضِيئِينَ
استضاء	V;2;ACT;FEM;IND;PL;PRF;PST	اِسْتَضَأْتُنَّ
استضاء	V;2;ACT;FEM;IND;PRF;PST;SG	اِسْتَضَأْتِ
استضاء	V;2;ACT;FEM;JUS;PL	تَسْتَضِئْنَ
استضاء	V;2;ACT;FEM;JUS;SG	تَسْتَضِيئِي
استضاء	V;2;ACT;FEM;PL;SBJV	تَسْتَضِئْنَ
استضاء	V;2;ACT;FEM;SBJV;SG	تَسْتَضِيئِي
استضاء	V;2;ACT;IMP;MASC;SG	اِسْتَضِئْ
استضاء	V;2;ACT;IND;IPFV;MASC;PL	tastaḍīʔūna
استضاء	V;2;ACT;IND;MASC;PL;PRF;PST	اِسْتَضَأْتُمْ
استضاء	V;2;ACT;IND;MASC;PRF;PST;SG	اِسْتَضَأْتَ
استضاء	V;2;ACT;JUS;MASC;SG	تَسْتَضِئْ
استضاء	V;3;ACT;DU;FEM;IND;IPFV	تَسْتَضِيئَانِ
استضاء	V;3;ACT;DU;FEM;JUS	تَسْتَضِيئَا
استضاء	V;3;ACT;DU;FEM;SBJV	تَسْتَضِيئَا
استضاء	V;3;ACT;DU;IND;IPFV;MASC	يَسْتَضِيئَانِ
استضاء	V;3;ACT;DU;JUS;MASC	يَسْتَضِيئَا
استضاء	V;3;ACT;DU;MASC;SBJV	يَسْتَضِيئَا
استضاء	V;3;ACT;FEM;IND;IPFV;PL	يَسْتَضِئْنَ
استضاء	V;3;ACT;FEM;IND;PL;PRF;PST	اِسْتَضَأْنَ
استضاء	V;3;ACT;FEM;JUS;PL	يَسْتَضِئْنَ
استضاء	V;3;ACT;FEM;JUS;SG	تَسْتَضِئْ
استضاء	V;3;ACT;FEM;PL;SBJV	يَسْتَضِئْنَ
استضاء	V;3;ACT;IND;IPFV;MASC;PL	yastaḍīʔūna
استضاء	V;3;ACT;IND;MASC;PL;PRF;PST	istaḍāʔū
استضاء	V;3;ACT;JUS;MASC;SG	يَسْتَضِئْ
استضاء	V;3;JUS;MASC;PASS;SG	يُسْتَضَأْ
استوى	V;1;ACT;IND;IPFV;PL	نَسْتَوِي
استوى	V;1;ACT;IND;IPFV;SG	أَسْتَوِي
استوى	V;1;ACT;IND;PL;PRF;PST	اِسْتَوَيْنَا
استوى	V;1;ACT;IND;PRF;PST;SG	اِسْتَوَيْتُ
استوى	V;1;ACT;JUS;PL	نَسْتَوِ
استوى	V;1;ACT;JUS;SG	أَسْتَوِ
استوى	V;2;ACT;FEM;IMP;PL	اِسْتَوِينَ
استوى	V;2;ACT;FEM;IMP;SG	اِسْتَوِي
استوى	V;2;ACT;FEM;IND;IPFV;PL	تَسْتَوِينَ
استوى	V;2;ACT;FEM;IND;IPFV;SG	تَسْتَوِينَ
استوى	V;2;ACT;FEM;IND;PL;PRF;PST	اِسْتَوَيْتُنَّ
استوى	V;2;ACT;FEM;IND;PRF;PST;SG	اِسْتَوَيْتِ
استوى	V;2;ACT;FEM;JUS;PL	تَسْتَوِينَ
استوى	V;2;ACT;FEM;JUS;SG	تَسْتَوِي
استوى	V;2;ACT;FEM;PL;SBJV	تَسْتَوِينَ
استوى	V;2;ACT;FEM;SBJV;SG	تَسْتَوِي
استوى	V;2;ACT;IMP;MASC;PL	اِسْتَوُوا
استوى	V;2;ACT;IMP;MASC;SG	اِسْتَوِ
استوى	V;2;ACT;IND;IPFV;MASC;PL	تَسْتَوُونَ
استوى	V;2;ACT;IND;IPFV;MASC;SG	تَسْتَوِي
استوى	V;2;ACT;IND;MASC;PL;PRF;PST	اِسْتَوَيْتُمْ
استوى	V;2;ACT;IND;MASC;PRF;PST;SG	اِسْتَوَيْتَ
استوى	V;2;ACT;JUS;MASC;PL	تَسْتَوُوا
استوى	V;2;ACT;JUS;MASC;SG	تَسْتَوِ
استوى	V;2;ACT;MASC;PL;SBJV	تَسْتَوُوا
استوى	V;3;ACT;DU;FEM;IND;PRF;PST	اِسْتَوَتَا
استوى	V;3;ACT;DU;IND;MASC;PRF;PST	اِسْتَوَيَا
استوى	V;3;ACT;FEM;IND;IPFV;PL	يَسْتَوِينَ
استوى	V;3;ACT;FEM;IND;IPFV;SG	تَسْتَوِي
استوى	V;3;ACT;FEM;IND;PL;PRF;PST	اِسْتَوَيْنَ
استوى	V;3;ACT;FEM;IND;PRF;PST;SG	اِسْتَوَتْ
استوى	V;3;ACT;FEM;JUS;PL	يَسْتَوِينَ
استوى	V;3;ACT;FEM;JUS;SG	تَسْتَوِ
استوى	V;3;ACT;FEM;PL;SBJV	يَسْتَوِينَ
استوى	V;3;ACT;IND;IPFV;MASC;PL	يَسْتَوُونَ
استوى	V;3;ACT;IND;IPFV;MASC;SG	يَسْتَوِي
استوى	V;3;ACT;IND;MASC;PL;PRF;PST	اِسْتَوَوْا
استوى	V;3;ACT;IND;MASC;PRF;PST;SG	اِسْتَوَى
استوى	V;3;ACT;JUS;MASC;PL	يَسْتَوُوا
استوى	V;3;ACT;JUS;MASC;SG	يَسْتَوِ
استوى	V;3;ACT;MASC;PL;SBJV	يَسْتَوُوا
استوى	V;3;IND;IPFV;MASC;PASS;SG	يُسْتَوَى
استوى	V;3;JUS;MASC;PASS;SG	يُسْتَوَ
استوى	V;3;MASC;PASS;SBJV;SG	يُسْتَوَى
اشمأز	V;2;ACT;FEM;IMP;PL	اِشْمَأْزِزْنَ
اشمأز	V;2;ACT;FEM;IND;IPFV;PL	تَشْمَأْزِزْنَ
اشمأز	V;2;ACT;FEM;JUS;PL	تَشْمَأْزِزْنَ
اشمأز	V;2;ACT;FEM;PL;SBJV	تَشْمَأْزِزْنَ
اشمأز	V;3;ACT;FEM;IND;IPFV;PL	يَشْمَأْزِزْنَ
اشمأز	V;3;ACT;FEM;JUS;PL	يَشْمَأْزِزْنَ
اشمأز	V;3;ACT;FEM;PL;SBJV	يَشْمَأْزِزْنَ
اطمأن	V;2;ACT;FEM;IMP;PL	اِطْمَأْنِنَّ
اطمأن	V;2;ACT;FEM;IND;IPFV;PL	تَطْمَأْنِنَّ
اطمأن	V;2;ACT;FEM;JUS;PL	تَطْمَأْنِنَّ
اطمأن	V;2;ACT;FEM;PL;SBJV	تَطْمَأْنِنَّ
اطمأن	V;3;ACT;FEM;IND;IPFV;PL	يَطْمَأْنِنَّ
اطمأن	V;3;ACT;FEM;JUS;PL	يَطْمَأْنِنَّ
اطمأن	V;3;ACT;FEM;PL;SBJV	يَطْمَأْنِنَّ
انتوى	V;1;ACT;IND;IPFV;PL	نَنْتَوِي
انتوى	V;1;ACT;IND;IPFV;SG	أَنْتَوِي
انتوى	V;1;ACT;IND;PL;PRF;PST	اِنْتَوَيْنَا
انتوى	V;1;ACT;IND;PRF;PST;SG	اِنْتَوَيْتُ
انتوى	V;1;ACT;JUS;PL	نَنْتَوِ
انتوى	V;1;ACT;JUS;SG	أَنْتَوِ
انتوى	V;1;IND;IPFV;PASS;PL	نُنْتَوَى
انتوى	V;1;IND;IPFV;PASS;SG	أُنْتَوَى
انتوى	V;1;IND;PASS;PL;PRF;PST	اُنْتُوِينَا
انتوى	V;1;IND;PASS;PRF;PST;SG	اُنْتُوِيتُ
انتوى	V;1;JUS;PASS;PL	نُنْتَوَ
انتوى	V;1;JUS;PASS;SG	أُنْتَوَ
انتوى	V;1;PASS;PL;SBJV	نُنْتَوَى
انتوى	V;1;PASS;SBJV;SG	أُنْتَوَى
انتوى	V;2;ACT;FEM;IMP;PL	اِنْتَوِينَ
انتوى	V;2;ACT;FEM;IMP;SG	اِنْتَوِي
انتوى	V;2;ACT;FEM;IND;IPFV;PL	تَنْتَوِينَ
انتوى	V;2;ACT;FEM;IND;IPFV;SG	تَنْتَوِينَ
انتوى	V;2;ACT;FEM;IND;PL;PRF;PST	اِنْتَوَيْتُنَّ
انتوى	V;2;ACT;FEM;IND;PRF;PST;SG	اِنْتَوَيْتِ
انتوى	V;2;ACT;FEM;JUS;PL	تَنْتَوِينَ
انتوى	V;2;ACT;FEM;JUS;SG	تَنْتَوِي
انتوى	V;2;ACT;FEM;PL;SBJV	تَنْتَوِينَ
انتوى	V;2;ACT;FEM;SBJV;SG	تَنْتَوِي
انتوى	V;2;ACT;IMP;MASC;PL	اِنْتَوُوا
انتوى	V;2;ACT;IMP;MASC;SG	اِنْتَوِ
انتوى	V;2;ACT;IND;IPFV;MASC;PL	تَنْتَوُونَ
انتوى	V;2;ACT;IND;IPFV;MASC;SG	تَنْتَوِي
انتوى	V;2;ACT;IND;MASC;PL;PRF;PST	اِنْتَوَيْتُمْ
انتوى	V;2;ACT;IND;MASC;PRF;PST;SG	اِنْتَوَيْتَ
انتوى	V;2;ACT;JUS;MASC;PL	تَنْتَوُوا
انتوى	V;2;ACT;JUS;MASC;SG	تَنْتَوِ
انتوى	V;2;ACT;MASC;PL;SBJV	تَنْتَوُوا
انتوى	V;2;FEM;IND;IPFV;PASS;PL	تُنْتَوَيْنَ
انتوى	V;2;FEM;IND;IPFV;PASS;SG	تُنْتَوَيْنَ
انتوى	V;2;FEM;IND;PASS;PL;PRF;PST	اُنْتُوِيتُنَّ
انتوى	V;2;FEM;IND;PASS;PRF;PST;SG	اُنْتُوِيتِ
انتوى	V;2;FEM;JUS;PASS;PL	تُنْتَوَيْنَ
انتوى	V;2;FEM;JUS;PASS;SG	تُنْتَوَيْ
انتوى	V;2;FEM;PASS;PL;SBJV	تُنْتَوَيْنَ
انتوى	V;2;FEM;PASS;SBJV;SG	تُنْتَوَيْ
انتوى	V;2;IND;IPFV;MASC;PASS;PL	تُنْتَوَوْنَ
انتوى	V;2;IND;IPFV;MASC;PASS;SG	تُنْتَوَى
انتوى	V;2;IND;MASC;PASS;PL;PRF;PST	اُنْتُوِيتُمْ
انتوى	V;2;IND;MASC;PASS;PRF;PST;SG	اُنْتُوِيتَ
انتوى	V;2;JUS;MASC;PASS;PL	تُنْتَوَوْا
انتوى	V;2;JUS;MASC;PASS;SG	تُنْتَوَ
انتوى	V;2;MASC;PASS;PL;SBJV	تُنْتَوَوْا
انتوى	V;2;MASC;PASS;SBJV;SG	تُنْتَوَى
انتوى	V;3;ACT;DU;FEM;IND;PRF;PST	اِنْتَوَتَا
انتوى	V;3;ACT;DU;IND;MASC;PRF;PST	اِنْتَوَيَا
انتوى	V;3;ACT;FEM;IND;IPFV;PL	يَنْتَوِينَ
انتوى	V;3;ACT;FEM;IND;IPFV;SG	تَنْتَوِي
انتوى	V;3;ACT;FEM;IND;PL;PRF;PST	اِنْتَوَيْنَ
انتوى	V;3;ACT;FEM;IND;PRF;PST;SG	اِنْتَوَتْ
انتوى	V;3;ACT;FEM;JUS;PL	يَنْتَوِينَ
انتوى	V;3;ACT;FEM;JUS;SG	تَنْتَوِ
انتوى	V;3;ACT;FEM;PL;SBJV	يَنْتَوِينَ
انتوى	V;3;ACT;IND;IPFV;MASC;PL	يَنْتَوُونَ
انتوى	V;3;ACT;IND;IPFV;MASC;SG	يَنْتَوِي
انتوى	V;3;ACT;IND;MASC;PL;PRF;PST	اِنْتَوَوْا
انتوى	V;3;ACT;IND;MASC;PRF;PST;SG	اِنْتَوَى
انتوى	V;3;ACT;JUS;MASC;PL	يَنْتَوُوا
انتوى	V;3;ACT;JUS;MASC;SG	يَنْتَوِ
انتوى	V;3;ACT;MASC;PL;SBJV	يَنْتَوُوا
انتوى	V;3;DU;FEM;IND;IPFV;PASS	تُنْتَوَيَانِ
انتوى	V;3;DU;FEM;JUS;PASS	تُنْتَوَيَا
انتوى	V;3;DU;FEM;PASS;SBJV	تُنْتَوَيَا
انتوى	V;3;DU;IND;IPFV;MASC;PASS	يُنْتَوَيَانِ
انتوى	V;3;DU;JUS;MASC;PASS	يُنْتَوَيَا
انتوى	V;3;DU;MASC;PASS;SBJV	يُنْتَوَيَا
انتوى	V;3;FEM;IND;IPFV;PASS;PL	يُنْتَوَيْنَ
انتوى	V;3;FEM;IND;IPFV;PASS;SG	تُنْتَوَى
انتوى	V;3;FEM;IND;PASS;PL;PRF;PST	اُنْتُوِينَ
انتوى	V;3;FEM;JUS;PASS;PL	يُنْتَوَيْنَ
انتوى	V;3;FEM;JUS;PASS;SG	تُنْتَوَ
انتوى	V;3;FEM;PASS;PL;SBJV	يُنْتَوَيْنَ
انتوى	V;3;FEM;PASS;SBJV;SG	تُنْتَوَى
انتوى	V;3;IND;IPFV;MASC;PASS;PL	يُنْتَوَوْنَ
انتوى	V;3;IND;IPFV;MASC;PASS;SG	يُنْتَوَى
انتوى	V;3;IND;MASC;PASS;PL;PRF;PST	اُنْتُوُوا
انتوى	V;3;JUS;MASC;PASS;PL	يُنْتَوَوْا
انتوى	V;3;JUS;MASC;PASS;SG	يُنْتَوَ
انتوى	V;3;MASC;PASS;PL;SBJV	يُنْتَوَوْا
انتوى	V;3;MASC;PASS;SBJV;SG	يُنْتَوَى
انزوى	V;1;ACT;IND;IPFV;PL	نَنْزَوِي
انزوى	V;1;ACT;IND;IPFV;SG	أَنْزَوِي
انزوى	V;1;ACT;IND;PL;PRF;PST	اِنْزَوَيْنَا
انزوى	V;1;ACT;IND;PRF;PST;SG	اِنْزَوَيْتُ
انزوى	V;1;ACT;JUS;PL	نَنْزَوِ
انزوى	V;1;ACT;JUS;SG	أَنْزَوِ
انزوى	V;2;ACT;FEM;IMP;PL	اِنْزَوِينَ
انزوى	V;2;ACT;FEM;IMP;SG	اِنْزَوِي
انزوى	V;2;ACT;FEM;IND;IPFV;PL	تَنْزَوِينَ
انزوى	V;2;ACT;FEM;IND;IPFV;SG	تَنْزَوِينَ
انزوى	V;2;ACT;FEM;IND;PL;PRF;PST	اِنْزَوَيْتُنَّ
انزوى	V;2;ACT;FEM;IND;PRF;PST;SG	اِنْزَوَيْتِ
انزوى	V;2;ACT;FEM;JUS;PL	تَنْزَوِينَ
انزوى	V;2;ACT;FEM;JUS;SG	تَنْزَوِي
انزوى	V;2;ACT;FEM;PL;SBJV	تَنْزَوِينَ
انزوى	V;2;ACT;FEM;SBJV;SG	تَنْزَوِي
انزوى	V;2;ACT;IMP;MASC;PL	اِنْزَوُوا
انزوى	V;2;ACT;IMP;MASC;SG	اِنْزَوِ
انزوى	V;2;ACT;IND;IPFV;MASC;PL	تَنْزَوُونَ
انزوى	V;2;ACT;IND;IPFV;MASC;SG	تَنْزَوِي
انزوى	V;2;ACT;IND;MASC;PL;PRF;PST	اِنْزَوَيْتُمْ
انزوى	V;2;ACT;IND;MASC;PRF;PST;SG	اِنْزَوَيْتَ
انزوى	V;2;ACT;JUS;MASC;PL	تَنْزَوُوا
انزوى	V;2;ACT;JUS;MASC;SG	تَنْزَوِ
انزوى	V;2;ACT;MASC;PL;SBJV	تَنْزَوُوا
انزوى	V;3;ACT;DU;FEM;IND;PRF;PST	اِنْزَوَتَا
انزوى	V;3;ACT;DU;IND;MASC;PRF;PST	اِنْزَوَيَا
انزوى	V;3;ACT;FEM;IND;IPFV;PL	يَنْزَوِينَ
انزوى	V;3;ACT;FEM;IND;IPFV;SG	تَنْزَوِي
انزوى	V;3;ACT;FEM;IND;PL;PRF;PST	اِنْزَوَيْنَ
انزوى	V;3;ACT;FEM;IND;PRF;PST;SG	اِنْزَوَتْ
انزوى	V;3;ACT;FEM;JUS;PL	يَنْزَوِينَ
انزوى	V;3;ACT;FEM;JUS;SG	تَنْزَوِ
انزوى	V;3;ACT;FEM;PL;SBJV	يَنْزَوِينَ
انزوى	V;3;ACT;IND;IPFV;MASC;PL	يَنْزَوُونَ
انزوى	V;3;ACT;IND;IPFV;MASC;SG	يَنْزَوِي
انزوى	V;3;ACT;IND;MASC;PL;PRF;PST	اِنْزَوَوْا
انزوى	V;3;ACT;IND;MASC;PRF;PST;SG	اِنْزَوَى
انزوى	V;3;ACT;JUS;MASC;PL	يَنْزَوُوا
انزوى	V;3;ACT;JUS;MASC;SG	يَنْزَوِ
انزوى	V;3;ACT;MASC;PL;SBJV	يَنْزَوُوا
جاء	V;1;ACT;IND;PL;PRF;PST	جِئْنَا
جاء	V;1;ACT;IND;PRF;PST;SG	جِئْتُ
جاء	V;1;ACT;JUS;PL	نَجِئْ
جاء	V;1;ACT;JUS;SG	أَجِئْ
جاء	V;2;ACT;FEM;IMP;PL	جِئْنَ
جاء	V;2;ACT;FEM;IMP;SG	جِيئِي
جاء	V;2;ACT;FEM;IND;IPFV;PL	تَجِئْنَ
جاء	V;2;ACT;FEM;IND;IPFV;SG	تَجِيئِينَ
جاء	V;2;ACT;FEM;IND;PL;PRF;PST	جِئْتُنَّ
جاء	V;2;ACT;FEM;IND;PRF;PST;SG	جِئْتِ
جاء	V;2;ACT;FEM;JUS;PL	تَجِئْنَ
جاء	V;2;ACT;FEM;JUS;SG	تَجِيئِي
جاء	V;2;ACT;FEM;PL;SBJV	تَجِئْنَ
جاء	V;2;ACT;FEM;SBJV;SG	تَجِيئِي
جاء	V;2;ACT;IMP;MASC;SG	جِئْ
جاء	V;2;ACT;IND;IPFV;MASC;PL	tajīʔūna
جاء	V;2;ACT;IND;MASC;PL;PRF;PST	جِئْتُمْ
جاء	V;2;ACT;IND;MASC;PRF;PST;SG	جِئْتَ
جاء	V;2;ACT;JUS;MASC;SG	تَجِئْ
جاء	V;3;ACT;DU;FEM;IND;IPFV	تَجِيئَانِ
جاء	V;3;ACT;DU;FEM;JUS	تَجِيئَا
جاء	V;3;ACT;DU;FEM;SBJV	تَجِيئَا
جاء	V;3;ACT;DU;IND;IPFV;MASC	يَجِيئَانِ
جاء	V;3;ACT;DU;JUS;MASC	يَجِيئَا
جاء	V;3;ACT;DU;MASC;SBJV	يَجِيئَا
جاء	V;3;ACT;FEM;IND;IPFV;PL	يَجِئْنَ
جاء	V;3;ACT;FEM;IND;PL;PRF;PST	جِئْنَ
جاء	V;3;ACT;FEM;JUS;PL	يَجِئْنَ
جاء	V;3;ACT;FEM;JUS;SG	تَجِئْ
جاء	V;3;ACT;FEM;PL;SBJV	يَجِئْنَ
جاء	V;3;ACT;IND;IPFV;MASC;PL	yajīʔūna
جاء	V;3;ACT;IND;MASC;PL;PRF;PST	jāʔū
جاء	V;3;ACT;JUS;MASC;SG	يَجِئْ
جاء	V;3;JUS;MASC;PASS;SG	يُجَأْ
حاق	V;1;IND;PASS;PL;PRF;PST	حُوقِقْنَا
حاق	V;1;IND;PASS;PRF;PST;SG	حُوقِقْتُ
حاق	V;2;FEM;IND;PASS;PL;PRF;PST	حُوقِقْتُنَّ
حاق	V;2;FEM;IND;PASS;PRF;PST;SG	حُوقِقْتِ
حاق	V;2;IND;MASC;PASS;PL;PRF;PST	حُوقِقْتُمْ
حاق	V;2;IND;MASC;PASS;PRF;PST;SG	حُوقِقْتَ
حاق	V;3;FEM;IND;PASS;PL;PRF;PST	حُوقِقْنَ
حنى	V;1;ACT;IND;PL;PRF;PST	حَنَيْنَا
حنى	V;1;ACT;IND;PRF;PST;SG	حَنَيْتُ
حنى	V;2;ACT;FEM;IND;PL;PRF;PST	حَنَيْتُنَّ
حنى	V;2;ACT;FEM;IND;PRF;PST;SG	حَنَيْتِ
حنى	V;2;ACT;IND;MASC;PL;PRF;PST	حَنَيْتُمْ
حنى	V;2;ACT;IND;MASC;PRF;PST;SG	حَنَيْتَ
حنى	V;3;ACT;DU;IND;MASC;PRF;PST	حَنَيَا
حنى	V;3;ACT;FEM;IND;PL;PRF;PST	حَنَيْنَ
حوى	V;1;ACT;IND;IPFV;PL	نَحْوِي
حوى	V;1;ACT;IND;IPFV;SG	أَحْوِي
حوى	V;1;ACT;IND;PL;PRF;PST	حَوَيْنَا
حوى	V;1;ACT;IND;PRF;PST;SG	حَوَيْتُ
حوى	V;1;ACT;JUS;PL	نَحْوِ
حوى	V;1;ACT;JUS;SG	أَحْوِ
حوى	V;1;IND;IPFV;PASS;PL	نُحْوَى
حوى	V;1;IND;IPFV;PASS;SG	أُحْوَى
حوى	V;1;IND;PASS;PL;PRF;PST	حُوِينَا
حوى	V;1;IND;PASS;PRF;PST;SG	حُوِيتُ
حوى	V;1;JUS;PASS;PL	نُحْوَ
حوى	V;1;JUS;PASS;SG	أُحْوَ
حوى	V;1;PASS;PL;SBJV	نُحْوَى
حوى	V;1;PASS;SBJV;SG	أُحْوَى
حوى	V;2;ACT;FEM;IMP;PL	اِحْوِينَ
حوى	V;2;ACT;FEM;IMP;SG	اِحْوِي
حوى	V;2;ACT;FEM;IND;IPFV;PL	تَحْوِينَ
حوى	V;2;ACT;FEM;IND;IPFV;SG	تَحْوِينَ
حوى	V;2;ACT;FEM;IND;PL;PRF;PST	حَوَيْتُنَّ
حوى	V;2;ACT;FEM;IND;PRF;PST;SG	حَوَيْتِ
حوى	V;2;ACT;FEM;JUS;PL	تَحْوِينَ
حوى	V;2;ACT;FEM;JUS;SG	تَحْوِي
حوى	V;2;ACT;FEM;PL;SBJV	تَحْوِينَ
حوى	V;2;ACT;FEM;SBJV;SG	تَحْوِي
حوى	V;2;ACT;IMP;MASC;PL	اِحْوُوا
حوى	V;2;ACT;IMP;MASC;SG	اِحْوِ
حوى	V;2;ACT;IND;IPFV;MASC;PL	تَحْوُونَ
حوى	V;2;ACT;IND;IPFV;MASC;SG	تَحْوِي
حوى	V;2;ACT;IND;MASC;PL;PRF;PST	حَوَيْتُمْ
حوى	V;2;ACT;IND;MASC;PRF;PST;SG	حَوَيْتَ
حوى	V;2;ACT;JUS;MASC;PL	تَحْوُوا
حوى	V;2;ACT;JUS;MASC;SG	تَحْوِ
حوى	V;2;ACT;MASC;PL;SBJV	تَحْوُوا
حوى	V;2;FEM;IND;IPFV;PASS;PL	تُحْوَيْنَ
حوى	V;2;FEM;IND;IPFV;PASS;SG	تُحْوَيْنَ
حوى	V;2;FEM;IND;PASS;PL;PRF;PST	حُوِيتُنَّ
حوى	V;2;FEM;IND;PASS;PRF;PST;SG	حُوِيتِ
حوى	V;2;FEM;JUS;PASS;PL	تُحْوَيْنَ
حوى	V;2;FEM;JUS;PASS;SG	تُحْوَيْ
حوى	V;2;FEM;PASS;PL;SBJV	تُحْوَيْنَ
حوى	V;2;FEM;PASS;SBJV;SG	تُحْوَيْ
حوى	V;2;IND;IPFV;MASC;PASS;PL	تُحْوَوْنَ
حوى	V;2;IND;IPFV;MASC;PASS;SG	تُحْوَى
حوى	V;2;IND;MASC;PASS;PL;PRF;PST	حُوِيتُمْ
حوى	V;2;IND;MASC;PASS;PRF;PST;SG	حُوِيتَ
حوى	V;2;JUS;MASC;PASS;PL	تُحْوَوْا
حوى	V;2;JUS;MASC;PASS;SG	تُحْوَ
حوى	V;2;MASC;PASS;PL;SBJV	تُحْوَوْا
حوى	V;2;MASC;PASS;SBJV;SG	تُحْوَى
حوى	V;3;ACT;DU;FEM;IND;PRF;PST	حَوَتَا
حوى	V;3;ACT;DU;IND;MASC;PRF;PST	حَوَيَا
حوى	V;3;ACT;FEM;IND;IPFV;PL	يَحْوِينَ
حوى	V;3;ACT;FEM;IND;IPFV;SG	تَحْوِي
حوى	V;3;ACT;FEM;IND;PL;PRF;PST	حَوَيْنَ
حوى	V;3;ACT;FEM;IND;PRF;PST;SG	حَوَتْ
حوى	V;3;ACT;FEM;JUS;PL	يَحْوِينَ
حوى	V;3;ACT;FEM;JUS;SG	تَحْوِ
حوى	V;3;ACT;FEM;PL;SBJV	يَحْوِينَ
حوى	V;3;ACT;IND;IPFV;MASC;PL	يَحْوُونَ
حوى	V;3;ACT;IND;IPFV;MASC;SG	يَحْوِي
حوى	V;3;ACT;IND;MASC;PL;PRF;PST	حَوَوْا
حوى	V;3;ACT;IND;MASC;PRF;PST;SG	حَوَى
حوى	V;3;ACT;JUS;MASC;PL	يَحْوُوا
حوى	V;3;ACT;JUS;MASC;SG	يَحْوِ
حوى	V;3;ACT;MASC;PL;SBJV	يَحْوُوا
حوى	V;3;DU;FEM;IND;IPFV;PASS	تُحْوَيَانِ
حوى	V;3;DU;FEM;JUS;PASS	تُحْوَيَا
حوى	V;3;DU;FEM;PASS;SBJV	تُحْوَيَا
حوى	V;3;DU;IND;IPFV;MASC;PASS	يُحْوَيَانِ
حوى	V;3;DU;JUS;MASC;PASS	يُحْوَيَا
حوى	V;3;DU;MASC;PASS;SBJV	يُحْوَيَا
حوى	V;3;FEM;IND;IPFV;PASS;PL	يُحْوَيْنَ
حوى	V;3;FEM;IND;IPFV;PASS;SG	تُحْوَى
حوى	V;3;FEM;IND;PASS;PL;PRF;PST	حُوِينَ
حوى	V;3;FEM;JUS;PASS;PL	يُحْوَيْنَ
حوى	V;3;FEM;JUS;PASS;SG	تُحْوَ
حوى	V;3;FEM;PASS;PL;SBJV	يُحْوَيْنَ
حوى	V;3;FEM;PASS;SBJV;SG	تُحْوَى
حوى	V;3;IND;IPFV;MASC;PASS;PL	يُحْوَوْنَ
حوى	V;3;IND;IPFV;MASC;PASS;SG	يُحْوَى
حوى	V;3;IND;MASC;PASS;PL;PRF;PST	حُوُوا
حوى	V;3;JUS;MASC;PASS;PL	يُحْوَوْا
حوى	V;3;JUS;MASC;PASS;SG	يُحْوَ
حوى	V;3;MASC;PASS;PL;SBJV	يُحْوَوْا
حوى	V;3;MASC;PASS;SBJV;SG	يُحْوَى
حيا	V;1;ACT;IND;IPFV;PL	نُحَيِّي
حيا	V;1;ACT;IND;IPFV;SG	أُحَيِّي
حيا	V;1;ACT;IND;PL;PRF;PST	حَيَّيْنَا
حيا	V;1;ACT;IND;PRF;PST;SG	حَيَّيْتُ
حيا	V;1;ACT;JUS;PL	نُحَيِّ
حيا	V;1;ACT;JUS;SG	أُحَيِّ
حيا	V;1;IND;IPFV;PASS;PL	نُحَيَّا
حيا	V;1;IND;IPFV;PASS;SG	أُحَيَّا
حيا	V;1;IND;PASS;PL;PRF;PST	حُيِّينَا
حيا	V;1;IND;PASS;PRF;PST;SG	حُيِّيتُ
حيا	V;1;JUS;PASS;PL	نُحَيَّ
حيا	V;1;JUS;PASS;SG	أُحَيَّ
حيا	V;1;PASS;PL;SBJV	نُحَيَّا
حيا	V;1;PASS;SBJV;SG	أُحَيَّا
حيا	V;2;ACT;FEM;IMP;PL	حَيِّينَ
حيا	V;2;ACT;FEM;IMP;SG	حَيِّي
حيا	V;2;ACT;FEM;IND;IPFV;PL	تُحَيِّينَ
حيا	V;2;ACT;FEM;IND;IPFV;SG	تُحَيِّينَ
حيا	V;2;ACT;FEM;IND;PL;PRF;PST	حَيَّيْتُنَّ
حيا	V;2;ACT;FEM;IND;PRF;PST;SG	حَيَّيْتِ
حيا	V;2;ACT;FEM;JUS;PL	تُحَيِّينَ
حيا	V;2;ACT;FEM;JUS;SG	تُحَيِّي
حيا	V;2;ACT;FEM;PL;SBJV	تُحَيِّينَ
حيا	V;2;ACT;FEM;SBJV;SG	تُحَيِّي
حيا	V;2;ACT;IMP;MASC;PL	حَيُّوا
حيا	V;2;ACT;IMP;MASC;SG	حَيِّ
حيا	V;2;ACT;IND;IPFV;MASC;PL	تُحَيُّونَ
حيا	V;2;ACT;IND;IPFV;MASC;SG	تُحَيِّي
حيا	V;2;ACT;IND;MASC;PL;PRF;PST	حَيَّيْتُمْ
حيا	V;2;ACT;IND;MASC;PRF;PST;SG	حَيَّيْتَ
حيا	V;2;ACT;JUS;MASC;PL	تُحَيُّوا
حيا	V;2;ACT;JUS;MASC;SG	تُحَيِّ
حيا	V;2;ACT;MASC;PL;SBJV	تُحَيُّوا
حيا	V;2;FEM;IND;IPFV;PASS;PL	تُحَيَّيْنَ
حيا	V;2;FEM;IND;IPFV;PASS;SG	تُحَيَّيْنَ
حيا	V;2;FEM;IND;PASS;PL;PRF;PST	حُيِّيتُنَّ
حيا	V;2;FEM;IND;PASS;PRF;PST;SG	حُيِّيتِ
حيا	V;2;FEM;JUS;PASS;PL	تُحَيَّيْنَ
حيا	V;2;FEM;JUS;PASS;SG	تُحَيَّيْ
حيا	V;2;FEM;PASS;PL;SBJV	تُحَيَّيْنَ
حيا	V;2;FEM;PASS;SBJV;SG	تُحَيَّيْ
حيا	V;2;IND;IPFV;MASC;PASS;PL	تُحَيَّوْنَ
حيا	V;2;IND;IPFV;MASC;PASS;SG	تُحَيَّا
حيا	V;2;IND;MASC;PASS;PL;PRF;PST	حُيِّيتُمْ
حيا	V;2;IND;MASC;PASS;PRF;PST;SG	حُيِّيتَ
حيا	V;2;JUS;MASC;PASS;PL	تُحَيَّوْا
حيا	V;2;JUS;MASC;PASS;SG	تُحَيَّ
حيا	V;2;MASC;PASS;PL;SBJV	تُحَيَّوْا
حيا	V;2;MASC;PASS;SBJV;SG	تُحَيَّا
حيا	V;3;ACT;DU;FEM;IND;PRF;PST	حَيَّتَا
حيا	V;3;ACT;DU;IND;MASC;PRF;PST	حَيَّيَا
حيا	V;3;ACT;FEM;IND;IPFV;PL	يُحَيِّينَ
حيا	V;3;ACT;FEM;IND;IPFV;SG	تُحَيِّي
حيا	V;3;ACT;FEM;IND;PL;PRF;PST	حَيَّيْنَ
حيا	V;3;ACT;FEM;IND;PRF;PST;SG	حَيَّتْ
حيا	V;3;ACT;FEM;JUS;PL	يُحَيِّينَ
حيا	V;3;ACT;FEM;JUS;SG	تُحَيِّ
حيا	V;3;ACT;FEM;PL;SBJV	يُحَيِّينَ
حيا	V;3;ACT;IND;IPFV;MASC;PL	يُحَيُّونَ
حيا	V;3;ACT;IND;IPFV;MASC;SG	يُحَيِّي
حيا	V;3;ACT;IND;MASC;PL;PRF;PST	حَيَّوْا
حيا	V;3;ACT;IND;MASC;PRF;PST;SG	حَيَّا
حيا	V;3;ACT;JUS;MASC;PL	يُحَيُّوا
حيا	V;3;ACT;JUS;MASC;SG	يُحَيِّ
حيا	V;3;ACT;MASC;PL;SBJV	يُحَيُّوا
حيا	V;3;DU;FEM;IND;IPFV;PASS	تُحَيَّيَانِ
حيا	V;3;DU;FEM;JUS;PASS	تُحَيَّيَا
حيا	V;3;DU;FEM;PASS;SBJV	تُحَيَّيَا
حيا	V;3;DU;IND;IPFV;MASC;PASS	يُحَيَّيَانِ
حيا	V;3;DU;JUS;MASC;PASS	يُحَيَّيَا
حيا	V;3;DU;MASC;PASS;SBJV	يُحَيَّيَا
حيا	V;3;FEM;IND;IPFV;PASS;PL	يُحَيَّيْنَ
حيا	V;3;FEM;IND;IPFV;PASS;SG	تُحَيَّا
حيا	V;3;FEM;IND;PASS;PL;PRF;PST	حُيِّينَ
حيا	V;3;FEM;JUS;PASS;PL	يُحَيَّيْنَ
حيا	V;3;FEM;JUS;PASS;SG	تُحَيَّ
حيا	V;3;FEM;PASS;PL;SBJV	يُحَيَّيْنَ
حيا	V;3;FEM;PASS;SBJV;SG	تُحَيَّا
حيا	V;3;IND;IPFV;MASC;PASS;PL	يُحَيَّوْنَ
حيا	V;3;IND;IPFV;MASC;PASS;SG	يُحَيَّا
حيا	V;3;IND;MASC;PASS;PL;PRF;PST	حُيُّوا
حيا	V;3;JUS;MASC;PASS;PL	يُحَيَّوْا
حيا	V;3;JUS;MASC;PASS;SG	يُحَيَّ
حيا	V;3;MASC;PASS;PL;SBJV	يُحَيَّوْا
حيا	V;3;MASC;PASS;SBJV;SG	يُحَيَّا
رأى	V;3;IND;MASC;PASS;PL;PRF;PST	رُؤُوا
راد	V;1;IND;PASS;PL;PRF;PST	رُودِدْنَا
راد	V;1;IND;PASS;PRF;PST;SG	رُودِدْتُ
راد	V;2;FEM;IND;PASS;PL;PRF;PST	رُودِدْتُنَّ
راد	V;2;FEM;IND;PASS;PRF;PST;SG	رُودِدْتِ
راد	V;2;IND;MASC;PASS;PL;PRF;PST	رُودِدْتُمْ
راد	V;2;IND;MASC;PASS;PRF;PST;SG	رُودِدْتَ
راد	V;3;FEM;IND;PASS;PL;PRF;PST	رُودِدْنَ
ساء	V;1;ACT;IND;PL;PRF;PST	سُؤْنَا
ساء	V;1;ACT;IND;PRF;PST;SG	سُؤْتُ
ساء	V;1;ACT;JUS;PL	نَسُؤْ
ساء	V;1;ACT;JUS;SG	أَسُؤْ
ساء	V;1;IND;PASS;PL;PRF;PST	سِئْنَا
ساء	V;1;IND;PASS;PRF;PST;SG	سِئْتُ
ساء	V;1;JUS;PASS;PL	نُسَأْ
ساء	V;1;JUS;PASS;SG	أُسَأْ
ساء	V;2;ACT;FEM;IMP;PL	سُؤْنَ
ساء	V;2;ACT;FEM;IMP;SG	سُوئِي
ساء	V;2;ACT;FEM;IND;IPFV;PL	تَسُؤْنَ
ساء	V;2;ACT;FEM;IND;IPFV;SG	تَسُوئِينَ
ساء	V;2;ACT;FEM;IND;PL;PRF;PST	سُؤْتُنَّ
ساء	V;2;ACT;FEM;IND;PRF;PST;SG	سُؤْتِ
ساء	V;2;ACT;FEM;JUS;PL	تَسُؤْنَ
ساء	V;2;ACT;FEM;JUS;SG	تَسُوئِي
ساء	V;2;ACT;FEM;PL;SBJV	تَسُؤْنَ
ساء	V;2;ACT;FEM;SBJV;SG	تَسُوئِي
ساء	V;2;ACT;IMP;MASC;SG	سُؤْ
ساء	V;2;ACT;IND;MASC;PL;PRF;PST	سُؤْتُمْ
ساء	V;2;ACT;IND;MASC;PRF;PST;SG	سُؤْتَ
ساء	V;2;ACT;JUS;MASC;SG	تَسُؤْ
ساء	V;2;FEM;IND;IPFV;PASS;PL	تُسَأْنَ
ساء	V;2;FEM;IND;IPFV;PASS;SG	تُسَائِينَ
ساء	V;2;FEM;IND;PASS;PL;PRF;PST	سِئْتُنَّ
ساء	V;2;FEM;IND;PASS;PRF;PST;SG	سِئْتِ
ساء	V;2;FEM;JUS;PASS;PL	تُسَأْنَ
ساء	V;2;FEM;JUS;PASS;SG	تُسَائِي
ساء	V;2;FEM;PASS;PL;SBJV	تُسَأْنَ
ساء	V;2;FEM;PASS;SBJV;SG	تُسَائِي
ساء	V;2;IND;IPFV;MASC;PASS;PL	tusāʔūna
ساء	V;2;IND;MASC;PASS;PL;PRF;PST	سِئْتُمْ
ساء	V;2;IND;MASC;PASS;PRF;PST;SG	سِئْتَ
ساء	V;2;JUS;MASC;PASS;SG	تُسَأْ
ساء	V;3;ACT;FEM;IND;IPFV;PL	يَسُؤْنَ
ساء	V;3;ACT;FEM;IND;PL;PRF;PST	سُؤْنَ
ساء	V;3;ACT;FEM;JUS;PL	يَسُؤْنَ
ساء	V;3;ACT;FEM;JUS;SG	تَسُؤْ
ساء	V;3;ACT;FEM;PL;SBJV	يَسُؤْنَ
ساء	V;3;ACT;IND;MASC;PL;PRF;PST	sāʔū
ساء	V;3;ACT;JUS;MASC;SG	يَسُؤْ
ساء	V;3;DU;FEM;IND;PASS;PRF;PST	سِيئَتَا
ساء	V;3;DU;IND;MASC;PASS;PRF;PST	سِيئَا
ساء	V;3;FEM;IND;IPFV;PASS;PL	يُسَأْنَ
ساء	V;3;FEM;IND;PASS;PL;PRF;PST	سِئْنَ
ساء	V;3;FEM;IND;PASS;PRF;PST;SG	سِيئَتْ
ساء	V;3;FEM;JUS;PASS;PL	يُسَأْنَ
ساء	V;3;FEM;JUS;PASS;SG	تُسَأْ
ساء	V;3;FEM;PASS;PL;SBJV	يُسَأْنَ
ساء	V;3;IND;IPFV;MASC;PASS;PL	yusāʔūna
ساء	V;3;IND;MASC;PASS;PL;PRF;PST	sīʔū
ساء	V;3;JUS;MASC;PASS;SG	يُسَأْ
ساوى	V;1;ACT;IND;IPFV;PL	نُسَاوِي
ساوى	V;1;ACT;IND;IPFV;SG	أُسَاوِي
ساوى	V;1;ACT;IND;PL;PRF;PST	سَاوَيْنَا
ساوى	V;1;ACT;IND;PRF;PST;SG	سَاوَيْتُ
ساوى	V;1;ACT;JUS;PL	نُسَاوِ
ساوى	V;1;ACT;JUS;SG	أُسَاوِ
ساوى	V;1;IND;IPFV;PASS;PL	نُسَاوَى
ساوى	V;1;IND;IPFV;PASS;SG	أُسَاوَى
ساوى	V;1;IND;PASS;PL;PRF;PST	سُووِينَا
ساوى	V;1;IND;PASS;PRF;PST;SG	سُووِيتُ
ساوى	V;1;JUS;PASS;PL	نُسَاوَ
ساوى	V;1;JUS;PASS;SG	أُسَاوَ
ساوى	V;1;PASS;PL;SBJV	نُسَاوَى
ساوى	V;1;PASS;SBJV;SG	أُسَاوَى
ساوى	V;2;ACT;FEM;IMP;PL	سَاوِينَ
ساوى	V;2;ACT;FEM;IMP;SG	سَاوِي
ساوى	V;2;ACT;FEM;IND;IPFV;PL	تُسَاوِينَ
ساوى	V;2;ACT;FEM;IND;IPFV;SG	تُسَاوِينَ
ساوى	V;2;ACT;FEM;IND;PL;PRF;PST	سَاوَيْتُنَّ
ساوى	V;2;ACT;FEM;IND;PRF;PST;SG	سَاوَيْتِ
ساوى	V;2;ACT;FEM;JUS;PL	تُسَاوِينَ
ساوى	V;2;ACT;FEM;JUS;SG	تُسَاوِي
ساوى	V;2;ACT;FEM;PL;SBJV	تُسَاوِينَ
ساوى	V;2;ACT;FEM;SBJV;SG	تُسَاوِي
ساوى	V;2;ACT;IMP;MASC;PL	سَاوُوا
ساوى	V;2;ACT;IMP;MASC;SG	سَاوِ
ساوى	V;2;ACT;IND;IPFV;MASC;PL	تُسَاوُونَ
ساوى	V;2;ACT;IND;IPFV;MASC;SG	تُسَاوِي
ساوى	V;2;ACT;IND;MASC;PL;PRF;PST	سَاوَيْتُمْ
ساوى	V;2;ACT;IND;MASC;PRF;PST;SG	سَاوَيْتَ
ساوى	V;2;ACT;JUS;MASC;PL	تُسَاوُوا
ساوى	V;2;ACT;JUS;MASC;SG	تُسَاوِ
ساوى	V;2;ACT;MASC;PL;SBJV	تُسَاوُوا
ساوى	V;2;FEM;IND;IPFV;PASS;PL	تُسَاوَيْنَ
ساوى	V;2;FEM;IND;IPFV;PASS;SG	تُسَاوَيْنَ
ساوى	V;2;FEM;IND;PASS;PL;PRF;PST	سُووِيتُنَّ
ساوى	V;2;FEM;IND;PASS;PRF;PST;SG	سُووِيتِ
ساوى	V;2;FEM;JUS;PASS;PL	تُسَاوَيْنَ
ساوى	V;2;FEM;JUS;PASS;SG	تُسَاوَيْ
ساوى	V;2;FEM;PASS;PL;SBJV	تُسَاوَيْنَ
ساوى	V;2;FEM;PASS;SBJV;SG	تُسَاوَيْ
ساوى	V;2;IND;IPFV;MASC;PASS;PL	تُسَاوَوْنَ
ساوى	V;2;IND;IPFV;MASC;PASS;SG	تُسَاوَى
ساوى	V;2;IND;MASC;PASS;PL;PRF;PST	سُووِيتُمْ
ساوى	V;2;IND;MASC;PASS;PRF;PST;SG	سُووِيتَ
ساوى	V;2;JUS;MASC;PASS;PL	تُسَاوَوْا
ساوى	V;2;JUS;MASC;PASS;SG	تُسَاوَ
ساوى	V;2;MASC;PASS;PL;SBJV	تُسَاوَوْا
ساوى	V;2;MASC;PASS;SBJV;SG	تُسَاوَى
ساوى	V;3;ACT;DU;FEM;IND;PRF;PST	سَاوَتَا
ساوى	V;3;ACT;DU;IND;MASC;PRF;PST	سَاوَيَا
ساوى	V;3;ACT;FEM;IND;IPFV;PL	يُسَاوِينَ
ساوى	V;3;ACT;FEM;IND;IPFV;SG	تُسَاوِي
ساوى	V;3;ACT;FEM;IND;PL;PRF;PST	سَاوَيْنَ
ساوى	V;3;ACT;FEM;IND;PRF;PST;SG	سَاوَتْ
ساوى	V;3;ACT;FEM;JUS;PL	يُسَاوِينَ
ساوى	V;3;ACT;FEM;JUS;SG	تُسَاوِ
ساوى	V;3;ACT;FEM;PL;SBJV	يُسَاوِينَ
ساوى	V;3;ACT;IND;IPFV;MASC;PL	يُسَاوُونَ
ساوى	V;3;ACT;IND;IPFV;MASC;SG	يُسَاوِي
ساوى	V;3;ACT;IND;MASC;PL;PRF;PST	سَاوَوْا
ساوى	V;3;ACT;IND;MASC;PRF;PST;SG	سَاوَى
ساوى	V;3;ACT;JUS;MASC;PL	يُسَاوُوا
ساوى	V;3;ACT;JUS;MASC;SG	يُسَاوِ
ساوى	V;3;ACT;MASC;PL;SBJV	يُسَاوُوا
ساوى	V;3;DU;FEM;IND;IPFV;PASS	تُسَاوَيَانِ
ساوى	V;3;DU;FEM;JUS;PASS	تُسَاوَيَا
ساوى	V;3;DU;FEM;PASS;SBJV	تُسَاوَيَا
ساوى	V;3;DU;IND;IPFV;MASC;PASS	يُسَاوَيَانِ
ساوى	V;3;DU;JUS;MASC;PASS	يُسَاوَيَا
ساوى	V;3;DU;MASC;PASS;SBJV	يُسَاوَيَا
ساوى	V;3;FEM;IND;IPFV;PASS;PL	يُسَاوَيْنَ
ساوى	V;3;FEM;IND;IPFV;PASS;SG	تُسَاوَى
ساوى	V;3;FEM;IND;PASS;PL;PRF;PST	سُووِينَ
ساوى	V;3;FEM;JUS;PASS;PL	يُسَاوَيْنَ
ساوى	V;3;FEM;JUS;PASS;SG	تُسَاوَ
ساوى	V;3;FEM;PASS;PL;SBJV	يُسَاوَيْنَ
ساوى	V;3;FEM;PASS;SBJV;SG	تُسَاوَى
ساوى	V;3;IND;IPFV;MASC;PASS;PL	يُسَاوَوْنَ
ساوى	V;3;IND;IPFV;MASC;PASS;SG	يُسَاوَى
ساوى	V;3;IND;MASC;PASS;PL;PRF;PST	سُووُوا
ساوى	V;3;JUS;MASC;PASS;PL	يُسَاوَوْا
ساوى	V;3;JUS;MASC;PASS;SG	يُسَاوَ
ساوى	V;3;MASC;PASS;PL;SBJV	يُسَاوَوْا
ساوى	V;3;MASC;PASS;SBJV;SG	يُسَاوَى
ضاء	V;1;ACT;IND;PL;PRF;PST	ضُؤْنَا
ضاء	V;1;ACT;IND;PRF;PST;SG	ضُؤْتُ
ضاء	V;1;ACT;JUS;PL	نَضُؤْ
ضاء	V;1;ACT;JUS;SG	أَضُؤْ
ضاء	V;2;ACT;FEM;IMP;PL	ضُؤْنَ
ضاء	V;2;ACT;FEM;IMP;SG	ضُوئِي
ضاء	V;2;ACT;FEM;IND;IPFV;PL	تَضُؤْنَ
ضاء	V;2;ACT;FEM;IND;IPFV;SG	تَضُوئِينَ
ضاء	V;2;ACT;FEM;IND;PL;PRF;PST	ضُؤْتُنَّ
ضاء	V;2;ACT;FEM;IND;PRF;PST;SG	ضُؤْتِ
ضاء	V;2;ACT;FEM;JUS;PL	تَضُؤْنَ
ضاء	V;2;ACT;FEM;JUS;SG	تَضُوئِي
ضاء	V;2;ACT;FEM;PL;SBJV	تَضُؤْنَ
ضاء	V;2;ACT;FEM;SBJV;SG	تَضُوئِي
ضاء	V;2;ACT;IMP;MASC;SG	ضُؤْ
ضاء	V;2;ACT;IND;MASC;PL;PRF;PST	ضُؤْتُمْ
ضاء	V;2;ACT;IND;MASC;PRF;PST;SG	ضُؤْتَ
ضاء	V;2;ACT;JUS;MASC;SG	تَضُؤْ
ضاء	V;3;ACT;FEM;IND;IPFV;PL	يَضُؤْنَ
ضاء	V;3;ACT;FEM;IND;PL;PRF;PST	ضُؤْنَ
ضاء	V;3;ACT;FEM;JUS;PL	يَضُؤْنَ
ضاء	V;3;ACT;FEM;JUS;SG	تَضُؤْ
ضاء	V;3;ACT;FEM;PL;SBJV	يَضُؤْنَ
ضاء	V;3;ACT;IND;MASC;PL;PRF;PST	ضَاؤُوا
ضاء	V;3;ACT;JUS;MASC;SG	يَضُؤْ
ضاء	V;3;JUS;MASC;PASS;SG	يُضَأْ
قاء	V;1;ACT;IND;PL;PRF;PST	قِئْنَا
قاء	V;1;ACT;IND;PRF;PST;SG	قِئْتُ
قاء	V;1;ACT;JUS;PL	نَقِئْ
قاء	V;1;ACT;JUS;SG	أَقِئْ
قاء	V;2;ACT;FEM;IMP;PL	قِئْنَ
قاء	V;2;ACT;FEM;IMP;SG	قِيئِي
قاء	V;2;ACT;FEM;IND;IPFV;PL	تَقِئْنَ
قاء	V;2;ACT;FEM;IND;IPFV;SG	تَقِيئِينَ
قاء	V;2;ACT;FEM;IND;PL;PRF;PST	قِئْتُنَّ
قاء	V;2;ACT;FEM;IND;PRF;PST;SG	قِئْتِ
قاء	V;2;ACT;FEM;JUS;PL	تَقِئْنَ
قاء	V;2;ACT;FEM;JUS;SG	تَقِيئِي
قاء	V;2;ACT;FEM;PL;SBJV	تَقِئْنَ
قاء	V;2;ACT;FEM;SBJV;SG	تَقِيئِي
قاء	V;2;ACT;IMP;MASC;SG	قِئْ
قاء	V;2;ACT;IND;IPFV;MASC;PL	taqīʔūna
قاء	V;2;ACT;IND;MASC;PL;PRF;PST	قِئْتُمْ
قاء	V;2;ACT;IND;MASC;PRF;PST;SG	قِئْتَ
قاء	V;2;ACT;JUS;MASC;SG	تَقِئْ
قاء	V;3;ACT;DU;FEM;IND;IPFV	تَقِيئَانِ
قاء	V;3;ACT;DU;FEM;JUS	تَقِيئَا
قاء	V;3;ACT;DU;FEM;SBJV	تَقِيئَا
قاء	V;3;ACT;DU;IND;IPFV;MASC	يَقِيئَانِ
قاء	V;3;ACT;DU;JUS;MASC	يَقِيئَا
قاء	V;3;ACT;DU;MASC;SBJV	يَقِيئَا
قاء	V;3;ACT;FEM;IND;IPFV;PL	يَقِئْنَ
قاء	V;3;ACT;FEM;IND;PL;PRF;PST	قِئْنَ
قاء	V;3;ACT;FEM;JUS;PL	يَقِئْنَ
قاء	V;3;ACT;FEM;JUS;SG	تَقِئْ
قاء	V;3;ACT;FEM;PL;SBJV	يَقِئْنَ
قاء	V;3;ACT;IND;IPFV;MASC;PL	yaqīʔūna
قاء	V;3;ACT;IND;MASC;PL;PRF;PST	qāʔū
قاء	V;3;ACT;JUS;MASC;SG	يَقِئْ
قاء	V;3;JUS;MASC;PASS;SG	يُقَأْ
ناوى	V;1;ACT;IND;IPFV;PL	نُنَاوِي
ناوى	V;1;ACT;IND;IPFV;SG	أُنَاوِي
ناوى	V;1;ACT;IND;PL;PRF;PST	نَاوَيْنَا
ناوى	V;1;ACT;IND;PRF;PST;SG	نَاوَيْتُ
ناوى	V;1;ACT;JUS;PL	نُنَاوِ
ناوى	V;1;ACT;JUS;SG	أُنَاوِ
ناوى	V;1;IND;IPFV;PASS;PL	نُنَاوَى
ناوى	V;1;IND;IPFV;PASS;SG	أُنَاوَى
ناوى	V;1;IND;PASS;PL;PRF;PST	نُووِينَا
ناوى	V;1;IND;PASS;PRF;PST;SG	نُووِيتُ
ناوى	V;1;JUS;PASS;PL	نُنَاوَ
ناوى	V;1;JUS;PASS;SG	أُنَاوَ
ناوى	V;1;PASS;PL;SBJV	نُنَاوَى
ناوى	V;1;PASS;SBJV;SG	أُنَاوَى
ناوى	V;2;ACT;FEM;IMP;PL	نَاوِينَ
ناوى	V;2;ACT;FEM;IMP;SG	نَاوِي
ناوى	V;2;ACT;FEM;IND;IPFV;PL	تُنَاوِينَ
ناوى	V;2;ACT;FEM;IND;IPFV;SG	تُنَاوِينَ
ناوى	V;2;ACT;FEM;IND;PL;PRF;PST	نَاوَيْتُنَّ
ناوى	V;2;ACT;FEM;IND;PRF;PST;SG	نَاوَيْتِ
ناوى	V;2;ACT;FEM;JUS;PL	تُنَاوِينَ
ناوى	V;2;ACT;FEM;JUS;SG	تُنَاوِي
ناوى	V;2;ACT;FEM;PL;SBJV	تُنَاوِينَ
ناوى	V;2;ACT;FEM;SBJV;SG	تُنَاوِي
ناوى	V;2;ACT;IMP;MASC;PL	نَاوُوا
ناوى	V;2;ACT;IMP;MASC;SG	نَاوِ
ناوى	V;2;ACT;IND;IPFV;MASC;PL	تُنَاوُونَ
ناوى	V;2;ACT;IND;IPFV;MASC;SG	تُنَاوِي
ناوى	V;2;ACT;IND;MASC;PL;PRF;PST	نَاوَيْتُمْ
ناوى	V;2;ACT;IND;MASC;PRF;PST;SG	نَاوَيْتَ
ناوى	V;2;ACT;JUS;MASC;PL	تُنَاوُوا
ناوى	V;2;ACT;JUS;MASC;SG	تُنَاوِ
ناوى	V;2;ACT;MASC;PL;SBJV	تُنَاوُوا
ناوى	V;2;FEM;IND;IPFV;PASS;PL	تُنَاوَيْنَ
ناوى	V;2;FEM;IND;IPFV;PASS;SG	تُنَاوَيْنَ
ناوى	V;2;FEM;IND;PASS;PL;PRF;PST	نُووِيتُنَّ
ناوى	V;2;FEM;IND;PASS;PRF;PST;SG	نُووِيتِ
ناوى	V;2;FEM;JUS;PASS;PL	تُنَاوَيْنَ
ناوى	V;2;FEM;JUS;PASS;SG	تُنَاوَيْ
ناوى	V;2;FEM;PASS;PL;SBJV	تُنَاوَيْنَ
ناوى	V;2;FEM;PASS;SBJV;SG	تُنَاوَيْ
ناوى	V;2;IND;IPFV;MASC;PASS;PL	تُنَاوَوْنَ
ناوى	V;2;IND;IPFV;MASC;PASS;SG	تُنَاوَى
ناوى	V;2;IND;MASC;PASS;PL;PRF;PST	نُووِيتُمْ
ناوى	V;2;IND;MASC;PASS;PRF;PST;SG	نُووِيتَ
ناوى	V;2;JUS;MASC;PASS;PL	تُنَاوَوْا
ناوى	V;2;JUS;MASC;PASS;SG	تُنَاوَ
ناوى	V;2;MASC;PASS;PL;SBJV	تُنَاوَوْا
ناوى	V;2;MASC;PASS;SBJV;SG	تُنَاوَى
ناوى	V;3;ACT;DU;FEM;IND;PRF;PST	نَاوَتَا
ناوى	V;3;ACT;DU;IND;MASC;PRF;PST	نَاوَيَا
ناوى	V;3;ACT;FEM;IND;IPFV;PL	يُنَاوِينَ
ناوى	V;3;ACT;FEM;IND;IPFV;SG	تُنَاوِي
ناوى	V;3;ACT;FEM;IND;PL;PRF;PST	نَاوَيْنَ
ناوى	V;3;ACT;FEM;IND;PRF;PST;SG	نَاوَتْ
ناوى	V;3;ACT;FEM;JUS;PL	يُنَاوِينَ
ناوى	V;3;ACT;FEM;JUS;SG	تُنَاوِ
ناوى	V;3;ACT;FEM;PL;SBJV	يُنَاوِينَ
ناوى	V;3;ACT;IND;IPFV;MASC;PL	يُنَاوُونَ
ناوى	V;3;ACT;IND;IPFV;MASC;SG	يُنَاوِي
ناوى	V;3;ACT;IND;MASC;PL;PRF;PST	نَاوَوْا
ناوى	V;3;ACT;IND;MASC;PRF;PST;SG	نَاوَى
ناوى	V;3;ACT;JUS;MASC;PL	يُنَاوُوا
ناوى	V;3;ACT;JUS;MASC;SG	يُنَاوِ
ناوى	V;3;ACT;MASC;PL;SBJV	يُنَاوُوا
ناوى	V;3;DU;FEM;IND;IPFV;PASS	تُنَاوَيَانِ
ناوى	V;3;DU;FEM;JUS;PASS	تُنَاوَيَا
ناوى	V;3;DU;FEM;PASS;SBJV	تُنَاوَيَا
ناوى	V;3;DU;IND;IPFV;MASC;PASS	يُنَاوَيَانِ
ناوى	V;3;DU;JUS;MASC;PASS	يُنَاوَيَا
ناوى	V;3;DU;MASC;PASS;SBJV	يُنَاوَيَا
ناوى	V;3;FEM;IND;IPFV;PASS;PL	يُنَاوَيْنَ
ناوى	V;3;FEM;IND;IPFV;PASS;SG	تُنَاوَى
ناوى	V;3;FEM;IND;PASS;PL;PRF;PST	نُووِينَ
ناوى	V;3;FEM;JUS;PASS;PL	يُنَاوَيْنَ
ناوى	V;3;FEM;JUS;PASS;SG	تُنَاوَ
ناوى	V;3;FEM;PASS;PL;SBJV	يُنَاوَيْنَ
ناوى	V;3;FEM;PASS;SBJV;SG	تُنَاوَى
ناوى	V;3;IND;IPFV;MASC;PASS;PL	يُنَاوَوْنَ
ناوى	V;3;IND;IPFV;MASC;PASS;SG	يُنَاوَى
ناوى	V;3;IND;MASC;PASS;PL;PRF;PST	نُووُوا
ناوى	V;3;JUS;MASC;PASS;PL	يُنَاوَوْا
ناوى	V;3;JUS;MASC;PASS;SG	يُنَاوَ
ناوى	V;3;MASC;PASS;PL;SBJV	يُنَاوَوْا
ناوى	V;3;MASC;PASS;SBJV;SG	يُنَاوَى
