# lemma	past	future	present	infinitive
אבד	אבד	יאבד	אובד	לאבוד
אבה	אבה	יאבה	אובה	לאבות
אבזר	אבזר	יאבזר	מאבזר	-
אבחן	אבחן	יאבחן	מאבחן	-
אבטח	אבטח	יאבטח	מאבטח	-
אבל	אבל	יאבל	אבל	לאבול
אגר	אגר	יאגור	אוגר	לאגור
אהב	אהב	יאהב	אוהב	לאהוב
אהד	אהד	יאהד	אוהד	לאהוד
אהל	אהל	יאהל	אוהל	-
אובזר	אובזר	יאובזר	מאובזר	-
אובחן	אובחן	יאובחן	מאובחן	-
אובטח	אובטח	יאובטח	מאובטח	-
אוגד	אגד	יאגד	מאגד	-
אוורר	אורר	יאורר	מאורר	-
אוזכר	אוזכר	יאוזכר	מאוזכר	-
אוחד	אוחד	יאוחד	מאוחד	-
אוית	אית	יאית	מאית	-
אוכל	אוכל	יאוכל	מאוכל	-
אומלל	אומלל	יאומלל	מאומלל	-
אומן	אומן	יאומן	מאומן	-
אומץ	אומץ	יאומץ	מאומץ	-
אונן	אונן	יאונן	מאונן	לאונן
אור	אור	יאור	אור	-
אורס	אורס	יאורס	מאורס	-
אושר	אשר	יאשר	מאשר	-
אותר	אתר	יאתר	מאתר	-
אותת	אותת	יאותת	מאותת	לאותת
אזכר	אזכר	יאזכר	מאזכר	-
אזל	אזל	יאזל	אוזל	לאזול
אחז	אחז	יאחז	אוחז	לאחוז
אחסן	אחסן	יאחסן	מאחסן	-
אטלק	אטלק	יאטלק	מאטלק	-
אטם	אטם	יאטם	אוטם	-
אטר	אטר	יאטר	אוטר	-
איבד	איבד	יאבד	מאבד	לאבד
איבזר	איבזר	יאבזר	מאבזר	לאבזר
איבטח	איבטח	יאבטח	מאבטח	לאבטח
אידה	אידה	יאדה	מאדה	לאדות
איווה	אוה	יאוה	מאוה	-
איזכר	איזכר	יאזכר	מאזכר	לאזכר
איזן	אזן	יאזן	מאזן	-
איחד	איחד	יאחד	מאחד	לאחד
איחל	אחל	יאחל	מאחל	-
איחר	איחר	יאחר	מאחר	לאחר
איים	איים	יאיים	מאיים	לאיים
אייר	איר	יאיר	מאיר	-
איית	אית	יאית	מאית	-
איכל	אכל	יאכל	מאכל	-
איכף	אכף	יאכף	מאכף	-
אילם	אלם	יאלם	מאלם	-
אילף	אילף	יאלף	מאלף	לאלף
אימן	אמן	יאמן	מאמן	-
אימץ	אימץ	יאמץ	מאמץ	לאמץ
אימת	אמת	יאמת	מאמת	-
איפר	אפר	יאפר	מאפר	-
אירח	ארח	יארח	מארח	-
אירע	ארע	-	-	-
אירש	ארש	יארש	מארש	-
אישר	אישר	יאשר	מאשר	לאשר
איתר	אתר	יאתר	מאתר	-
אכזב	אכזב	יאכזב	מאכזב	-
אכל	אכל	יאכל	אוכל	לאכול
אכלס	אכלס	יאכלס	מאכלס	-
אלתר	אלתר	יאלתר	מאלתר	-
אמד	אמד	יאמוד	אומד	לאמוד
אמלל	אמלל	יאמלל	מאמלל	-
אמר	אמר	יאמר	אומר	לומר
אנס	אנס	יאנוס	אונס	לאנוס
אסף	אסף	יאסוף	אוסף	לאסוף
אספן	אספן	יאספן	מאספן	-
אסר	אסר	יאסור	אוסר	לאסור
אפה	אפה	יאפה	אופה	לאפות
אפיין	אפין	יאפין	מאפין	-
אפשר	אפשר	יאפשר	מאפשר	-
אץ	אץ	יאוץ	אץ	לאוץ
אצר	אצר	יאצר	אוצר	-
ארב	ארב	יארוב	אורב	לארוב
ארג	ארג	יארג	אורג	-
ארגן	ארגן	יארגן	מארגן	-
ארז	ארז	יארוז	אורז	לארוז
ארח	ארח	יארח	אורח	לארוח
אשם	אשם	יאשם	אושם	-
אשפז	אשפז	יאשפז	מאשפז	-
אשרר	אשרר	יאשרר	מאשרר	-
אתגר	אתגר	יאתגר	מאתגר	-
אתה	אתה	יאתה	אותה	-
בא	בא	יבוא	בא	לבוא
באש	באש	יבאש	בואש	-
בגד	בגד	יבגוד	בוגד	לבגוד
בדה	בדה	יבדה	בודה	לבדות
בדל	בדל	יבדל	בדל	-
בדק	בדק	יבדוק	בודק	לבדוק
בהה	בהה	יבהה	בוהה	-
בואר	באר	יבאר	מבאר	-
בודד	בודד	יבודד	מבודד	לבודד
בוזה	בזה	יבזה	מבזה	-
בוטא	בוטא	יבוטא	מבוטא	-
בוטל	בוטל	יבוטל	מבוטל	-
בוית	בית	יבית	מבית	-
בוקר	בוקר	יבוקר	מבוקר	-
בורך	בורך	יבורך	מבורך	-
בוש	בוש	יבוש	בוש	לבוש
בז	בז	יבוז	בז	לבוז
בזבז	בזבז	יבזבז	מבזבז	-
בזה	בזה	יבזה	מבזה	-
בחן	בחן	יבחן	בוחן	-
בחר	בחר	יבחר	בוחר	לבחור
בחש	בחש	יבחש	בוחש	-
בטח	בטח	יבטח	בוטח	לבטוח
בטל	בטל	יבטל	בטל	-
ביאס	ביאס	יבאס	מבאס	לבאס
ביאר	ביאר	יבאר	מבאר	לבאר
בידח	בידח	יבדח	מבדח	לבדח
בידל	בידל	יבדל	מבדל	לבדל
ביהל	בהל	יבהל	מבהל	-
ביזבז	ביזבז	יבזבז	מבזבז	לבזבז
ביזה	בזה	יבזה	מבזה	-
ביטא	ביטא	יבטא	מבטא	לבטא
ביטל	ביטל	יבטל	מבטל	לבטל
ביים	בים	יבים	מבים	-
ביית	בית	יבית	מבית	-
ביכה	ביכה	יבכה	מבכה	לבכות
ביכר	ביכר	יבכר	מבכר	לבכר
בילבל	בילבל	יבלבל	מבלבל	לבלבל
בילה	בילה	יבלה	מבלה	לבלות
בילע	בילע	יבלע	מבלע	לבלע
ביסס	בסס	יבסס	מבסס	-
ביער	בער	יבער	מבער	-
ביצע	ביצע	יבצע	מבצע	לבצע
ביקע	ביקע	יבקע	מבקע	לבקע
ביקר	ביקר	יבקר	מבקר	לבקר
ביקש	ביקש	יבקש	מבקש	לבקש
בירך	בירך	יברך	מברך	לברך
בישל	בישל	יבשל	מבשל	לבשל
בישר	בישר	יבשר	מבשר	לבשר
בכה	בכה	יבכה	בוכה	לבכות
בלבל	בלבל	יבלבל	מבלבל	-
בלה	בלה	יבלה	בלה	לבלות
בלט	בלט	יבלט	בולט	-
בלל	בלל	יבלל	בולל	-
בלם	בלם	יבלום	בולם	לבלום
בלע	בלע	יבלע	בולע	לבלוע
בן	בן	יבין	בן	לבין
בנה	בנה	יבנה	בונה	לבנות
בעבע	בעבע	יבעבע	מבעבע	-
בעט	בעט	יבעט	בועט	לבעוט
בעל	בעל	יבעל	בועל	לבעול
בער	בער	יבער	בוער	לבעור
בצר	בצר	יבצר	בוצר	-
בקבק	בקבק	יבקבק	מבקבק	-
בקע	בקע	יבקע	בוקע	לבקוע
ברא	ברא	יברא	בורא	לברוא
ברבר	ברבר	יברבר	מברבר	-
ברח	ברח	יברח	בורח	לברוח
ברר	ברר	יבר	בורר	-
בתר	בתר	יבתר	בותר	-
גאה	גאה	יגאה	גואה	-
גאל	גאל	יגאל	גואל	לגאול
גבה	גבה	יגבה	גובה	-
גבל	גבל	יגבל	גובל	-
גבר	גבר	יגבר	גובר	לגבור
גדל	גדל	יגדל	גדל	לגדול
גדש	גדש	יגדש	גודש	-
גווע	גוע	יגוע	גווע	-
גויס	גיס	יגיס	מגיס	-
גולה	גולה	יגולה	מגולה	-
גורש	גורש	יגורש	מגורש	-
גז	גז	יגוז	גז	לגוז
גזז	גזז	יגזז	גוזז	-
גזל	גזל	יגזל	גוזל	-
גזר	גזר	יגזור	גוזר	לגזור
גז׳דר	גז׳דר	יגז׳דר	מגז׳דר	-
גחן	גחן	יגחן	גוחן	-
גיבה	גיבה	יגבה	מגבה	לגבות
גיגל	גגל	יגגל	מגגל	-
גידל	גידל	יגדל	מגדל	לגדל
גידף	גדף	יגדף	מגדף	-
גיהק	גהק	יגהק	מגהק	-
גייס	גיס	יגיס	מגיס	-
גייר	גיר	יגיר	מגיר	-
גילגל	גילגל	יגלגל	מגלגל	לגלגל
גילה	גילה	יגלה	מגלה	לגלות
גילח	גילח	יגלח	מגלח	לגלח
גילף	גלף	יגלף	מגלף	-
גימד	גימד	יגמד	מגמד	לגמד
גינה	גינה	יגנה	מגנה	לגנות
גינן	גנן	יגנן	מגנן	-
גירד	גרד	יגרד	מגרד	-
גירה	גירה	יגרה	מגרה	לגרות
גירר	גרר	יגרר	מגרר	-
גירש	גירש	יגרש	מגרש	לגרש
גישר	גשר	יגשר	מגשר	-
גישש	גשש	יגשש	מגשש	-
גלגל	גלגל	יגלגל	מגלגל	-
גלה	גלה	יגלה	גולה	לגלות
גלל	גלל	יגלל	גולל	-
גלף	גלף	יגלף	גולף	-
גלש	גלש	יגלש	גולש	-
גמגם	גמגם	יגמגם	מגמגם	-
גמל	גמל	יגמול	גומל	לגמול
גמר	גמר	יגמור	גומר	לגמור
גנב	גנב	יגנוב	גונב	לגנוב
גנז	גנז	יגנוז	גונז	לגנוז
גנן	גנן	יגנן	גונן	-
גר	גר	יגור	גר	לגור
גרב	גרב	יגרוב	גורב	לגרוב
גרם	גרם	יגרום	גורם	לגרום
גרס	גרס	יגרס	גורס	-
גרף	גרף	יגרף	גורף	-
גרר	גרר	יגרור	גורר	לגרור
גשר	גשר	יגשר	גושר	-
ג׳ונרט	ג׳נרט	יג׳נרט	מג׳נרט	-
דאב	דאב	ידאב	דואב	-
דאג	דאג	ידאג	דואג	לדאוג
דאה	דאה	ידאה	דואה	לדאות
דבלל	דבלל	ידבלל	מדבלל	-
דבק	דבק	ידבק	דובק	לדבוק
דג	דג	ידוג	דג	לדוג
דגדג	דגדג	ידגדג	מדגדג	-
דהר	דהר	ידהר	דוהר	-
דובר	דובר	ידובר	מדובר	-
דוכא	דוכא	ידוכא	מדוכא	-
דוכדך	דוכדך	ידוכדך	מדוכדך	-
דומה	דמה	ידמה	מדמה	-
דחה	דחה	ידחה	דוחה	לדחות
דחס	דחס	ידחס	דוחס	-
דחף	דחף	ידחוף	דוחף	לדחוף
דיבר	דיבר	ידבר	מדבר	לדבר
דיגדג	דיגדג	ידגדג	מדגדג	לדגדג
דיגל	דיגל	ידגל	מדגל	לדגל
דיווח	דוח	ידוח	מדוח	-
דיכא	דיכא	ידכא	מדכא	לדכא
דיכדך	דיכדך	ידכדך	מדכדך	לדכדך
דילל	דלל	ידלל	מדלל	-
דימה	דמה	ידמה	מדמה	-
דימם	דימם	ידמם	מדמם	לדמם
דכדך	דכדך	ידכדך	מדכדך	-
דלה	דלה	ידלה	דולה	לדלות
דלף	דלף	ידלף	דולף	-
דלק	דלק	ידלק	דולק	-
דמה	דמה	ידמה	דומה	לדמות
דמיין	דמיין	ידמיין	מדמיין	-
דמם	דמם	ידם	דומם	-
דמע	דמע	ידמע	דומע	-
דן	דן	ידון	דן	לדון
דעך	דעך	ידעך	דועך	-
דפדף	דפדף	ידפדף	מדפדף	-
דפס	דפס	ידפס	דופס	-
דפק	דפק	ידפוק	דופק	לדפוק
דקלם	דקלם	ידקלם	מדקלם	-
דקר	דקר	ידקור	דוקר	לדקור
דר	דר	ידור	דר	לדור
דרדר	דרדר	ידרדר	מדרדר	-
דרך	דרך	ידרוך	דורך	לדרוך
דרס	דרס	ידרוס	דורס	לדרוס
דרש	דרש	ידרוש	דורש	לדרוש
דש	דש	ידוש	דש	לדוש
דשא	דשא	ידשא	דושא	-
האביס	האביס	יאביס	מאביס	להאביס
האביר	האביר	יאביר	מאביר	-
האדים	האדים	יאדים	מאדים	-
האזין	האזין	יאזין	מאזין	-
האחיד	האחיד	יאחיד	מאחיד	-
האט	האט	יאט	מאט	להאט
האיץ	האיץ	יאיץ	מאיץ	להאיץ
האיר	האיר	יאיר	מאיר	להאיר
האמין	האמין	יאמין	מאמין	להאמין
האמיר	האמיר	יאמיר	מאמיר	-
האריך	האריך	יאריך	מאריך	-
האשים	האשים	יאשים	מאשים	-
הבאיש	הבאיש	יבאיש	מבאיש	-
הבדיל	הבדיל	יבדיל	מבדיל	להבדיל
הבהיר	הבהיר	יבהיר	מבהיר	להבהיר
הבטיח	הבטיח	יבטיח	מבטיח	להבטיח
הביא	הביא	יביא	מביא	להביא
הביט	הביט	יביט	מביט	להביט
הביך	הביך	יביך	מביך	-
הבין	הבין	יבין	מבין	להבין
הביס	הביס	יביס	מביס	להביס
הביע	הביע	יביע	מביע	-
הבליט	הבליט	יבליט	מבליט	-
הבליע	הבליע	יבליע	מבליע	להבליע
הבנה	הבנה	יבנה	מבנה	-
הבעיר	הבעיר	יבעיר	מבעיר	-
הבקיע	הבקיע	יבקיע	מבקיע	-
הבריא	הבריא	יבריא	מבריא	-
הבריג	הבריג	יבריג	מבריג	להבריג
הבריח	הבריח	יבריח	מבריח	-
הבריק	הבריק	יבריק	מבריק	-
הבשיל	הבשיל	יבשיל	מבשיל	-
הגביה	הגביה	יגביה	מגביה	-
הגביל	הגביל	יגביל	מגביל	להגביל
הגביר	הגביר	יגביר	מגביר	להגביר
הגדיל	הגדיל	יגדיל	מגדיל	להגדיל
הגדיר	הגדיר	יגדיר	מגדיר	-
הגה	הגה	יהגה	הוגה	להגות
הגזים	הגזים	יגזים	מגזים	להגזים
הגיב	הגיב	יגיב	מגיב	להגיב
הגיד	הגיד	יגיד	מגיד	להגיד
הגיח	הגיח	יגיח	מגיח	-
הגיע	הגיע	יגיע	מגיע	להגיע
הגיף	הגיף	יגיף	מגיף	-
הגיש	הגיש	יגיש	מגיש	-
הגן	הגן	יגן	מגן	להגן
הגניב	הגניב	יגניב	מגניב	-
הגעיל	הגעיל	יגעיל	מגעיל	-
הדאיג	הדאיג	ידאיג	מדאיג	להדאיג
הדביק	הדביק	ידביק	מדביק	-
הדגים	הדגים	ידגים	מדגים	-
הדגיש	הדגיש	ידגיש	מדגיש	-
הדהים	הדהים	ידהים	מדהים	-
הדחיק	הדחיק	ידחיק	מדחיק	-
הדיח	הדיח	ידיח	מדיח	-
הדליק	הדליק	ידליק	מדליק	להדליק
הדפיס	הדפיס	ידפיס	מדפיס	-
הדריך	הדריך	ידריך	מדריך	להדריך
הדרים	הדרים	ידרים	מדרים	-
הדשיא	הדשיא	ידשיא	מדשיא	-
ההסה	ההסה	יהסה	מהסה	-
הואיל	הואיל	יואיל	מואיל	-
הואץ	הואץ	יואץ	מואץ	-
הואר	הואר	יואר	מואר	-
הוארך	הארך	יארך	מארך	-
הוביל	הוביל	יוביל	מוביל	להוביל
הובל	הובל	יובל	מובל	-
הובס	הובס	יובס	מובס	-
הוברח	הברח	יברח	מברח	-
הוגבר	הוגבר	יוגבר	מוגבר	-
הוגנב	הגנב	יגנב	מגנב	-
הודאג	הדאג	ידאג	מדאג	-
הודה	הודה	יודה	מודה	להודות
הודיע	הודיע	יודיע	מודיע	להודיע
הווריד	הוריד	יוריד	מוריד	-
הוזז	הוזז	יוזז	מוזז	-
הוזיל	הוזיל	יוזיל	מוזיל	-
הוזכר	הוזכר	יוזכר	מוזכר	-
הוחלט	הוחלט	יוחלט	מוחלט	-
הוטב	הוטב	יוטב	מוטב	-
הוכה	הוכה	יוכה	מוכה	-
הוכח	הוכח	יוכח	מוכח	-
הוכיח	הוכיח	יוכיח	מוכיח	להוכיח
הוכן	הוכן	יוכן	מוכן	-
הוכנס	הוכנס	יוכנס	מוכנס	-
הוכר	הוכר	יוכר	מוכר	-
הוכרח	הכרח	יכרח	מכרח	-
הוכשר	הוכשר	יוכשר	מוכשר	-
הוכתר	הכתר	יכתר	מכתר	-
הוליד	הוליד	יוליד	מוליד	להוליד
הוליך	הוליך	יוליך	מוליך	-
הוסב	הוסב	יוסב	מוסב	-
הוסיף	הוסיף	יוסיף	מוסיף	להוסיף
הוסע	הוסע	יוסע	מוסע	-
הוסף	הוסף	יוסף	מוסף	-
הועבר	העבר	יעבר	מעבר	-
הועיל	הועיל	יועיל	מועיל	-
הופיע	הופיע	יופיע	מופיע	להופיע
הופל	הופל	יופל	מופל	-
הופשט	הופשט	יופשט	מופשט	-
הופתע	הפתע	יפתע	מפתע	-
הוצא	הוצא	יוצא	מוצא	-
הוציא	הוציא	יוציא	מוציא	להוציא
הוצל	הוצל	יוצל	מוצל	-
הוצע	הוצע	יוצע	מוצע	-
הוקיע	הוקיע	יוקיע	מוקיע	-
הוקלט	הקלט	יקלט	מקלט	-
הוקם	הוקם	יוקם	מוקם	-
הוקף	הוקף	יוקף	מוקף	-
הוקשח	הקשח	יקשח	מקשח	-
הוראה	הוראה	יוראה	מוראה	-
הורגש	הורגש	יורגש	מורגש	-
הורד	הורד	יורד	מורד	-
הורה	הורה	יורה	מורה	להורות
הוריד	הוריד	יוריד	מוריד	להוריד
הוריק	הוריק	יוריק	מוריק	-
הוריש	הוריש	יוריש	מוריש	להוריש
הורעל	הרעל	ירעל	מרעל	-
הורשע	הורשע	יורשע	מורשע	-
הושב	הושב	יושב	מושב	-
הושיב	הושיב	יושיב	מושיב	להושיב
הושיע	הושיע	יושיע	מושיע	להושיע
הושלט	הושלט	יושלט	מושלט	-
הושלם	השלם	ישלם	משלם	-
הושעה	השעה	ישעה	משעה	-
הושפע	השפע	ישפע	משפע	-
הושתק	הושתק	יושתק	מושתק	-
הותיר	הותיר	יותיר	מותיר	להותיר
הותפל	הותפל	יותפל	מותפל	-
הותקן	הותקן	יותקן	מותקן	-
הותקף	הותקף	יותקף	מותקף	-
הותש	התש	יתש	מתש	-
הזדהה	הזדהה	יזדהה	מזדהה	-
הזדיין	הזדין	יזדין	מזדין	-
הזדעזע	הזדעזע	יזדעזע	מזדעזע	להזדעזע
הזדקן	הזדקן	יזדקן	מזדקן	להזדקן
הזדקף	הזדקף	יזדקף	מזדקף	-
הזדקק	הזדקק	יזדקק	מזדקק	-
הזדרז	הזדרז	יזדרז	מזדרז	להזדרז
הזה	הזה	יהזה	הוזה	להזות
הזהיר	הזהיר	יזהיר	מזהיר	-
הזיז	הזיז	יזיז	מזיז	להזיז
הזיע	הזיע	יזיע	מזיע	להזיע
הזיק	הזיק	יזיק	מזיק	להזיק
הזכיר	הזכיר	יזכיר	מזכיר	להזכיר
הזליף	הזליף	יזליף	מזליף	-
הזמין	הזמין	יזמין	מזמין	להזמין
הזניח	הזניח	יזניח	מזניח	-
הזריק	הזריק	יזריק	מזריק	-
החביא	החביא	יחביא	מחביא	-
החדיר	החדיר	יחדיר	מחדיר	-
החווה	החוה	יחוה	מחוה	-
החזיק	החזיק	יחזיק	מחזיק	-
החזיר	החזיר	יחזיר	מחזיר	להחזיר
החטיא	החטיא	יחטיא	מחטיא	-
החיה	החיה	יחיה	מחיה	-
החיל	החיל	יחיל	מחיל	להחיל
החכים	החכים	יחכים	מחכים	להחכים
החל	החל	יחל	מחל	להחל
החליד	החליד	יחליד	מחליד	-
החליט	החליט	יחליט	מחליט	להחליט
החליף	החליף	יחליף	מחליף	-
החליק	החליק	יחליק	מחליק	להחליק
החמיא	החמיא	יחמיא	מחמיא	-
החמיץ	החמיץ	יחמיץ	מחמיץ	להחמיץ
החנה	החנה	יחנה	מחנה	-
החרים	החרים	יחרים	מחרים	-
החשיך	החשיך	יחשיך	מחשיך	-
הטביע	הטביע	יטביע	מטביע	להטביע
הטה	הטה	יטה	מטה	להטות
הטהר	הטהר	יטהר	מטהר	-
הטיב	הטיב	יטיב	מטיב	להטיב
הטיל	הטיל	יטיל	מטיל	-
הטיס	הטיס	יטיס	מטיס	-
הטיף	הטיף	יטיף	מטיף	-
הטמין	הטמין	יטמין	מטמין	-
הטעה	הטעה	יטעה	מטעה	-
הטעים	הטעים	יטעים	מטעים	-
היגר	הגר	יהגר	מהגר	-
הידק	הדק	יהדק	מהדק	-
היה	היה	יהיה	הווה	להיות
היווה	הוה	יהוה	מהוה	-
היוון	הון	יהון	מהון	-
היטגן	היטגן	ייטגן	מיטגן	להיטגן
היטהר	היטהר	ייטהר	מיטהר	להיטהר
היטיב	היטיב	ייטיב	מיטיב	להיטיב
היטנף	היטנף	ייטנף	מיטנף	להיטנף
הילל	הילל	יהלל	מהלל	להלל
הימהם	הימהם	יהמהם	מהמהם	להמהם
הימין	הימין	יימין	מימין	להימין
הימם	המם	יהמם	מהמם	-
הימר	המר	יהמר	מהמר	-
הימשה	המשה	ימשה	ממשה	-
היניק	היניק	ייניק	מיניק	להיניק
היסס	הסס	יהסס	מהסס	-
הירס	הרס	יהרס	מהרס	-
הכאיב	הכאיב	יכאיב	מכאיב	-
הכביד	הכביד	יכביד	מכביד	-
הכה	הכה	יכה	מכה	להכות
הכחיד	הכחיד	יכחיד	מכחיד	-
הכחיל	הכחיל	יכחיל	מכחיל	-
הכחיש	הכחיש	יכחיש	מכחיש	להכחיש
הכיל	הכיל	יכיל	מכיל	להכיל
הכין	הכין	יכין	מכין	להכין
הכיר	הכיר	יכיר	מכיר	להכיר
הכיש	הכיש	יכיש	מכיש	-
הכליל	הכליל	יכליל	מכליל	-
הכניס	הכניס	יכניס	מכניס	להכניס
הכניע	הכניע	יכניע	מכניע	-
הכעיס	הכעיס	יכעיס	מכעיס	להכעיס
הכפיל	הכפיל	יכפיל	מכפיל	-
הכריז	הכריז	יכריז	מכריז	להכריז
הכריח	הכריח	יכריח	מכריח	להכריח
הכריע	הכריע	יכריע	מכריע	-
הכשיל	הכשיל	יכשיל	מכשיל	-
הכשיר	הכשיר	יכשיר	מכשיר	להכשיר
הכתיב	הכתיב	יכתיב	מכתיב	-
הכתים	הכתים	יכתים	מכתים	-
הכתיר	הכתיר	יכתיר	מכתיר	-
הלאים	הלאים	ילאים	מלאים	-
הלבין	הלבין	ילבין	מלבין	-
הלביש	הלביש	ילביש	מלביש	להלביש
הלהיט	הלהיט	ילהיט	מלהיט	-
הלווה	הלוה	ילוה	מלוה	-
הלחים	הלחים	ילחים	מלחים	-
הלחיץ	הלחיץ	ילחיץ	מלחיץ	-
הלך	הלך	ילך	הולך	ללכת
הלם	הלם	יהלם	הולם	-
הלעיב	הלעיב	ילעיב	מלעיב	-
הלעיט	הלעיט	ילעיט	מלעיט	-
הלשין	הלשין	ילשין	מלשין	-
המה	המה	יהמה	הומה	-
המהם	המהם	יהמהם	מהמהם	-
המחיז	המחיז	ימחיז	ממחיז	-
המחיש	המחיש	ימחיש	ממחיש	-
המיר	המיר	ימיר	ממיר	-
המית	המית	ימית	ממית	להמית
המליח	המליח	ימליח	ממליח	-
המליך	המליך	ימליך	ממליך	-
המליץ	המליץ	ימליץ	ממליץ	להמליץ
המס	המס	ימס	ממס	-
המציא	המציא	ימציא	ממציא	להמציא
המקים	המקים	ימקים	ממקים	-
המריא	המריא	ימריא	ממריא	-
המשיך	המשיך	ימשיך	ממשיך	-
המתין	המתין	ימתין	ממתין	להמתין
הנדס	הנדס	יהנדס	מהנדס	-
הנהיג	הנהיג	ינהיג	מנהיג	-
הנחה	הנחה	ינחה	מנחה	להנחות
הנחיל	הנחיל	ינחיל	מנחיל	-
הניח	הניח	יניח	מניח	להניח
הניף	הניף	יניף	מניף	-
הנמיך	הנמיך	ינמיך	מנמיך	-
הנפיש	הנפיש	ינפיש	מנפיש	-
הסב	הסב	יסב	מסב	להסב
הסביר	הסביר	יסביר	מסביר	להסביר
הסגביר	הסגביר	יסגביר	מסגביר	-
הסגיר	הסגיר	יסגיר	מסגיר	-
הסיט	הסיט	יסיט	מסיט	-
הסיע	הסיע	יסיע	מסיע	להסיע
הסיק	הסיק	יסיק	מסיק	-
הסיר	הסיר	יסיר	מסיר	להסיר
הסכים	הסכים	יסכים	מסכים	להסכים
הסמיך	הסמיך	יסמיך	מסמיך	-
הסמיק	הסמיק	יסמיק	מסמיק	להסמיק
הסניף	הסניף	יסניף	מסניף	-
הספיג	הספיג	יספיג	מספיג	-
הספיק	הספיק	יספיק	מספיק	-
הסתבך	הסתבך	יסתבך	מסתבך	-
הסתגל	הסתגל	יסתגל	מסתגל	-
הסתגר	הסתגר	יסתגר	מסתגר	להסתגר
הסתדר	הסתדר	יסתדר	מסתדר	-
הסתובב	הסתובב	יסתובב	מסתובב	-
הסתופף	הסתופף	יסתופף	מסתופף	-
הסתיים	הסתים	יסתים	מסתים	-
הסתיר	הסתיר	יסתיר	מסתיר	להסתיר
הסתכל	הסתכל	יסתכל	מסתכל	להסתכל
הסתכן	הסתכן	יסתכן	מסתכן	-
הסתלק	הסתלק	יסתלק	מסתלק	-
הסתמן	הסתמן	יסתמן	מסתמן	-
הסתעף	הסתעף	יסתעף	מסתעף	להסתעף
הסתערב	הסתערב	יסתערב	מסתערב	להסתערב
הסתפק	הסתפק	יסתפק	מסתפק	-
הסתפר	הסתפר	יסתפר	מסתפר	-
הסתתר	הסתתר	יסתתר	מסתתר	להסתתר
העביד	העביד	יעביד	מעביד	-
העביר	העביר	יעביר	מעביר	להעביר
העדה	העדה	יעדה	מעדה	-
העדין	העדין	יעדין	מעדין	-
העדיף	העדיף	יעדיף	מעדיף	להעדיף
העז	העז	יעז	מעז	להעז
העטיר	העטיר	יעטיר	מעטיר	להעטיר
העיז	העיז	יעיז	מעיז	-
העיף	העיף	יעיף	מעיף	להעיף
העיר	העיר	יעיר	מעיר	להעיר
העלה	העלה	יעלה	מעלה	להעלות
העליב	העליב	יעליב	מעליב	-
העלים	העלים	יעלים	מעלים	להעלים
העמיד	העמיד	יעמיד	מעמיד	להעמיד
העמיס	העמיס	יעמיס	מעמיס	-
העמיק	העמיק	יעמיק	מעמיק	להעמיק
העניק	העניק	יעניק	מעניק	-
העניש	העניש	יעניש	מעניש	-
העפיל	העפיל	יעפיל	מעפיל	-
העציב	העציב	יעציב	מעציב	-
העצים	העצים	יעצים	מעצים	-
העריך	העריך	יעריך	מעריך	להעריך
העריץ	העריץ	יעריץ	מעריץ	להעריץ
העתיק	העתיק	יעתיק	מעתיק	-
הפגיז	הפגיז	יפגיז	מפגיז	-
הפגין	הפגין	יפגין	מפגין	להפגין
הפחיד	הפחיד	יפחיד	מפחיד	להפחיד
הפחית	הפחית	יפחית	מפחית	להפחית
הפטיר	הפטיר	יפטיר	מפטיר	להפטיר
הפיל	הפיל	יפיל	מפיל	להפיל
הפיץ	הפיץ	יפיץ	מפיץ	להפיץ
הפיק	הפיק	יפיק	מפיק	-
הפך	הפך	יהפוך	הופך	להפוך
הפלה	הפלה	יפלה	מפלה	-
הפליא	הפליא	יפליא	מפליא	להפליא
הפליג	הפליג	יפליג	מפליג	-
הפליט	הפליט	יפליט	מפליט	-
הפליץ	הפליץ	יפליץ	מפליץ	להפליץ
הפנה	הפנה	יפנה	מפנה	-
הפנים	הפנים	יפנים	מפנים	-
הפסיד	הפסיד	יפסיד	מפסיד	להפסיד
הפסיק	הפסיק	יפסיק	מפסיק	להפסיק
הפעיל	הפעיל	יפעיל	מפעיל	להפעיל
הפציץ	הפציץ	יפציץ	מפציץ	-
הפציר	הפציר	יפציר	מפציר	-
הפקיע	הפקיע	יפקיע	מפקיע	-
הפקיר	הפקיר	יפקיר	מפקיר	-
הפר	הפר	יפר	מפר	להפר
הפריד	הפריד	יפריד	מפריד	-
הפריע	הפריע	יפריע	מפריע	להפריע
הפריש	הפריש	יפריש	מפריש	-
הפשיט	הפשיט	יפשיט	מפשיט	להפשיט
הפשיר	הפשיר	יפשיר	מפשיר	-
הפתיע	הפתיע	יפתיע	מפתיע	להפתיע
הצביע	הצביע	יצביע	מצביע	להצביע
הצדיע	הצדיע	יצדיע	מצדיע	-
הצהיב	הצהיב	יצהיב	מצהיב	-
הצהיר	הצהיר	יצהיר	מצהיר	להצהיר
הצחיק	הצחיק	יצחיק	מצחיק	להצחיק
הצטבר	הצטבר	יצטבר	מצטבר	-
הצטברח	הצטברח	יצטברח	מצטברח	להצטברח
הצטחק	הצטחק	יצטחק	מצטחק	להצטחק
הצטלם	הצטלם	יצטלם	מצטלם	להצטלם
הצטמק	הצטמק	יצטמק	מצטמק	-
הצטנן	הצטנן	יצטנן	מצטנן	להצטנן
הצטער	הצטער	יצטער	מצטער	להצטער
הצטרך	הצטרך	יצטרך	מצטרך	-
הצטרף	הצטרף	יצטרף	מצטרף	להצטרף
הציב	הציב	יציב	מציב	-
הציג	הציג	יציג	מציג	-
הציל	הציל	יציל	מציל	להציל
הציע	הציע	יציע	מציע	להציע
הציף	הציף	יציף	מציף	-
הציץ	הציץ	יציץ	מציץ	-
הצית	הצית	יצית	מצית	להצית
הצל	הצל	יצל	מצל	להצל
הצליח	הצליח	יצליח	מצליח	להצליח
הצמיד	הצמיד	יצמיד	מצמיד	-
הצעיק	הצעיק	יצעיק	מצעיק	-
הצפין	הצפין	יצפין	מצפין	-
הקביל	הקביל	יקביל	מקביל	להקביל
הקדים	הקדים	יקדים	מקדים	-
הקדיש	הקדיש	יקדיש	מקדיש	-
הקהיל	הקהיל	יקהיל	מקהיל	-
הקטין	הקטין	יקטין	מקטין	להקטין
הקטיר	הקטיר	יקטיר	מקטיר	להקטיר
הקיא	הקיא	יקיא	מקיא	-
הקים	הקים	יקים	מקים	להקים
הקיף	הקיף	יקיף	מקיף	להקיף
הקיץ	הקיץ	יקיץ	מקיץ	-
הקיש	הקיש	יקיש	מקיש	-
הקל	הקל	יקל	מקל	להקל
הקליד	הקליד	יקליד	מקליד	-
הקליט	הקליט	יקליט	מקליט	-
הקליק	הקליק	יקליק	מקליק	-
הקסים	הקסים	יקסים	מקסים	-
הקפיא	הקפיא	יקפיא	מקפיא	להקפיא
הקפיץ	הקפיץ	יקפיץ	מקפיץ	-
הקציב	הקציב	יקציב	מקציב	-
הקציף	הקציף	יקציף	מקציף	-
הקר	הקר	יקר	מקר	להקר
הקריא	הקריא	יקריא	מקריא	להקריא
הקריב	הקריב	יקריב	מקריב	-
הקרין	הקרין	יקרין	מקרין	-
הקריס	הקריס	יקריס	מקריס	להקריס
הקריש	הקריש	יקריש	מקריש	-
הקשה	הקשה	יקשה	מקשה	-
הקשיב	הקשיב	יקשיב	מקשיב	להקשיב
הקשיח	הקשיח	יקשיח	מקשיח	-
הראה	הראה	יראה	מראה	להראות
הרבה	הרבה	ירבה	מרבה	להרבות
הרביץ	הרביץ	ירביץ	מרביץ	-
הרג	הרג	יהרוג	הורג	להרוג
הרגיז	הרגיז	ירגיז	מרגיז	-
הרגיע	הרגיע	ירגיע	מרגיע	להרגיע
הרגיש	הרגיש	ירגיש	מרגיש	להרגיש
הרהר	הרהר	יהרהר	מהרהר	-
הרוויח	הרויח	ירויח	מרויח	-
הרחיב	הרחיב	ירחיב	מרחיב	להרחיב
הרחיק	הרחיק	ירחיק	מרחיק	להרחיק
הרטיב	הרטיב	ירטיב	מרטיב	להרטיב
הריח	הריח	יריח	מריח	להריח
הרים	הרים	ירים	מרים	להרים
הריץ	הריץ	יריץ	מריץ	-
הריק	הריק	יריק	מריק	-
הרכיב	הרכיב	ירכיב	מרכיב	להרכיב
הרס	הרס	יהרס	הורס	-
הרע	הרע	ירע	מרע	להרע
הרעיל	הרעיל	ירעיל	מרעיל	-
הרצה	הרצה	ירצה	מרצה	-
הרשה	הרשה	ירשה	מרשה	-
הרשים	הרשים	ירשים	מרשים	להרשים
הרתיח	הרתיח	ירתיח	מרתיח	להרתיח
השאיל	השאיל	ישאיל	משאיל	-
השאיר	השאיר	ישאיר	משאיר	-
השביח	השביח	ישביח	משביח	-
השבית	השבית	ישבית	משבית	-
השגיח	השגיח	ישגיח	משגיח	-
השהה	השהה	ישהה	משהה	להשהות
השווה	השוה	ישוה	משוה	-
השוויץ	השויץ	ישויץ	משויץ	-
השחיז	השחיז	ישחיז	משחיז	-
השחים	השחים	ישחים	משחים	להשחים
השחיר	השחיר	ישחיר	משחיר	-
השחית	השחית	ישחית	משחית	-
השיא	השיא	ישיא	משיא	-
השיב	השיב	ישיב	משיב	להשיב
השיג	השיג	ישיג	משיג	להשיג
השים	השים	ישים	משים	-
השיר	השיר	ישיר	משיר	-
השכיב	השכיב	ישכיב	משכיב	-
השכים	השכים	ישכים	משכים	-
השליג	השליג	ישליג	משליג	להשליג
השליט	השליט	ישליט	משליט	להשליט
השליך	השליך	ישליך	משליך	להשליך
השלים	השלים	ישלים	משלים	להשלים
השליש	השליש	ישליש	משליש	-
השמיד	השמיד	ישמיד	משמיד	להשמיד
השמיט	השמיט	ישמיט	משמיט	-
השמין	השמין	ישמין	משמין	-
השמיע	השמיע	ישמיע	משמיע	להשמיע
השעה	השעה	ישעה	משעה	-
השפיל	השפיל	ישפיל	משפיל	-
השפיע	השפיע	ישפיע	משפיע	להשפיע
השפריץ	השפריץ	ישפריץ	משפריץ	-
השקה	השקה	ישקה	משקה	להשקות
השקיע	השקיע	ישקיע	משקיע	-
השקיף	השקיף	ישקיף	משקיף	-
השרה	השרה	ישרה	משרה	-
השתאה	השתאה	ישתאה	משתאה	-
השתגע	השתגע	ישתגע	משתגע	להשתגע
השתדל	השתדל	ישתדל	משתדל	להשתדל
השתהד	השתהד	ישתהד	משתהד	-
השתוחח	השתוחח	ישתוחח	משתוחח	להשתוחח
השתזף	השתזף	ישתזף	משתזף	להשתזף
השתחוה	השתחוה	ישתחוה	משתחוה	-
השתחווה	השתחווה	ישתחוה	משתחווה	להשתחוות
השתחרר	השתחרר	ישתחרר	משתחרר	להשתחרר
השתייך	השתיך	ישתיך	משתיך	-
השתיל	השתיל	ישתיל	משתיל	להשתיל
השתין	השתין	ישתין	משתין	להשתין
השתיק	השתיק	ישתיק	משתיק	להשתיק
השתכנז	השתכנז	ישתכנז	משתכנז	להשתכנז
השתכנע	השתכנע	ישתכנע	משתכנע	להשתכנע
השתכר	השתכר	ישתכר	משתכר	להשתכר
השתלב	השתלב	ישתלב	משתלב	-
השתלח	השתלח	ישתלח	משתלח	להשתלח
השתלט	השתלט	ישתלט	משתלט	להשתלט
השתמד	השתמד	ישתמד	משתמד	-
השתמט	השתמט	ישתמט	משתמט	-
השתמר	השתמר	ישתמר	משתמר	להשתמר
השתמש	השתמש	ישתמש	משתמש	להשתמש
השתנה	השתנה	ישתנה	משתנה	להשתנות
השתנק	השתנק	ישתנק	משתנק	-
השתעל	השתעל	ישתעל	משתעל	-
השתעמם	השתעמם	ישתעמם	משתעמם	-
השתפר	השתפר	ישתפר	משתפר	להשתפר
השתרש	השתרש	ישתרש	משתרש	-
השתתף	השתתף	ישתתף	משתתף	להשתתף
התאבד	התאבד	יתאבד	מתאבד	להתאבד
התאבך	התאבך	יתאבך	מתאבך	להתאבך
התאבל	התאבל	יתאבל	מתאבל	להתאבל
התאגד	התאגד	יתאגד	מתאגד	להתאגד
התאגרף	התאגרף	יתאגרף	מתאגרף	להתאגרף
התאדה	התאדה	יתאדה	מתאדה	להתאדות
התאהב	התאהב	יתאהב	מתאהב	להתאהב
התאווה	התאוה	יתאוה	מתאוה	-
התאושש	התאושש	יתאושש	מתאושש	להתאושש
התאזן	התאזן	יתאזן	מתאזן	להתאזן
התאזרח	התאזרח	יתאזרח	מתאזרח	להתאזרח
התאחד	התאחד	יתאחד	מתאחד	-
התאים	התאים	יתאים	מתאים	-
התאכזב	התאכזב	יתאכזב	מתאכזב	להתאכזב
התאלמן	התאלמן	יתאלמן	מתאלמן	-
התאמן	התאמן	יתאמן	מתאמן	להתאמן
התאמץ	התאמץ	יתאמץ	מתאמץ	להתאמץ
התאסלם	התאסלם	יתאסלם	מתאסלם	-
התאסף	התאסף	יתאסף	מתאסף	להתאסף
התאפיין	התאפין	יתאפין	מתאפין	-
התאפק	התאפק	יתאפק	מתאפק	-
התאפר	התאפר	יתאפר	מתאפר	-
התאקלם	התאקלם	יתאקלם	מתאקלם	-
התארגן	התארגן	יתארגן	מתארגן	להתארגן
התבדח	התבדח	יתבדח	מתבדח	להתבדח
התבודד	התבודד	יתבודד	מתבודד	להתבודד
התבונן	התבונן	יתבונן	מתבונן	-
התבוסס	התבוסס	יתבוסס	מתבוסס	-
התבזבז	התבזבז	יתבזבז	מתבזבז	להתבזבז
התבטא	התבטא	יתבטא	מתבטא	להתבטא
התבטל	התבטל	יתבטל	מתבטל	-
התבכיין	התבכין	יתבכין	מתבכין	-
התבלבל	התבלבל	יתבלבל	מתבלבל	להתבלבל
התבלה	התבלה	יתבלה	מתבלה	להתבלות
התבקש	התבקש	יתבקש	מתבקש	להתבקש
התבשל	התבשל	יתבשל	מתבשל	להתבשל
התגאה	התגאה	יתגאה	מתגאה	-
התגבר	התגבר	יתגבר	מתגבר	להתגבר
התגבש	התגבש	יתגבש	מתגבש	-
התגונן	התגונן	יתגונן	מתגונן	-
התגורר	התגורר	יתגורר	מתגורר	-
התגייס	התגיס	יתגיס	מתגיס	-
התגייר	התגיר	יתגיר	מתגיר	-
התגלגל	התגלגל	יתגלגל	מתגלגל	להתגלגל
התגלה	התגלה	יתגלה	מתגלה	להתגלות
התגלח	התגלח	יתגלח	מתגלח	להתגלח
התגעגע	התגעגע	יתגעגע	מתגעגע	להתגעגע
התגרש	התגרש	יתגרש	מתגרש	להתגרש
התגשם	התגשם	יתגשם	מתגשם	-
התהווה	התהוה	יתהוה	מתהוה	-
התוודע	התודע	יתודע	מתודע	-
התווה	התוה	יתוה	מתוה	-
התווכח	התווכח	יתווכח	מתווכח	להתווכח
התוכח	התוכח	יתוכח	מתוכח	להתוכח
התחבא	התחבא	יתחבא	מתחבא	להתחבא
התחבר	התחבר	יתחבר	מתחבר	להתחבר
התחדד	התחדד	יתחדד	מתחדד	-
התחדש	התחדש	יתחדש	מתחדש	-
התחזק	התחזק	יתחזק	מתחזק	-
התחיל	התחיל	יתחיל	מתחיל	להתחיל
התחלק	התחלק	יתחלק	מתחלק	-
התחמם	התחמם	יתחמם	מתחמם	להתחמם
התחמק	התחמק	יתחמק	מתחמק	-
התחנך	התחנך	יתחנך	מתחנך	להתחנך
התחנן	התחנן	יתחנן	מתחנן	להתחנן
התחסן	התחסן	יתחסן	מתחסן	-
התחפש	התחפש	יתחפש	מתחפש	להתחפש
התחרה	התחרה	יתחרה	מתחרה	-
התחרט	התחרט	יתחרט	מתחרט	להתחרט
התחשב	התחשב	יתחשב	מתחשב	-
התחשמל	התחשמל	יתחשמל	מתחשמל	להתחשמל
התחתן	התחתן	יתחתן	מתחתן	-
התיוון	התיון	יתיון	מתיון	-
התיז	התיז	יתיז	מתיז	-
התייאש	התיאש	יתיאש	מתיאש	-
התייבש	התיבש	יתיבש	מתיבש	-
התייהד	התיהד	יתיהד	מתיהד	-
התייחס	התיחס	יתיחס	מתיחס	-
התייפח	התיפח	יתיפח	מתיפח	-
התייצב	התיצב	יתיצב	מתיצב	-
התייקר	התיקר	יתיקר	מתיקר	-
התיישב	התישב	יתישב	מתישב	-
התיר	התיר	יתיר	מתיר	להתיר
התיש	התיש	יתיש	מתיש	-
התכוון	התכון	יתכון	מתכון	-
התכווץ	התכוץ	יתכוץ	מתכוץ	-
התכונן	התכונן	יתכונן	מתכונן	להתכונן
התכופף	התכופף	יתכופף	מתכופף	להתכופף
התכייף	התכיף	יתכיף	מתכיף	-
התכנס	התכנס	יתכנס	מתכנס	להתכנס
התכרבל	התכרבל	יתכרבל	מתכרבל	-
התכתב	התכתב	יתכתב	מתכתב	להתכתב
התלבש	התלבש	יתלבש	מתלבש	להתלבש
התלווה	התלוה	יתלוה	מתלוה	-
התלונן	התלונן	יתלונן	מתלונן	להתלונן
התלכלך	התלכלך	יתלכלך	מתלכלך	להתלכלך
התלקח	התלקח	יתלקח	מתלקח	-
התמהמה	התמהמה	יתמהמה	מתמהמה	להתמהמה
התמודד	התמודד	יתמודד	מתמודד	להתמודד
התמוטט	התמוטט	יתמוטט	מתמוטט	-
התמיד	התמיד	יתמיד	מתמיד	-
התמכר	התמכר	יתמכר	מתמכר	להתמכר
התמלא	התמלא	יתמלא	מתמלא	להתמלא
התמצא	התמצא	יתמצא	מתמצא	להתמצא
התמקח	התמקח	יתמקח	מתמקח	-
התמרמר	התמרמר	יתמרמר	מתמרמר	-
התמתח	התמתח	יתמתח	מתמתח	להתמתח
התנבא	התנבא	יתנבא	מתנבא	להתנבא
התנגד	התנגד	יתנגד	מתנגד	להתנגד
התנגש	התנגש	יתנגש	מתנגש	-
התנדב	התנדב	יתנדב	מתנדב	להתנדב
התנדנד	התנדנד	יתנדנד	מתנדנד	-
התנהג	התנהג	יתנהג	מתנהג	להתנהג
התנהל	התנהל	יתנהל	מתנהל	-
התנודב	התנדב	יתנדב	מתנדב	-
התנודד	התנודד	יתנודד	מתנודד	-
התנזר	התנזר	יתנזר	מתנזר	להתנזר
התנחל	התנחל	יתנחל	מתנחל	להתנחל
התנחשל	התנחשל	יתנחשל	מתנחשל	-
התניע	התניע	יתניע	מתניע	-
התנכל	התנכל	יתנכל	מתנכל	-
התנכר	התנכר	יתנכר	מתנכר	להתנכר
התנסה	התנסה	יתנסה	מתנסה	להתנסות
התנער	התנער	יתנער	מתנער	להתנער
התנפח	התנפח	יתנפח	מתנפח	-
התנפל	התנפל	יתנפל	מתנפל	להתנפל
התנפץ	התנפץ	יתנפץ	מתנפץ	-
התנצל	התנצל	יתנצל	מתנצל	להתנצל
התנצר	התנצר	יתנצר	מתנצר	-
התנקף	התנקף	יתנקף	מתנקף	להתנקף
התנקש	התנקש	יתנקש	מתנקש	להתנקש
התנשא	התנשא	יתנשא	מתנשא	-
התנשם	התנשם	יתנשם	מתנשם	להתנשם
התנשק	התנשק	יתנשק	מתנשק	להתנשק
התעבה	התעבה	יתעבה	מתעבה	-
התעדה	התעדה	יתעדה	מתעדה	-
התעדן	התעדן	יתעדן	מתעדן	-
התעורר	התעורר	יתעורר	מתעורר	להתעורר
התעטף	התעטף	יתעטף	מתעטף	להתעטף
התעטש	התעטש	יתעטש	מתעטש	-
התעייף	התעיף	יתעיף	מתעיף	-
התעכב	התעכב	יתעכב	מתעכב	-
התעלה	התעלה	יתעלה	מתעלה	להתעלות
התעלל	התעלל	יתעלל	מתעלל	להתעלל
התעלם	התעלם	יתעלם	מתעלם	-
התעלף	התעלף	יתעלף	מתעלף	להתעלף
התעמל	התעמל	יתעמל	מתעמל	להתעמל
התעמר	התעמר	יתעמר	מתעמר	להתעמר
התענג	התענג	יתענג	מתענג	-
התעצל	התעצל	יתעצל	מתעצל	להתעצל
התעקש	התעקש	יתעקש	מתעקש	להתעקש
התערב	התערב	יתערב	מתערב	להתערב
התערבב	התערבב	יתערבב	מתערבב	-
התעשר	התעשר	יתעשר	מתעשר	-
התפאר	התפאר	יתפאר	מתפאר	להתפאר
התפוגג	התפוגג	יתפוגג	מתפוגג	-
התפוטר	התפטר	יתפטר	מתפטר	-
התפוצץ	התפוצץ	יתפוצץ	מתפוצץ	להתפוצץ
התפורר	התפורר	יתפורר	מתפורר	-
התפטר	התפטר	יתפטר	מתפטר	להתפטר
התפיח	התפיח	יתפיח	מתפיח	-
התפלא	התפלא	יתפלא	מתפלא	להתפלא
התפלל	התפלל	יתפלל	מתפלל	להתפלל
התפלש	התפלש	יתפלש	מתפלש	-
התפנה	התפנה	יתפנה	מתפנה	-
התפספס	התפספס	יתפספס	מתפספס	להתפספס
התפעל	התפעל	יתפעל	מתפעל	-
התפרד	התפרד	יתפרד	מתפרד	להתפרד
התפרחח	התפרחח	יתפרחח	מתפרחח	-
התפרסם	התפרסם	יתפרסם	מתפרסם	להתפרסם
התפרע	התפרע	יתפרע	מתפרע	להתפרע
התפרק	התפרק	יתפרק	מתפרק	-
התפשט	התפשט	יתפשט	מתפשט	להתפשט
התפתה	התפתה	יתפתה	מתפתה	להתפתות
התפתח	התפתח	יתפתח	מתפתח	-
התקבל	התקבל	יתקבל	מתקבל	להתקבל
התקבץ	התקבץ	יתקבץ	מתקבץ	-
התקדם	התקדם	יתקדם	מתקדם	להתקדם
התקדש	התקדש	יתקדש	מתקדש	להתקדש
התקהל	התקהל	יתקהל	מתקהל	להתקהל
התקומם	התקומם	יתקומם	מתקומם	להתקומם
התקטן	התקטן	יתקטן	מתקטן	-
התקין	התקין	יתקין	מתקין	להתקין
התקיף	התקיף	יתקיף	מתקיף	-
התקלח	התקלח	יתקלח	מתקלח	להתקלח
התקלקל	התקלקל	יתקלקל	מתקלקל	להתקלקל
התקמט	התקמט	יתקמט	מתקמט	להתקמט
התקנא	התקנא	יתקנא	מתקנא	להתקנא
התקרב	התקרב	יתקרב	מתקרב	להתקרב
התקרח	התקרח	יתקרח	מתקרח	להתקרח
התקרר	התקרר	יתקרר	מתקרר	להתקרר
התקשר	התקשר	יתקשר	מתקשר	להתקשר
התראה	התראה	יתראה	מתראה	להתראות
התראיין	התראין	יתראין	מתראין	-
התרבה	התרבה	יתרבה	מתרבה	להתרבות
התרגז	התרגז	יתרגז	מתרגז	להתרגז
התרגל	התרגל	יתרגל	מתרגל	להתרגל
התרגש	התרגש	יתרגש	מתרגש	להתרגש
התרה	התרה	יתרה	מתרה	-
התרומם	התרומם	יתרומם	מתרומם	להתרומם
התרוקן	התרוקן	יתרוקן	מתרוקן	להתרוקן
התרחץ	התרחץ	יתרחץ	מתרחץ	להתרחץ
התרחש	התרחש	יתרחש	מתרחש	להתרחש
התרכז	התרכז	יתרכז	מתרכז	-
התרסק	התרסק	יתרסק	מתרסק	-
התרפא	התרפא	יתרפא	מתרפא	להתרפא
התרפה	התרפה	יתרפה	מתרפה	-
וידא	ודא	יודא	מודא	-
וילן	ולן	יולן	מולן	-
ויתר	ותר	יותר	מותר	-
זב	זב	יזוב	זב	לזוב
זבח	זבח	יזבח	זובח	-
זבל	זבל	יזבל	זובל	-
זגזג	זגזג	יזגזג	מזגזג	-
זוד	זד	יזוד	זד	-
זוהה	זהה	יזהה	מזהה	-
זוהם	זוהם	יזוהם	מזוהם	-
זועזע	זועזע	יזועזע	מזועזע	-
זז	זז	יזוז	זז	לזוז
זחל	זחל	יזחל	זוחל	לזחול
זיגג	זגג	יזגג	מזגג	-
זיהה	זיהה	יזהה	מזהה	לזהות
זיהם	זיהם	יזהם	מזהם	לזהם
זיין	זיין	יזיין	מזיין	לזיין
זייף	זיף	יזיף	מזיף	-
זיכה	זכה	יזכה	מזכה	-
זימן	זמן	יזמן	מזמן	-
זימר	זימר	יזמר	מזמר	לזמר
זיעזע	זיעזע	יזעזע	מזעזע	לזעזע
זיקק	זקק	יזקק	מזקק	-
זירז	זרז	יזרז	מזרז	-
זכה	זכה	יזכה	זוכה	לזכות
זכר	זכר	יזכור	זוכר	לזכור
זמבר	זמבר	יזמבר	מזמבר	-
זמם	זמם	יזמם	זומם	-
זמר	זמר	יזמר	זומר	-
זן	זן	יזון	זן	לזון
זנה	זנה	יזנה	זונה	לזנות
זנח	זנח	יזנח	זונח	לזנוח
זע	זע	יזוע	זע	-
זעזע	זעזע	יזעזע	מזעזע	-
זעם	זעם	יזעם	זועם	-
זעף	זעף	יזעף	זועף	לזעוף
זעק	זעק	יזעק	זועק	-
זקן	זקן	יזקן	זקן	לזקון
זקף	זקף	יזקוף	זוקף	לזקוף
זרח	זרח	יזרח	זורח	לזרוח
זרם	זרם	יזרם	זורם	-
זרע	זרע	יזרע	זורע	לזרוע
זרק	זרק	יזרוק	זורק	לזרוק
חבט	חבט	יחבט	חובט	-
חבק	חבק	יחבק	חובק	-
חבר	חבר	יחבר	חובר	-
חבש	חבש	יחבש	חובש	-
חג	חג	יחוג	חג	לחוג
חגג	חגג	יחגג	חוגג	-
חגר	חגר	יחגור	חוגר	לחגור
חד	חד	יחוד	חד	לחוד
חדל	חדל	יחדל	חדל	-
חדר	חדר	יחדור	חודר	לחדור
חובר	חובר	יחובר	מחובר	-
חווה	חווה	יחווה	חווה	לחוות
חוזק	חוזק	יחוזק	מחוזק	-
חולל	חולל	יחולל	מחולל	לחולל
חומם	חמם	יחמם	מחמם	-
חונך	חונך	יחונך	מחונך	-
חוקק	חוקק	יחוקק	מחוקק	לחוקק
חושב	חושב	יחושב	מחושב	-
חזה	חזה	יחזה	חוזה	-
חזק	חזק	יחזק	חזק	לחזוק
חזר	חזר	יחזור	חוזר	לחזור
חטא	חטא	יחטא	חוטא	לחטוא
חטף	חטף	יחטוף	חוטף	לחטוף
חי	חי	יחיה	חי	לחיות
חיבל	חיבל	יחבל	מחבל	לחבל
חיבק	חיבק	יחבק	מחבק	לחבק
חיבר	חיבר	יחבר	מחבר	לחבר
חידד	חדד	יחדד	מחדד	-
חידש	חידש	יחדש	מחדש	לחדש
חיווט	חוט	יחוט	מחוט	-
חיזק	חיזק	יחזק	מחזק	לחזק
חיזר	חזר	יחזר	מחזר	-
חיטא	חיטא	יחטא	מחטא	לחטא
חייב	חיב	יחיב	מחיב	-
חייג	חיג	יחיג	מחיג	-
חייך	חייך	יחייך	מחייך	לחייך
חייל	חיל	יחיל	מחיל	-
חיכה	חיכה	יחכה	מחכה	לחכות
חילל	חילל	יחלל	מחלל	לחלל
חילץ	חלץ	יחלץ	מחלץ	-
חילק	חילק	יחלק	מחלק	לחלק
חימם	חימם	יחמם	מחמם	לחמם
חימש	חמש	יחמש	מחמש	-
חינך	חינך	יחנך	מחנך	לחנך
חיסל	חסל	יחסל	מחסל	-
חיפה	חיפה	יחפה	מחפה	לחפות
חיפש	חיפש	יחפש	מחפש	לחפש
חיצרץ	חיצרץ	יחצרץ	מחצרץ	לחצרץ
חיקה	חיקה	יחקה	מחקה	לחקות
חירף	חרף	יחרף	מחרף	-
חישב	חישב	יחשב	מחשב	לחשב
חיתן	חתן	יחתן	מחתן	-
חכם	חכם	יחכם	חכם	לחכום
חל	חל	יחול	חל	לחול
חלב	חלב	יחלוב	חולב	לחלוב
חלה	חלה	יחלה	חולה	לחלות
חלט	חלט	יחלט	חולט	-
חלם	חלם	יחלום	חולם	לחלום
חלף	חלף	יחלוף	חולף	לחלוף
חלק	חלק	יחלוק	חולק	לחלוק
חמד	חמד	יחמוד	חומד	לחמוד
חמל	חמל	יחמל	חומל	-
חמס	חמס	יחמס	חומס	-
חמץ	חמץ	יחמץ	חמץ	-
חמק	חמק	יחמק	חומק	-
חנה	חנה	יחנה	חונה	לחנות
חנך	חנך	יחנך	חונך	-
חנק	חנק	יחנוק	חונק	לחנוק
חס	חס	יחוס	חס	לחוס
חסה	חסה	יחסה	חוסה	לחסות
חסך	חסך	יחסך	חוסך	-
חסם	חסם	יחסם	חוסם	-
חפף	חפף	יחפף	חופף	-
חפץ	חפץ	יחפץ	חפץ	-
חפר	חפר	יחפור	חופר	לחפור
חצב	חצב	יחצב	חוצב	-
חצה	חצה	יחצה	חוצה	לחצות
חצרץ	חצרץ	יחצרץ	מחצרץ	-
חקק	חקק	יחקק	חוקק	-
חקר	חקר	יחקור	חוקר	לחקור
חרב	חרב	יחרב	חרב	לחרוב
חרבן	חרבן	יחרבן	מחרבן	-
חרה	חרה	יחרה	חורה	לחרות
חרז	חרז	יחרז	חורז	-
חרטט	חרטט	יחרטט	מחרטט	-
חרך	חרך	יחרך	חורך	-
חרפ	חרפ	יחרופ	חורפ	לחרופ
חרץ	חרץ	יחרץ	חורץ	-
חרק	חרק	יחרק	חורק	-
חרש	חרש	יחרש	חורש	-
חש	חש	יחוש	חש	-
חשב	חשב	יחשוב	חושב	לחשוב
חשד	חשד	יחשד	חושד	-
חשף	חשף	יחשף	חושף	-
חשש	חשש	יחשש	חושש	-
חתך	חתך	יחתוך	חותך	לחתוך
חתם	חתם	יחתם	חותם	-
חתר	חתר	יחתר	חותר	-
טאטא	טאטא	יטאטא	מטאטא	-
טבח	טבח	יטבח	טובח	לטבוח
טבל	טבל	יטבל	טובל	-
טבע	טבע	יטבע	טובע	לטבוע
טואטא	טואטא	יטואטא	מטואטא	-
טוגן	טגן	יטגן	מטגן	-
טווה	טוה	יטוה	טווה	-
טולטל	טולטל	יטולטל	מטולטל	-
טונף	טונף	יטונף	מטונף	-
טופל	טופל	יטופל	מטופל	-
טח	טח	יטוח	טח	-
טחן	טחן	יטחן	טוחן	לטחון
טיאטא	טיאטא	יטאטא	מטאטא	לטאטא
טיגן	טיגן	יטגן	מטגן	לטגן
טיהר	טהר	יטהר	מטהר	-
טייח	טיח	יטיח	מטיח	-
טייל	טיל	יטיל	מטיל	-
טילטל	טילטל	יטלטל	מטלטל	לטלטל
טילפן	טילפן	יטלפן	מטלפן	לטלפן
טינף	טינף	יטנף	מטנף	לטנף
טיפל	טיפל	יטפל	מטפל	לטפל
טיפס	טיפס	יטפס	מטפס	לטפס
טלגרף	טלגרף	יטלגרף	מטלגרף	-
טלטל	טלטל	יטלטל	מטלטל	-
טלפן	טלפן	יטלפן	מטלפן	-
טמן	טמן	יטמן	טומן	-
טס	טס	יטוס	טס	לטוס
טעה	טעה	יטעה	טועה	לטעות
טעם	טעם	יטעם	טועם	לטעום
טען	טען	יטען	טוען	לטעון
טפח	טפח	יטפח	טופח	לטפוח
טפל	טפל	יטפל	טופל	-
טרף	טרף	יטרוף	טורף	לטרוף
טרפד	טרפד	יטרפד	מטרפד	-
טשטש	טשטש	יטשטש	מטשטש	-
ידה	ידה	יידה	יודה	לידות
ידע	ידע	ידע	יודע	לדעת
יודע	ידע	יידע	מידע	-
יוחם	יחם	ייחם	מיחם	-
יועל	יעל	ייעל	מיעל	-
יוצר	יצר	ייצר	מיצר	-
יזם	יזם	ייזם	יוזם	-
ייאש	יאש	ייאש	מיאש	-
ייבא	יבא	ייבא	מיבא	-
ייבש	יבש	ייבש	מיבש	-
ייגה	יגה	ייגה	מיגה	-
יידע	ידע	יידע	מידע	-
ייוון	יון	ייון	מיון	-
ייחד	ייחד	ייחד	מיחד	ליחד
ייחס	יחס	ייחס	מיחס	-
ייסד	יסד	ייסד	מיסד	-
ייעד	יעד	ייעד	מיעד	-
ייעל	יעל	ייעל	מיעל	-
ייעץ	יעץ	ייעץ	מיעץ	-
ייער	יער	ייער	מיער	-
ייצא	יצא	ייצא	מיצא	-
ייצג	יצג	ייצג	מיצג	-
יישם	ישם	יישם	מישם	-
יישר	ישר	יישר	מישר	-
יכול	יכול	יוכל	יכול	-
ילד	ילד	ילד	יולד	ללדת
ינק	ינק	יינק	יונק	לינוק
יעץ	יעץ	ייעץ	יועץ	-
יצא	יצא	יצא	יוצא	לצאת
יצק	יצק	יצק	יוצק	-
יצר	יצר	ייצור	יוצר	ליצור
יקע	יקע	יקע	יוקע	-
ירא	ירא	יירא	ירא	לירוא
ירד	ירד	ירד	יורד	לרדת
ירה	ירה	יירה	יורה	לירות
ירש	ירש	יירש	יורש	לרשת
ישב	ישב	ישב	יושב	לשבת
ישן	ישן	יישן	ישן	לישון
כאב	כאב	יכאב	כואב	לכאוב
כבד	כבד	יכבד	כבד	-
כבר	כבר	יכבר	כובר	-
כבש	כבש	יכבוש	כובש	לכבוש
כובה	כובה	יכובה	מכובה	-
כונן	כונן	יכונן	מכונן	לכונן
כונס	כונס	יכונס	מכונס	-
כחל	כחל	יכחל	כוחל	-
כיבד	כיבד	יכבד	מכבד	לכבד
כיבה	כיבה	יכבה	מכבה	לכבות
כיבס	כיבס	יכבס	מכבס	לכבס
כיהן	כהן	יכהן	מכהן	-
כיוון	כון	יכון	מכון	-
כיווץ	כוץ	יכוץ	מכוץ	-
כיזב	כיזב	יכזב	מכזב	לכזב
כיחד	כחד	יכחד	מכחד	-
כייס	כיס	יכיס	מכיס	-
כיכב	כיכב	יככב	מככב	לככב
כילה	כילה	יכלה	מכלה	לכלות
כינה	כנה	יכנה	מכנה	-
כינס	כינס	יכנס	מכנס	לכנס
כיסה	כיסה	יכסה	מכסה	לכסות
כיפר	כיפר	יכפר	מכפר	לכפר
כיתר	כיתר	יכתר	מכתר	לכתר
כלא	כלא	יכלא	כולא	-
כלה	כלה	יכלה	כלה	לכלות
כלל	כלל	יכלל	כולל	-
כמה	כמה	יכמה	כמה	לכמוה
כסה	כסה	יכסה	כוסה	-
כעס	כעס	יכעס	כועס	לכעוס
כפה	כפה	יכפה	כופה	לכפות
כפל	כפל	יכפול	כופל	לכפול
כפף	כפף	יכפף	כופף	-
כפתר	כפתר	יכפתר	מכפתר	-
כרה	כרה	יכרה	כורה	-
כרך	כרך	יכרך	כורך	-
כרסם	כרסם	יכרסם	מכרסם	-
כרע	כרע	יכרע	כורע	לכרוע
כרת	כרת	יכרות	כורת	לכרות
כשל	כשל	יכשל	כושל	-
כתב	כתב	יכתוב	כותב	לכתוב
כתש	כתש	יכתש	כותש	-
לבלב	לבלב	ילבלב	מלבלב	-
לבש	לבש	ילבש	לובש	ללבוש
לגם	לגם	ילגם	לוגם	-
להה	להה	ילהה	לוהה	-
להט	להט	ילהט	לוהט	ללהוט
לובן	לבן	ילבן	מלבן	-
לווה	לוה	ילוה	לווה	-
לוקק	לוקק	ילוקק	מלוקק	-
לחץ	לחץ	ילחץ	לוחץ	ללחוץ
לחש	לחש	ילחש	לוחש	ללחוש
ליבב	ליבב	ילבב	מלבב	ללבב
ליבן	ליבן	ילבן	מלבן	ללבן
ליווה	לוה	ילוה	מלוה	-
ליטף	ליטף	ילטף	מלטף	ללטף
ליטש	לטש	ילטש	מלטש	-
לימד	לימד	ילמד	מלמד	ללמד
ליקט	לקט	ילקט	מלקט	-
ליקק	ליקק	ילקק	מלקק	ללקק
לכד	לכד	ילכד	לוכד	-
לכלך	לכלך	ילכלך	מלכלך	-
לכסן	לכסן	ילכסן	מלכסן	-
למד	למד	ילמד	לומד	ללמוד
לן	לן	ילון	לן	ללון
לעז	לעז	ילעז	לועז	-
לעס	לעס	ילעס	לועס	-
לקה	לקה	ילקה	לוקה	ללקות
לקח	לקח	ייקח	לוקח	ליקוח
לקט	לקט	ילקט	לוקט	-
לש	לש	ילוש	לש	ללוש
מאס	מאס	ימאס	מואס	-
מדד	מדד	ימדוד	מודד	למדוד
מהל	מהל	ימהל	מוהל	-
מהר	מהר	ימהר	מוהר	-
מוזג	מוזג	ימוזג	ממוזג	-
מוטט	מוטט	ימוטט	ממוטט	למוטט
מולא	מולא	ימולא	ממולא	-
מומן	ממן	יממן	מממן	-
מופה	מופה	ימופה	ממופה	-
מוקש	מוקש	ימוקש	ממוקש	-
מותג	מתג	ימתג	ממתג	-
מזג	מזג	ימזג	מוזג	-
מחזר	מחזר	ימחזר	ממחזר	-
מחל	מחל	ימחל	מוחל	-
מחץ	מחץ	ימחץ	מוחץ	-
מחק	מחק	ימחק	מוחק	-
מיאן	מיאן	ימאן	ממאן	למאן
מיהר	מיהר	ימהר	ממהר	למהר
מיזג	מיזג	ימזג	ממזג	למזג
מיין	מיין	ימיין	ממיין	למיין
מילא	מילא	ימלא	ממלא	למלא
מימן	ממן	יממן	מממן	-
מימש	ממש	יממש	מממש	-
מינה	מנה	ימנה	ממנה	-
מיעט	מעט	ימעט	ממעט	-
מיפה	מיפה	ימפה	ממפה	למפות
מיקד	מקד	ימקד	ממקד	-
מיקם	מיקם	ימקם	ממקם	למקם
מיתן	מיתן	ימתן	ממתן	למתן
מכר	מכר	ימכור	מוכר	למכור
מל	מל	ימול	מל	-
מלא	מלא	ימלא	מלא	למלוא
מלך	מלך	ימלוך	מולך	למלוך
מלמל	מלמל	ימלמל	ממלמל	-
מלצר	מלצר	ימלצר	ממלצר	-
מנה	מנה	ימנה	מונה	למנות
מנע	מנע	ימנע	מונע	למנוע
מסה	מסה	ימסה	מוסה	-
מסך	מסך	ימסך	מוסך	-
מספר	מספר	ימספר	ממספר	-
מסר	מסר	ימסור	מוסר	למסור
מעד	מעד	ימעד	מועד	-
מעך	מעך	ימעך	מועך	למעוך
מעל	מעל	ימעל	מועל	למעול
מצא	מצא	ימצא	מוצא	למצוא
מצמץ	מצמץ	ימצמץ	ממצמץ	-
מצץ	מצץ	ימצוץ	מוצץ	למצוץ
מרד	מרד	ימרוד	מורד	למרוד
מרח	מרח	ימרח	מורח	למרוח
מרט	מרט	ימרט	מורט	-
מרמר	מרמר	ימרמר	ממרמר	-
מרפק	מרפק	ימרפק	ממרפק	-
משח	משח	ימשח	מושח	למשוח
משך	משך	ימשוך	מושך	למשוך
משל	משל	ימשול	מושל	למשול
משמע	משמע	ימשמע	ממשמע	-
מת	מת	ימות	מת	למות
מתח	מתח	ימתח	מותח	-
נאבד	נאבד	יאבד	נאבד	-
נאבק	נאבק	ייאבק	נאבק	להיאבק
נאגר	נאגר	ייאגר	נאגר	להיאגר
נאהב	נאהב	ייאהב	נאהב	להיאהב
נאהד	נאהד	ייאהד	נאהד	להיאהד
נאות	נאות	יאות	נאות	-
נאחז	נאחז	ייאחז	נאחז	להיאחז
נאכל	נאכל	ייאכל	נאכל	להיאכל
נאכף	נאכף	ייאכף	נאכף	להיאכף
נאמן	נאמן	ייאמן	נאמן	להיאמן
נאמר	נאמר	יאמר	נאמר	-
נאף	נאף	ינאף	נואף	לנאוף
נאץ	נאץ	ינאץ	נואץ	-
נאצל	נאצל	ייאצל	נאצל	להיאצל
נאשם	נאשם	יאשם	נאשם	-
נבדק	נבדק	ייבדק	נבדק	להיבדק
נבהל	נבהל	יבהל	נבהל	-
נבח	נבח	ייבח	נובח	ליבוח
נבחר	נבחר	ייבחר	נבחר	להיבחר
נבל	נבל	ייבול	נובל	ליבול
נבנה	נבנה	ייבנה	נבנה	להיבנות
נבע	נבע	ינבע	נובע	-
נבעת	נבעת	יבעת	נבעת	-
נברא	נברא	ייברא	נברא	להיברא
נגאל	נגאל	ייגאל	נגאל	להיגאל
נגד	נגד	ינגוד	נוגד	לנגוד
נגה	נגה	ייגה	נוגה	ליגוה
נגח	נגח	יגח	נוגח	-
נגלה	נגלה	ייגלה	נגלה	להיגלות
נגמר	נגמר	ייגמר	נגמר	להיגמר
נגנב	נגנב	ייגנב	נגנב	להיגנב
נגע	נגע	ייגע	נוגע	ליגוע
נגעל	נגעל	יגעל	נגעל	-
נגרם	נגרם	יגרם	נגרם	-
נד	נד	ינוד	נד	-
נדב	נדב	ידב	נודב	-
נדד	נדד	ינדד	נודד	-
נדחה	נדחה	יידחה	נדחה	להידחות
נדפס	נדפס	ידפס	נדפס	-
נדקר	נדקר	ידקר	נדקר	-
נדרס	נדרס	יידרס	נדרס	להידרס
נהג	נהג	ינהג	נוהג	לנהוג
נהגה	נהגה	ייהגה	נהגה	להיהגות
נהיה	נהיה	-	נהיה	-
נהנה	נהנה	ייהנה	נהנה	ליהנות
נהק	נהק	ינהק	נוהק	-
נהר	נהר	ינהר	נוהר	לנהור
נהרג	נהרג	ייהרג	נהרג	להיהרג
נהרס	נהרס	יהרס	נהרס	-
נודע	נודע	יודע	נודע	-
נוכח	נוכח	יוכח	נוכח	-
נולד	נולד	יולד	נולד	-
נוסד	נוסד	יוסד	נוסד	-
נוסה	נוסה	ינוסה	מנוסה	-
נוסף	נוסף	יוסף	נוסף	-
נועד	נועד	יועד	נועד	-
נופף	נופף	ינופף	מנופף	-
נושע	נושע	ייושע	נושע	להיושע
נותר	נותר	יותר	נותר	-
נזהר	נזהר	יזהר	נזהר	-
נזכר	נזכר	ייזכר	נזכר	להיזכר
נזף	נזף	ינזף	נוזף	-
נזר	נזר	ינזר	נזר	-
נזרק	נזרק	יזרק	נזרק	-
נח	נח	ינוח	נח	לנוח
נחל	נחל	ינחל	נוחל	לנחול
נחלץ	נחלץ	יחלץ	נחלץ	-
נחלק	נחלק	ייחלק	נחלק	להיחלק
נחנק	נחנק	יחנק	נחנק	-
נחס	נחס	ינחס	מנחס	-
נחקר	נחקר	ייחקר	נחקר	להיחקר
נחשב	נחשב	ייחשב	נחשב	להיחשב
נחת	נחת	ינחת	נוחת	-
נטה	נטה	ייטה	נוטה	לנטות
נטל	נטל	ייטול	נוטל	ליטול
נטמע	נטמע	יטמע	נטמע	-
נטע	נטע	ייטע	נוטע	ליטוע
נטר	נטר	יטר	נוטר	-
נטש	נטש	יטש	נוטש	-
ניאץ	נאץ	ינאץ	מנאץ	-
ניבא	ניבא	ינבא	מנבא	לנבא
ניגב	נגב	ינגב	מנגב	-
ניגן	ניגן	ינגן	מנגן	לנגן
ניגש	ניגש	ייגש	ניגש	לגשת
נידד	נדד	ינדד	מנדד	-
נידה	נדה	ינדה	מנדה	-
ניהל	נהל	ינהל	מנהל	-
ניווט	נוט	ינוט	מנוט	-
ניחם	ניחם	ינחם	מנחם	לנחם
ניחש	ניחש	ינחש	מנחש	לנחש
ניטל	ניטל	יינטל	ניטל	להינטל
ניכה	נכה	ינכה	מנכה	-
ניכר	ניכר	ינכר	מנכר	לנכר
ניכש	נכש	ינכש	מנכש	-
ניסה	ניסה	ינסה	מנסה	לנסות
ניסח	נסח	ינסח	מנסח	-
ניסר	נסר	ינסר	מנסר	-
ניער	נער	ינער	מנער	-
ניפה	נפה	ינפה	מנפה	-
ניפח	נפח	ינפח	מנפח	-
ניפץ	ניפץ	ינפץ	מנפץ	לנפץ
ניצב	ניצב	-	ניצב	-
ניצח	ניצח	ינצח	מנצח	לנצח
ניצל	ניצל	ינצל	מנצל	לנצל
ניצר	ניצר	ינצר	מנצר	לנצר
ניקב	נקב	ינקב	מנקב	-
ניקה	ניקה	ינקה	מנקה	לנקות
ניקז	נקז	ינקז	מנקז	-
ניקר	נקר	ינקר	מנקר	-
נישא	נישא	יינשא	נישא	להינשא
נישה	נשה	ינשה	מנשה	-
נישק	נישק	ינשק	מנשק	לנשק
ניתב	נתב	ינתב	מנתב	-
ניתח	נתח	ינתח	מנתח	-
ניתן	ניתן	יינתן	ניתן	להינתן
ניתק	נתק	ינתק	מנתק	-
ניתר	נתר	ינתר	מנתר	-
נכווה	נכווה	ייכווה	נכווה	להיכוות
נכלל	נכלל	יכלל	נכלל	-
נכלם	נכלם	ייכלם	נכלם	להיכלם
נכמר	נכמר	יכמר	נכמר	-
נכנס	נכנס	ייכנס	נכנס	להיכנס
נכנע	נכנע	יכנע	נכנע	-
נכס	נכס	יכס	נוכס	-
נכרת	נכרת	ייכרת	נכרת	להיכרת
נכשל	נכשל	ייכשל	נכשל	להיכשל
נכתב	נכתב	ייכתב	נכתב	להיכתב
נלחם	נלחם	יילחם	נלחם	להילחם
נלקח	נלקח	ילקח	נלקח	-
נם	נם	ינום	נם	לנום
נמאס	נמאס	יימאס	נמאס	להימאס
נמהל	נמהל	ימהל	נמהל	-
נמחק	נמחק	ימחק	נמחק	-
נמכר	נמכר	יימכר	נמכר	להימכר
נמלט	נמלט	יימלט	נמלט	להימלט
נמנע	נמנע	ימנע	נמנע	-
נמס	נמס	יימס	נמס	להימס
נמצא	נמצא	יימצא	נמצא	להימצא
נמשך	נמשך	יימשך	נמשך	להימשך
ננעל	ננעל	יינעל	ננעל	להינעל
נס	נס	ינוס	נס	לנוס
נסגר	נסגר	ייסגר	נסגר	להיסגר
נסוג	נסוג	יסוג	נסוג	-
נסח	נסח	יסח	נוסח	-
נסחף	נסחף	ייסחף	נסחף	להיסחף
נסך	נסך	יסך	נוסך	-
נסע	נסע	יסע	נוסע	-
נע	נע	ינוע	נע	לנוע
נעל	נעל	ינעל	נועל	לנעול
נעלם	נעלם	ייעלם	נעלם	להיעלם
נעם	נעם	ינעם	נעים	לנעום
נענע	נענע	ינענע	מנענע	-
נענש	נענש	יענש	נענש	-
נעץ	נעץ	ינעץ	נועץ	-
נער	נער	ינער	נוער	לנעור
נעשה	נעשה	ייעשה	נעשה	להיעשות
נפגע	נפגע	ייפגע	נפגע	להיפגע
נפגש	נפגש	ייפגש	נפגש	להיפגש
נפח	נפח	ייפח	נופח	ליפוח
נפטר	נפטר	ייפטר	נפטר	להיפטר
נפל	נפל	ייפול	נופל	ליפול
נפצע	נפצע	יפצע	נפצע	-
נפרד	נפרד	ייפרד	נפרד	להיפרד
נפש	נפש	ינפוש	נופש	לנפוש
נפתח	נפתח	יפתח	נפתח	-
נצעק	נצעק	יצעק	נצעק	-
נצר	נצר	ינצור	נוצר	לנצור
נקב	נקב	יקב	נוקב	-
נקבע	נקבע	יקבע	נקבע	-
נקבר	נקבר	ייקבר	נקבר	להיקבר
נקם	נקם	יקם	נוקם	-
נקנה	נקנה	ייקנה	נקנה	להיקנות
נקע	נקע	יקע	נוקע	-
נקר	נקר	יקר	נוקר	-
נקרא	נקרא	ייקרא	נקרא	להיקרא
נקרש	נקרש	יקרש	נקרש	-
נקש	נקש	ינקש	נוקש	-
נראה	נראה	ייראה	נראה	להיראות
נרגן	נרגן	ירגן	נרגן	-
נרגע	נרגע	יירגע	נרגע	להירגע
נרדם	נרדם	ירדם	נרדם	-
נרטב	נרטב	ירטב	נרטב	-
נרמל	נרמל	ינרמל	מנרמל	-
נרצח	נרצח	יירצח	נרצח	להירצח
נשא	נשא	יישא	נושא	לשאת
נשאר	נשאר	יישאר	נשאר	להישאר
נשב	נשב	ינשוב	נושב	לנשוב
נשבע	נשבע	יישבע	נשבע	להישבע
נשבר	נשבר	יישבר	נשבר	להישבר
נשה	נשה	יישה	נושה	לנשות
נשך	נשך	יישך	נושך	לישוך
נשכח	נשכח	ישכח	נשכח	-
נשלח	נשלח	ישלח	נשלח	-
נשלט	נשלט	יישלט	נשלט	להישלט
נשלם	נשלם	ישלם	נשלם	-
נשם	נשם	ינשום	נושם	לנשום
נשמע	נשמע	יישמע	נשמע	להישמע
נשמר	נשמר	ישמר	נשמר	-
נשף	נשף	ינשף	נושף	-
נשק	נשק	יישק	נושק	לנשוק
נשר	נשר	ישר	נושר	-
נשרף	נשרף	יישרף	נשרף	להישרף
נתאכם	נתאכם	יתאכם	מתאכם	-
נתן	נתן	ייתן	נותן	לתת
נתפס	נתפס	יתפס	נתפס	-
נתקל	נתקל	יתקל	נתקל	-
סבב	סבב	יסבב	סובב	-
סבל	סבל	יסבול	סובל	לסבול
סבסד	סבסד	יסבסד	מסבסד	-
סגד	סגד	יסגוד	סוגד	לסגוד
סגסג	סגסג	יסגסג	מסגסג	-
סגר	סגר	יסגור	סוגר	לסגור
סדק	סדק	יסדוק	סודק	לסדוק
סדר	סדר	יסדר	סודר	-
סובב	סובב	יסובב	מסובב	-
סווג	סוג	יסוג	מסוג	-
סוכך	סוכך	יסוכך	מסוכך	לסוכך
סונכרן	סונכרן	יסונכרן	מסונכרן	-
סופר	ספר	יספר	מספר	-
סחב	סחב	יסחב	סוחב	-
סחט	סחט	יסחט	סוחט	לסחוט
סחף	סחף	יסחף	סוחף	-
סחר	סחר	יסחר	סוחר	לסחור
סטה	סטה	יסטה	סוטה	-
סיבן	סבן	יסבן	מסבן	-
סיבסד	סיבסד	יסבסד	מסבסד	לסבסד
סיגל	סגל	יסגל	מסגל	-
סידר	סידר	יסדר	מסדר	לסדר
סיווג	סוג	יסוג	מסוג	-
סיים	סיים	יסיים	מסיים	לסיים
סייע	סייע	יסייע	מסייע	לסייע
סיכך	סיכך	יסכך	מסכך	לסכך
סיכל	סכל	יסכל	מסכל	-
סיכם	סיכם	יסכם	מסכם	לסכם
סיכן	סיכן	יסכן	מסכן	לסכן
סילק	סילק	יסלק	מסלק	לסלק
סימל	סימל	יסמל	מסמל	לסמל
סימן	סימן	יסמן	מסמן	לסמן
סימר	סמר	יסמר	מסמר	-
סינגר	סנגר	יסנגר	מסנגר	-
סינכרן	סינכרן	יסנכרן	מסנכרן	לסנכרן
סינן	סינן	יסנן	מסנן	לסנן
סינף	סנף	יסנף	מסנף	-
סיפח	סיפח	יספח	מספח	לספח
סיפק	סיפק	יספק	מספק	לספק
סיפר	סיפר	יספר	מספר	לספר
סיקר	סקר	יסקר	מסקר	-
סירב	סירב	יסרב	מסרב	לסרב
סירק	סרק	יסרק	מסרק	-
סך	סך	יסוך	סך	-
סכך	סכך	יסכך	סוכך	-
סכר	סכר	יסכר	סוכר	-
סלח	סלח	יסלח	סולח	לסלוח
סלל	סלל	יסלל	סולל	-
סמך	סמך	יסמך	סומך	-
סנוור	סנור	יסנור	מסנור	-
סנט	סנט	יסנוט	סונט	לסנוט
סנכרן	סנכרן	יסנכרן	מסנכרן	-
ספג	ספג	יספוג	סופג	לספוג
ספד	ספד	יספד	סופד	-
ספן	ספן	יספן	סופן	-
ספק	ספק	יספק	סופק	-
ספר	ספר	יספור	סופר	לספור
סקר	סקר	יסקר	סוקר	-
סקרן	סקרן	יסקרן	מסקרן	-
סר	סר	יסור	סר	לסור
סרג	סרג	יסרג	סורג	-
סרטט	סרטט	יסרטט	מסרטט	-
סרטן	סרטן	יסרטן	מסרטן	-
סרק	סרק	יסרק	סורק	-
סתם	סתם	יסתום	סותם	לסתום
סתר	סתר	יסתור	סותר	לסתור
עבד	עבד	יעבוד	עובד	לעבוד
עבר	עבר	יעבור	עובר	לעבור
עגן	עגן	יעגן	עוגן	-
עדה	עדה	יעדה	עודה	-
עדר	עדר	יעדר	עודר	-
עודד	עודד	יעודד	מעודד	לעודד
עוה	עוה	יעוה	מעוה	-
עור	עור	יעור	מעור	-
עורר	עורר	יעורר	מעורר	לעורר
עז	עז	יעוז	עז	-
עזב	עזב	יעזוב	עוזב	לעזוב
עזר	עזר	יעזור	עוזר	לעזור
עטה	עטה	יעטה	עוטה	לעטות
עטן	עטן	יעטן	עוטן	-
עטף	עטף	יעטוף	עוטף	לעטוף
עטר	עטר	יעטר	עוטר	-
עיבד	עבד	יעבד	מעבד	-
עיבה	עבה	יעבה	מעבה	-
עיבר	עיבר	יעבר	מעבר	לעבר
עיגל	עיגל	יעגל	מעגל	לעגל
עידכן	עדכן	יעדכן	מעדכן	-
עיוות	עות	יעות	מעות	-
עיטר	עיטר	יעטר	מעטר	לעטר
עיין	עין	יעין	מעין	-
עייף	יעף	ייעף	יעף	-
עיכב	עכב	יעכב	מעכב	-
עיכל	עכל	יעכל	מעכל	-
עילף	עילף	יעלף	מעלף	לעלף
עיסה	עסה	יעסה	מעסה	-
עיפש	עפש	יעפש	מעפש	-
עיצב	עיצב	יעצב	מעצב	לעצב
עיקר	עקר	יעקר	מעקר	-
עירר	ערר	יערר	מערר	-
עישן	עישן	יעשן	מעשן	לעשן
עלה	עלה	יעלה	עולה	לעלות
עלז	עלז	יעלוז	עולז	לעלוז
עלעל	עלעל	יעלעל	מעלעל	-
עמד	עמד	יעמוד	עומד	לעמוד
עמל	עמל	יעמל	עומל	-
עמס	עמס	יעמס	עומס	-
עמק	עמק	יעמק	-	לעמוק
ענד	ענד	יענד	עונד	-
ענה	ענה	יענה	עונה	לענות
ענש	ענש	יענש	עונש	-
עף	עף	יעוף	עף	לעוף
עצם	עצם	יעצום	עוצם	לעצום
עצר	עצר	יעצור	עוצר	לעצור
עקב	עקב	יעקוב	עוקב	לעקוב
עקד	עקד	יעקוד	עוקד	לעקוד
עקף	עקף	יעקוף	עוקף	לעקוף
עקץ	עקץ	יעקוץ	עוקץ	לעקוץ
עקר	עקר	יעקר	עוקר	-
ערב	ערב	יערוב	עורב	לערוב
ערבב	ערבב	יערבב	מערבב	-
ערבל	ערבל	יערבל	מערבל	-
ערג	ערג	יערג	עורג	-
ערך	ערך	יערוך	עורך	לערוך
ערל	ערל	יערל	עורל	-
ערסל	ערסל	יערסל	מערסל	-
ערער	ערער	יערער	מערער	-
ערק	ערק	יערוק	עורק	לערוק
עשה	עשה	יעשה	עושה	לעשות
עתר	עתר	יעתר	עותר	-
פברק	פברק	יפברק	מפברק	-
פג	פג	יפוג	פג	-
פגע	פגע	יפגע	פוגע	לפגוע
פגש	פגש	יפגוש	פוגש	לפגוש
פדה	פדה	יפדה	פודה	לפדות
פוטר	פוטר	יפוטר	מפוטר	-
פונה	פנה	יפנה	מפנה	-
פוצה	פוצה	יפוצה	מפוצה	-
פוצץ	פוצץ	יפוצץ	מפוצץ	לפוצץ
פורסם	פורסם	יפורסם	מפורסם	-
פורר	פורר	יפורר	מפורר	-
פושט	פושט	יפושט	מפושט	-
פח	פח	יפוח	פח	-
פחד	פחד	יפחד	פוחד	לפחוד
פחס	פחס	יפחס	פוחס	-
פחת	פחת	יפחת	פוחת	-
פטר	פטר	יפטור	פוטר	לפטור
פיאר	פיאר	יפאר	מפאר	לפאר
פיגר	פגר	יפגר	מפגר	-
פיהק	פיהק	יפהק	מפהק	לפהק
פיזם	פזם	יפזם	מפזם	-
פיזר	פזר	יפזר	מפזר	-
פיחד	פיחד	יפחד	מפחד	לפחד
פיטר	פיטר	יפטר	מפטר	לפטר
פילל	פילל	יפלל	מפלל	לפלל
פילס	פלס	יפלס	מפלס	-
פילפל	פילפל	יפלפל	מפלפל	לפלפל
פינה	פינה	יפנה	מפנה	לפנות
פינק	פנק	יפנק	מפנק	-
פיסח	פסח	יפסח	מפסח	-
פיסל	פיסל	יפסל	מפסל	לפסל
פיספס	פיספס	יפספס	מפספס	לפספס
פיצה	פיצה	יפצה	מפצה	לפצות
פיקד	פיקד	יפקד	מפקד	לפקד
פיקח	פקח	יפקח	מפקח	-
פירק	פרק	יפרק	מפרק	-
פירש	פרש	יפרש	מפרש	-
פישט	פישט	יפשט	מפשט	לפשט
פישל	פישל	יפשל	מפשל	לפשל
פיתה	פתה	יפתה	מפתה	-
פיתח	פתח	יפתח	מפתח	-
פיתל	פתל	יפתל	מפתל	-
פלט	פלט	יפלט	פולט	-
פלפל	פלפל	יפלפל	מפלפל	-
פלרטט	פלרטט	יפלרטט	מפלרטט	-
פלש	פלש	יפלש	פולש	-
פנה	פנה	יפנה	פונה	לפנות
פנטז	פנטז	יפנטז	מפנטז	-
פנצ׳ר	פנצ׳ר	יפנצ׳ר	מפנצ׳ר	-
פסח	פסח	יפסח	פוסח	-
פסל	פסל	יפסול	פוסל	לפסול
פסע	פסע	יפסע	פוסע	-
פספס	פספס	יפספס	מפספס	-
פסק	פסק	יפסק	פוסק	-
פעה	פעה	יפעה	פועה	-
פעל	פעל	יפעל	פועל	-
פעם	פעם	יפעם	פועם	-
פעפע	פעפע	יפעפע	מפעפע	-
פצה	פצה	יפצה	פוצה	-
פצע	פצע	יפצע	פוצע	לפצוע
פקד	פקד	יפקוד	פוקד	לפקוד
פקח	פקח	יפקח	פוקח	לפקוח
פקק	פקק	יפקק	פוקק	-
פרגן	פרגן	יפרגן	מפרגן	-
פרה	פרה	יפרה	פורה	לפרות
פרח	פרח	יפרח	פורח	לפרוח
פרם	פרם	יפרם	פורם	-
פרס	פרס	יפרוס	פורס	לפרוס
פרסם	פרסם	יפרסם	מפרסם	-
פרע	פרע	יפרע	פורע	-
פרץ	פרץ	יפרוץ	פורץ	לפרוץ
פרק	פרק	יפרוק	פורק	לפרוק
פרש	פרש	יפרוש	פורש	לפרוש
פשט	פשט	יפשט	פושט	-
פשע	פשע	יפשע	פושע	לפשוע
פתח	פתח	יפתח	פותח	לפתוח
פתר	פתר	יפתר	פותר	-
צבא	צבא	יצבא	צובא	לצבוא
צבע	צבע	יצבע	צובע	לצבוע
צבר	צבר	יצבר	צובר	-
צד	צד	יצוד	צד	לצוד
צדק	צדק	יצדק	צודק	לצדוק
צוטט	צוטט	יצוטט	מצוטט	-
צונזר	צונזר	יצונזר	מצונזר	-
צופה	צפה	יצפה	מצפה	-
צחצח	צחצח	יצחצח	מצחצח	-
צחק	צחק	יצחק	צוחק	לצחוק
צחקק	צחקק	יצחקק	מצחקק	-
ציווה	צוה	יצוה	מצוה	-
ציוות	צות	יצות	מצות	-
ציטט	ציטט	יצטט	מצטט	לצטט
ציין	צין	יצין	מצין	-
צייר	צייר	יצייר	מצייר	לצייר
ציית	צית	יצית	מצית	-
צילם	צילם	יצלם	מצלם	לצלם
צינזר	צינזר	יצנזר	מצנזר	לצנזר
צינן	צינן	יצנן	מצנן	לצנן
ציפה	ציפה	יצפה	מצפה	לצפות
צירף	צירף	יצרף	מצרף	לצרף
צלב	צלב	יצלב	צולב	-
צלה	צלה	יצלה	צולה	-
צלח	צלח	יצלח	צולח	-
צלל	צלל	יצלל	צולל	-
צלע	צלע	יצלע	צולע	לצלוע
צלף	צלף	יצלף	צולף	-
צלצל	צלצל	יצלצל	מצלצל	-
צם	צם	יצום	צם	לצום
צמא	צמא	יצמא	צמא	לצמוא
צמח	צמח	יצמח	צומח	לצמוח
צמצם	צמצם	יצמצם	מצמצם	-
צנזר	צנזר	יצנזר	מצנזר	-
צנח	צנח	יצנח	צונח	-
צעד	צעד	יצעד	צועד	-
צען	צען	יצען	צוען	-
צעק	צעק	יצעק	צועק	לצעוק
צף	צף	יצוף	צף	לצוף
צפה	צפה	יצפה	צופה	לצפות
צפן	צפן	יצפן	צופן	-
צפר	צפר	יצפר	צופר	-
צץ	צץ	יצוץ	צץ	-
צר	צר	יצור	צר	-
צרח	צרח	יצרח	צורח	לצרוח
צרך	צרך	יצרוך	צורך	לצרוך
צ׳וטט	צ׳וטט	יצ׳וטט	מצ׳וטט	-
צ׳יפר	צ׳פר	יצ׳פר	מצ׳פר	-
קבע	קבע	יקבע	קובע	לקבוע
קבץ	קבץ	יקבץ	קובץ	-
קבר	קבר	יקבור	קובר	לקבור
קדח	קדח	יקדח	קודח	-
קדם	קדם	יקדם	קודם	לקדום
קדר	קדר	יקדר	קודר	-
קהה	קהה	יקהה	קוהה	-
קובע	קובע	יקובע	מקובע	-
קודש	קודש	יקודש	מקודש	-
קונטר	קונטר	יקונטר	מקונטר	-
קוצץ	קצץ	יקצץ	מקצץ	-
קוצר	קוצר	יקוצר	מקוצר	-
קושש	קושש	יקושש	מקושש	-
קטון	קטון	יקטן	קטן	לקטון
קטל	קטל	יקטל	קוטל	-
קטן	קטן	יקטן	קטן	לקטון
קטע	קטע	יקטע	קוטע	-
קטף	קטף	יקטוף	קוטף	לקטוף
קיבל	קיבל	יקבל	מקבל	לקבל
קיבע	קיבע	יקבע	מקבע	לקבע
קיבץ	קבץ	יקבץ	מקבץ	-
קידם	קדם	יקדם	מקדם	-
קידש	קידש	יקדש	מקדש	לקדש
קיווה	קוה	יקוה	מקוה	-
קיטב	קיטב	יקטב	מקטב	לקטב
קיטלג	קיטלג	יקטלג	מקטלג	לקטלג
קיטע	קטע	יקטע	מקטע	-
קיטר	קיטר	יקטר	מקטר	לקטר
קיים	קיים	יקיים	מקיים	לקיים
קילל	קלל	יקלל	מקלל	-
קילף	קלף	יקלף	מקלף	-
קילקל	קילקל	יקלקל	מקלקל	לקלקל
קימפל	קמפל	יקמפל	מקמפל	-
קינא	קינא	יקנא	מקנא	לקנא
קינח	קינח	יקנח	מקנח	לקנח
קינטר	קינטר	יקנטר	מקנטר	לקנטר
קינן	קנן	יקנן	מקנן	-
קיער	קער	יקער	מקער	-
קיפד	קפד	יקפד	מקפד	-
קיפל	קיפל	יקפל	מקפל	לקפל
קיפץ	קפץ	יקפץ	מקפץ	-
קיצץ	קצץ	יקצץ	מקצץ	-
קיצר	קיצר	יקצר	מקצר	לקצר
קירר	קרר	יקרר	מקרר	-
קישט	קשט	יקשט	מקשט	-
קישר	קישר	יקשר	מקשר	לקשר
קלה	קלה	יקלה	קולה	לקלות
קלח	קלח	יקלח	קולח	-
קלט	קלט	יקלוט	קולט	לקלוט
קלע	קלע	יקלע	קולע	-
קלף	קלף	יקלף	קולף	-
קם	קם	יקום	קם	לקום
קמץ	קמץ	יקמץ	קומץ	-
קנה	קנה	יקנה	קונה	לקנות
קעקע	קעקע	יקעקע	מקעקע	-
קפא	קפא	יקפא	קופא	לקפוא
קפץ	קפץ	יקפץ	קופץ	-
קצף	קצף	יקצוף	קוצף	לקצוף
קצץ	קצץ	יקצץ	קוצץ	-
קצר	קצר	יקצור	קוצר	לקצור
קרא	קרא	יקרא	קורא	לקרוא
קרב	קרב	יקרב	קרב	לקרוב
קרה	קרה	יקרה	קורה	לקרות
קרן	קרן	יקרן	קורן	לקרון
קרס	קרס	יקרס	קורס	-
קרע	קרע	יקרע	קורע	לקרוע
קרץ	קרץ	יקרץ	קורץ	-
קשר	קשר	יקשור	קושר	לקשור
ראה	ראה	יראה	רואה	לראות
רב	רב	יריב	רב	-
רבה	רבה	ירבה	רובה	לרבות
רבץ	רבץ	ירבץ	רובץ	-
רגם	רגם	ירגם	רוגם	-
רדה	רדה	ירדה	רודה	-
רדף	רדף	ירדף	רודף	-
רוהט	רוהט	ירוהט	מרוהט	-
רוכך	רכך	ירכך	מרכך	-
רומם	רומם	ירומם	מרומם	לרומם
רופא	רופא	ירופא	מרופא	-
רופד	רופד	ירופד	מרופד	-
רוקן	רוקן	ירוקן	מרוקן	לרוקן
רושש	רושש	ירושש	מרושש	-
רותך	רותך	ירותך	מרותך	-
רזה	רזה	ירזה	רזה	לרזות
רחם	רחם	ירחם	רוחם	-
רחף	רחף	ירחף	רוחף	-
רחץ	רחץ	ירחץ	רוחץ	לרחוץ
רטן	רטן	ירטן	רוטן	-
ריגל	רגל	ירגל	מרגל	-
ריגש	רגש	ירגש	מרגש	-
רידד	רדד	ירדד	מרדד	-
ריהט	ריהט	ירהט	מרהט	לרהט
ריחף	ריחף	ירחף	מרחף	לרחף
ריחרח	ריחרח	ירחרח	מרחרח	לרחרח
ריטט	רטט	ירטט	מרטט	-
ריכז	רכז	ירכז	מרכז	-
ריכך	רכך	ירכך	מרכך	-
ריכל	רכל	ירכל	מרכל	-
רימה	רימה	ירמה	מרמה	לרמות
ריסס	ריסס	ירסס	מרסס	לרסס
ריסק	רסק	ירסק	מרסק	-
ריפא	ריפא	ירפא	מרפא	לרפא
ריפד	ריפד	ירפד	מרפד	לרפד
ריפה	רפה	ירפה	מרפה	-
ריצד	ריצד	ירצד	מרצד	לרצד
ריצה	ריצה	ירצה	מרצה	לרצות
ריקע	ריקע	ירקע	מרקע	לרקע
רישת	רישת	ירשת	מרשת	לרשת
ריתך	ריתך	ירתך	מרתך	לרתך
רכב	רכב	ירכוב	רוכב	לרכוב
רכש	רכש	ירכש	רוכש	-
רמז	רמז	ירמוז	רומז	לרמוז
רמש	רמש	ירמש	רומש	-
רעב	רעב	ירעב	רעב	לרעוב
רעד	רעד	ירעד	רועד	-
רעה	רעה	ירעה	רועה	לרעות
רעש	רעש	ירעש	רועש	-
רפא	רפא	ירפא	רופא	לרפוא
רפה	רפה	ירפה	רופה	-
רץ	רץ	ירוץ	רץ	לרוץ
רצה	רצה	ירצה	רוצה	לרצות
רצח	רצח	ירצח	רוצח	לרצוח
רקד	רקד	ירקוד	רוקד	לרקוד
רקע	רקע	ירקע	רוקע	לרקוע
רשם	רשם	ירשום	רושם	לרשום
רתח	רתח	ירתח	רותח	-
רתם	רתם	ירתם	רותם	-
שאב	שאב	ישאב	שואב	-
שאל	שאל	ישאל	שואל	לשאול
שאף	שאף	ישאף	שואף	-
שב	שב	ישוב	שב	לשוב
שבה	שבה	ישבה	שובה	לשבות
שבע	שבע	ישבע	שבע	לשבוע
שבר	שבר	ישבור	שובר	לשבור
שבת	שבת	ישבות	שובת	לשבות
שגה	שגה	ישגה	שוגה	-
שגל	שגל	ישגל	שוגל	-
שגשג	שגשג	ישגשג	משגשג	-
שהה	שהה	ישהה	שוהה	לשהות
שודרג	שדרג	ישדרג	משדרג	-
שוחד	שוחד	ישוחד	משוחד	-
שוחח	שוחח	ישוחח	משוחח	לשוחח
שוחרר	שוחרר	ישוחרר	משוחרר	-
שוטט	שוטט	ישוטט	משוטט	לשוטט
שוכנע	שכנע	ישכנע	משכנע	-
שומן	שמן	ישמן	משמן	-
שומר	שומר	ישומר	משומר	-
שונה	שונה	ישונה	משונה	-
שורש	שורש	ישורש	משורש	-
שותק	שותק	ישותק	משותק	-
שזף	שזף	ישזף	שוזף	-
שחה	שחה	ישחה	שוחה	לשחות
שחט	שחט	ישחט	שוחט	לשחוט
שחף	שחף	ישחף	שוחף	-
שחק	שחק	ישחק	שוחק	לשחוק
שחרר	שחרר	ישחרר	משחרר	-
שט	שט	ישוט	שט	לשוט
שטח	שטח	ישטח	שוטח	-
שטף	שטף	ישטוף	שוטף	לשטוף
שיבח	שיבח	ישבח	משבח	לשבח
שיבט	שבט	ישבט	משבט	-
שיבר	שבר	ישבר	משבר	-
שיגע	שיגע	ישגע	משגע	לשגע
שיגר	שיגר	ישגר	משגר	לשגר
שידל	שדל	ישדל	משדל	-
שידר	שידר	ישדר	משדר	לשדר
שידרג	שדרג	ישדרג	משדרג	-
שיווק	שוק	ישוק	משוק	-
שיחד	שיחד	ישחד	משחד	לשחד
שיחק	שיחק	ישחק	משחק	לשחק
שיחרר	שיחרר	ישחרר	משחרר	לשחרר
שיטח	שטח	ישטח	משטח	-
שייט	שיט	ישיט	משיט	-
שייף	שיף	ישיף	משיף	-
שיכנע	שכנע	ישכנע	משכנע	-
שיכר	שכר	ישכר	משכר	-
שיכתב	שיכתב	ישכתב	משכתב	לשכתב
שילב	שילב	ישלב	משלב	לשלב
שילח	שילח	ישלח	משלח	לשלח
שילם	שילם	ישלם	משלם	לשלם
שימן	שימן	ישמן	משמן	לשמן
שימר	שימר	ישמר	משמר	לשמר
שימש	שימש	ישמש	משמש	לשמש
שינה	שינה	ישנה	משנה	לשנות
שינן	שנן	ישנן	משנן	-
שיעמם	שעמם	ישעמם	משעמם	-
שיער	שיער	ישער	משער	לשער
שיעשע	שעשע	ישעשע	משעשע	-
שיפר	שיפר	ישפר	משפר	לשפר
שיקף	שקף	ישקף	משקף	-
שיקר	שיקר	ישקר	משקר	לשקר
שירת	שירת	ישרת	משרת	לשרת
שיתף	שתף	ישתף	משתף	-
שיתק	שיתק	ישתק	משתק	לשתק
שכב	שכב	ישכב	שוכב	לשכב
שכח	שכח	ישכח	שוכח	לשכוח
שכל	שכל	ישכל	שוכל	-
שכן	שכן	ישכון	שוכן	לשכון
שכפל	שכפל	ישכפל	משכפל	-
שכר	שכר	ישכר	שוכר	-
שכתב	שכתב	ישכתב	משכתב	-
שלה	שלה	ישלה	שולה	-
שלח	שלח	ישלח	שולח	לשלוח
שלט	שלט	ישלוט	שולט	לשלוט
שלל	שלל	ישלל	שולל	-
שלם	שלם	ישלם	שולם	-
שלף	שלף	ישלוף	שולף	לשלוף
שלק	שלק	ישלק	שולק	-
שם	שם	ישים	שם	לשים
שמח	שמח	ישמח	שמח	לשמוח
שמט	שמט	ישמט	שומט	-
שמכר	שמכר	ישמכר	משמכר	-
שמן	שמן	ישמן	שמן	-
שמע	שמע	ישמע	שומע	לשמוע
שמר	שמר	ישמור	שומר	לשמור
שנא	שנא	ישנא	שונא	לשנוא
שנה	שנה	ישנה	שונה	-
שעבד	שעבד	ישעבד	משעבד	-
שעה	שעה	ישעה	שועה	-
שף	שף	ישוף	שף	לשוף
שפט	שפט	ישפוט	שופט	לשפוט
שפך	שפך	ישפוך	שופך	לשפוך
שפע	שפע	ישפע	שופע	לשפוע
שפשף	שפשף	ישפשף	משפשף	-
שקד	שקד	ישקד	שוקד	-
שקט	שקט	ישקוט	שוקט	לשקוט
שקל	שקל	ישקול	שוקל	לשקול
שקלל	שקלל	ישקלל	משקלל	-
שקע	שקע	ישקע	שוקע	-
שר	שר	ישיר	שר	לשיר
שרד	שרד	ישרוד	שורד	לשרוד
שרה	שרה	ישרה	שורה	-
שרטט	שרטט	ישרטט	משרטט	-
שרף	שרף	ישרוף	שורף	לשרוף
שרץ	שרץ	ישרץ	שורץ	-
שרק	שרק	ישרוק	שורק	לשרוק
שש	שש	ישיש	שש	לשיש
שת	שת	ישית	שת	לשית
שתה	שתה	ישתה	שותה	לשתות
שתל	שתל	ישתול	שותל	לשתול
שתק	שתק	ישתוק	שותק	לשתוק
שתת	שתת	ישתת	שותת	-
תאם	תאם	יתאם	תואם	-
תבע	תבע	יתבע	תובע	לתבוע
תגבר	תגבר	יתגבר	מתגבר	-
תדלק	תדלק	יתדלק	מתדלק	-
תהה	תהה	יתהה	תוהה	לתהות
תואר	תואר	יתואר	מתואר	-
תובל	תובל	יתובל	מתובל	-
תודלק	תדלק	יתדלק	מתדלק	-
תוחם	תחם	יתחם	מתחם	-
תוחקר	תחקר	יתחקר	מתחקר	-
תויק	תיק	יתיק	מתיק	-
תוסכל	תסכל	יתסכל	מתסכל	-
תועד	תעד	יתעד	מתעד	-
תופף	תופף	יתופף	מתופף	-
תזמן	תזמן	יתזמן	מתזמן	-
תחב	תחב	יתחב	תוחב	-
תחזק	תחזק	יתחזק	מתחזק	-
תחם	תחם	יתחם	תוחם	-
תחקר	תחקר	יתחקר	מתחקר	-
תיאר	תיאר	יתאר	מתאר	לתאר
תיבל	תיבל	יתבל	מתבל	לתבל
תיווך	תוך	יתוך	מתוך	-
תיחם	תחם	יתחם	מתחם	-
תייג	תיג	יתיג	מתיג	-
תייק	תיק	יתיק	מתיק	-
תיכנת	תיכנת	יתכנת	מתכנת	לתכנת
תילתל	תילתל	יתלתל	מתלתל	לתלתל
תיעב	תיעב	יתעב	מתעב	לתעב
תיעד	תיעד	יתעד	מתעד	לתעד
תיקן	תיקן	יתקן	מתקן	לתקן
תירגל	תירגל	יתרגל	מתרגל	לתרגל
תירגם	תירגם	יתרגם	מתרגם	לתרגם
תירץ	תרץ	יתרץ	מתרץ	-
תכנן	תכנן	יתכנן	מתכנן	-
תכנת	תכנת	יתכנת	מתכנת	-
תלה	תלה	יתלה	תולה	-
תלתל	תלתל	יתלתל	מתלתל	-
תמה	תמה	יתמה	תמה	לתמוה
תמך	תמך	יתמוך	תומך	לתמוך
תמרן	תמרן	יתמרן	מתמרן	-
תסכל	תסכל	יתסכל	מתסכל	-
תסס	תסס	יתסס	תוסס	-
תעה	תעה	יתעה	תועה	-
תפח	תפח	יתפח	תופח	-
תפס	תפס	יתפוס	תופס	לתפוס
תפעל	תפעל	יתפעל	מתפעל	-
תפקד	תפקד	יתפקד	מתפקד	-
תפר	תפר	יתפור	תופר	לתפור
תפש	תפש	יתפש	תופש	-
תקע	תקע	יתקע	תוקע	-
תקף	תקף	יתקף	תוקף	-
תר	תר	יתור	תר	לתור
תרבת	תרבת	יתרבת	מתרבת	-
תרגל	תרגל	יתרגל	מתרגל	-
תרגם	תרגם	יתרגם	מתרגם	-
תרם	תרם	יתרום	תורם	לתרום
