# Macedonian mined principal parts, from the apertium-mkd ∩ UniMorph agreement (stress stripped). Columns: lemma, prs1sg..3pl, impf1sg..3pl, lp_masc/fem/neut/pl, imp2sg, imp2pl, pass, converb, vnoun.
# '-' = the productive rule in src/mkd.rs; '|' separates variants.
бае	-	-	-	-	-	-	-	-	-	-	-	баеја	-	-	-	-	бај	бајте	-	-	-
беснее	-	-	-	-	-	-	-	-	-	-	-	беснееја	-	-	-	-	беснеј	беснејте	-	-	-
бледнее	-	-	-	-	-	-	-	-	-	-	-	бледнееја	-	-	-	-	бледнеј	бледнејте	-	-	-
блее	-	-	-	-	-	-	-	-	-	-	-	блееја	-	-	-	-	блеј	блејте	-	-	-
блуе	блујам	-	-	-	-	блујат	-	-	-	-	-	блуеја	-	-	-	-	блуј	блујте	-	-	-
брани	-	-	-	-	-	-	-	-	-	-	-	-	-	-	-	-	-	-	бранет	-	-
брои	бројам	-	-	-	-	бројат	-	-	-	-	-	броеја	-	-	-	-	број	бројте	-	-	-
венее	-	-	-	-	-	-	-	-	-	-	-	венееја	-	-	-	-	венеј	венејте	-	-	-
владее	-	-	-	-	-	-	-	-	-	-	-	владееја	-	-	-	-	владеј	владејте	-	-	-
влее	-	-	-	-	-	-	-	-	-	-	-	влееја	-	-	-	-	влеј	влејте	влеан	-	-
влијае	-	-	-	-	-	-	-	-	-	-	-	влијаеја	-	-	-	-	влијај	влијајте	-	-	-
воспее	-	-	-	-	-	-	-	-	-	-	-	воспееја	-	-	-	-	воспеј	воспејте	воспеан	-	-
впие	впијам	впииш	впии	впииме	впиите	впијат	-	-	-	-	-	впиеја	-	-	-	-	впиј	впијте	-	-	-
врие	вријам	-	-	-	-	вријат	-	-	-	-	-	вриеја	-	-	-	-	вриј	вријте	-	-	-
грее	-	-	-	-	-	-	-	-	-	-	-	грееја	-	-	-	-	греј	грејте	-	-	-
гувее	-	-	-	-	-	-	-	-	-	-	-	гувееја	-	-	-	-	гувеј	гувејте	-	-	-
даде	-	-	-	-	-	-	-	-	-	-	-	-	-	-	-	-	дај	дајте	-	-	-
дебелее	-	-	-	-	-	-	-	-	-	-	-	дебелееја	-	-	-	-	дебелеј	дебелејте	-	-	-
добие	добијам	-	-	-	-	добијат	-	-	-	-	-	добиеја	-	-	-	-	добиј	добијте	-	-	-
добои	добојам	-	-	-	-	добојат	-	-	-	-	-	добоеја	-	-	-	-	добој	добојте	-	-	-
додаде	-	-	-	-	-	-	-	-	-	-	-	-	-	-	-	-	додај	додајте	-	-	-
доживее	-	-	-	-	-	-	-	-	-	-	-	доживееја	-	-	-	-	доживеј	доживејте	доживеан	-	-
дознае	-	-	-	-	-	-	-	-	-	-	-	дознаеја	-	-	-	-	дознај	дознајте	-	-	-
дои	дојам	-	-	-	-	дојат	-	-	-	-	-	доеја	-	-	-	-	дој	дојте	-	-	-
докаже	-	-	-	-	-	-	-	-	-	-	-	-	-	-	-	-	-	-	докажан	-	-
допее	-	-	-	-	-	-	-	-	-	-	-	допееја	-	-	-	-	допеј	допејте	допеан	-	-
допие	допијам	-	-	-	-	допијат	-	-	-	-	-	допиеја	-	-	-	-	допиј	допијте	-	-	-
допише	-	-	-	-	-	-	-	-	-	-	-	-	-	-	-	-	-	-	допишан	-	-
дораскаже	-	-	-	-	-	-	-	-	-	-	-	-	-	-	-	-	-	-	дораскажан	-	-
достигне	-	-	-	-	-	-	-	-	-	-	-	-	-	-	-	-	-	-	достигнат	-	-
живее	-	-	-	-	-	-	-	-	-	-	-	живееја	-	-	-	-	живеј	живејте	-	-	-
жнее	-	-	-	-	-	-	-	-	-	-	-	жнееја	-	-	-	-	жнеј	жнејте	-	-	-
забележи	-	-	-	-	-	-	-	-	-	-	-	-	-	-	-	-	-	-	забележан	-	-
забие	забијам	-	-	-	-	забијат	-	-	-	-	-	забиеја	-	-	-	-	забиј	забијте	-	-	-
забрани	-	-	-	-	-	-	-	-	-	-	-	-	-	-	-	-	-	-	забранет	-	-
загине	-	-	-	-	-	-	-	-	-	-	-	-	-	-	-	-	-	-	загинат	-	-
загнои	загнојам	-	-	-	-	загнојат	-	-	-	-	-	загноеја	-	-	-	-	загној	загнојте	-	-	-
загрее	-	-	-	-	-	-	-	-	-	-	-	загрееја	-	-	-	-	загреј	загрејте	загреан	-	-
зададе	-	-	-	-	-	-	-	-	-	-	-	-	-	-	-	-	задај	задајте	-	-	-
задржи	-	-	-	-	-	-	-	-	-	-	-	-	-	-	-	-	-	-	задржан	-	-
заживее	-	-	-	-	-	-	-	-	-	-	-	заживееја	-	-	-	-	заживеј	заживејте	-	-	-
закаже	-	-	-	-	-	-	-	-	-	-	-	-	-	-	-	-	-	-	закажан	-	-
залае	-	-	-	-	-	-	-	-	-	-	-	залаеја	-	-	-	-	залај	залајте	-	-	-
залие	залијам	-	-	-	-	залијат	-	-	-	-	-	залиеја	-	-	-	-	залиј	залијте	-	-	-
замени	-	-	-	-	-	-	-	-	-	-	-	-	-	-	-	-	-	-	заменет	-	-
замие	замијам	-	-	-	-	замијат	-	-	-	-	-	замиеја	-	-	-	-	замиј	замијте	-	-	-
замине	-	-	-	-	-	-	-	-	-	-	-	-	-	-	-	-	-	-	заминат	-	-
замрзне	-	-	-	-	-	-	-	-	-	-	-	-	-	-	-	-	-	-	замрзнат	-	-
запее	-	-	-	-	-	-	-	-	-	-	-	запееја	-	-	-	-	запеј	запејте	запеан	-	-
заплени	-	-	-	-	-	-	-	-	-	-	-	-	-	-	-	-	-	-	запленет	-	-
запознае	-	-	-	-	-	-	-	-	-	-	-	запознаеја	-	-	-	-	запознај	запознајте	-	-	-
зарасне	-	-	-	-	-	-	-	-	-	-	-	-	-	-	-	-	-	-	зараснат	-	-
зарие	заријам	-	-	-	-	заријат	-	-	-	-	-	зариеја	-	-	-	-	зариј	заријте	-	-	-
застане	-	-	-	-	-	-	-	-	-	-	-	-	-	-	-	-	-	-	застанат	-	-
затруе	затрујам	-	-	-	-	затрујат	-	-	-	-	-	затруеја	-	-	-	-	затруј	затрујте	-	-	-
зашие	зашијам	-	-	-	-	зашијат	-	-	-	-	-	зашиеја	-	-	-	-	зашиј	зашијте	-	-	-
збие	збијам	-	-	-	-	збијат	-	-	-	-	-	збиеја	-	-	-	-	збиј	збијте	-	-	-
згои	згојам	-	-	-	-	згојат	-	-	-	-	-	згоеја	-	-	-	-	згој	згојте	-	-	-
згрее	-	-	-	-	-	-	-	-	-	-	-	згрееја	-	-	-	-	згреј	згрејте	згреан	-	-
знае	знам	-	-	-	-	-	-	-	-	-	-	знаеја	-	-	-	-	знај	знајте	-	-	-
избегне	-	-	-	-	-	-	-	-	-	-	-	-	-	-	-	-	-	-	избегнат	-	-
избере	-	-	-	-	-	-	-	-	-	-	-	-	-	-	-	-	-	-	избран	-	-
избие	избијам	-	-	-	-	избијат	-	-	-	-	-	избиеја	-	-	-	-	избиј	избијте	-	-	-
изгние	изгнијам	-	-	-	-	изгнијат	-	-	-	-	-	изгниеја	-	-	-	-	изгниј	изгнијте	-	-	-
издаде	-	-	-	-	-	-	-	-	-	-	-	-	-	-	-	-	издај	издајте	-	-	-
издвои	издвојам	-	-	-	-	издвојат	-	-	-	-	-	издвоеја	-	-	-	-	издвој	издвојте	-	-	-
измени	-	-	-	-	-	-	-	-	-	-	-	-	-	-	-	-	-	-	изменет	-	-
измие	измијам	-	-	-	-	измијат	-	-	-	-	-	измиеја	-	-	-	-	измиј	измијте	-	-	-
искаже	-	-	-	-	-	-	-	-	-	-	-	-	-	-	-	-	-	-	искажан	-	-
испадне	-	-	-	-	-	-	-	-	-	-	-	-	-	-	-	-	-	-	испаднат	-	-
испее	-	-	-	-	-	-	-	-	-	-	-	испееја	-	-	-	-	испеј	испејте	испеан	-	-
испие	испијам	-	-	-	-	испијат	-	-	-	-	-	испиеја	-	-	-	-	испиј	испијте	-	-	-
истрие	истријам	-	-	-	-	истријат	-	-	-	-	-	истриеја	-	-	-	-	истриј	истријте	-	-	-
исчезне	-	-	-	-	-	-	-	-	-	-	-	-	-	-	-	-	-	-	исчезнат	-	-
каже	-	-	-	-	-	-	-	-	-	-	-	-	-	-	-	-	-	-	кажан	-	-
копнее	-	-	-	-	-	-	-	-	-	-	-	копнееја	-	-	-	-	копнеј	копнејте	-	-	-
крие	кријам	-	-	-	-	кријат	-	-	-	-	-	криеја	-	-	-	-	криј	кријте	-	-	-
лае	-	-	-	-	-	-	-	-	-	-	-	лаеја	-	-	-	-	лај	лајте	-	-	-
лее	-	-	-	-	-	-	-	-	-	-	-	лееја	-	-	-	-	леј	лејте	-	-	-
мечтае	-	-	-	-	-	-	-	-	-	-	-	мечтаеја	-	-	-	-	мечтај	мечтајте	-	-	-
мие	мијам	-	-	-	-	мијат	-	-	-	-	-	миеја	-	-	-	-	миј	мијте	-	-	-
набие	набијам	-	-	-	-	набијат	-	-	-	-	-	набиеја	-	-	-	-	набиј	набијте	-	-	-
навие	навијам	-	-	-	-	навијат	-	-	-	-	-	навиеја	-	-	-	-	навиј	навијте	-	-	-
надвие	надвијам	-	-	-	-	надвијат	-	-	-	-	-	надвиеја	-	-	-	-	надвиј	надвијте	-	-	-
надживее	-	-	-	-	-	-	-	-	-	-	-	надживееја	-	-	-	-	надживеј	надживејте	надживеан	-	-
надмине	-	-	-	-	-	-	-	-	-	-	-	-	-	-	-	-	-	-	надминат	-	-
надои	надојам	-	-	-	-	надојат	-	-	-	-	-	надоеја	-	-	-	-	надој	надојте	-	-	-
надуе	надујам	-	-	-	-	надујат	-	-	-	-	-	надуеја	-	-	-	-	надуј	надујте	-	-	-
накаже	-	-	-	-	-	-	-	-	-	-	-	-	-	-	-	-	-	-	накажан	-	-
налие	налијам	-	-	-	-	налијат	-	-	-	-	-	налиеја	-	-	-	-	налиј	налијте	-	-	-
наметне	-	-	-	-	-	-	-	-	-	-	-	-	-	-	-	-	-	-	наметнат	-	-
нападне	-	-	-	-	-	-	-	-	-	-	-	-	-	-	-	-	-	-	нападнат	-	-
напише	-	-	-	-	-	-	-	-	-	-	-	-	-	-	-	-	-	-	напишан	-	-
напои	напојам	-	-	-	-	напојат	-	-	-	-	-	напоеја	-	-	-	-	напој	напојте	-	-	-
насмее	-	-	-	-	-	-	-	-	-	-	-	насмееја	-	-	-	-	насмеј	насмејте	насмеан	-	-
настане	-	-	-	-	-	-	-	-	-	-	-	-	-	-	-	-	-	-	настанат	-	-
настрои	настројам	-	-	-	-	настројат	-	-	-	-	-	настроеја	-	-	-	-	настрој	настројте	-	-	-
натпее	-	-	-	-	-	-	-	-	-	-	-	натпееја	-	-	-	-	натпеј	натпејте	натпеан	-	-
обвие	обвијам	-	-	-	-	обвијат	-	-	-	-	-	обвиеја	-	-	-	-	обвиј	обвијте	-	-	-
обвини	-	-	-	-	-	-	-	-	-	-	-	-	-	-	-	-	-	-	обвинет	-	-
обедини	-	-	-	-	-	-	-	-	-	-	-	-	-	-	-	-	-	-	обединет	-	-
обеспокои	обеспокојам	-	-	-	-	обеспокојат	-	-	-	-	-	обеспокоеја	-	-	-	-	обеспокој	обеспокојте	-	-	-
обие	обијам	-	-	-	-	обијат	-	-	-	-	-	обиеја	-	-	-	-	обиј	обијте	-	-	-
облее	-	-	-	-	-	-	-	-	-	-	-	облееја	-	-	-	-	облеј	облејте	облеан	-	-
обои	обојам	-	-	-	-	обојат	-	-	-	-	-	обоеја	-	-	-	-	обој	обојте	-	-	-
обуе	обујам	-	-	-	-	обујат	-	-	-	-	-	обуеја	-	-	-	-	обуј	обујте	-	-	-
објасни	-	-	-	-	-	-	-	-	-	-	-	-	-	-	-	-	-	-	објаснет	-	-
одбележи	-	-	-	-	-	-	-	-	-	-	-	-	-	-	-	-	-	-	одбележан	-	-
одбие	одбијам	-	-	-	-	одбијат	-	-	-	-	-	одбиеја	-	-	-	-	одбиј	одбијте	-	-	-
одвои	одвојам	-	-	-	-	одвојат	-	-	-	-	-	одвоеја	-	-	-	-	одвој	одвојте	-	-	-
одолее	-	-	-	-	-	-	-	-	-	-	-	одолееја	-	-	-	-	одолеј	одолејте	-	-	-
одржи	-	-	-	-	-	-	-	-	-	-	-	-	-	-	-	-	-	-	одржан	-	-
оживее	-	-	-	-	-	-	-	-	-	-	-	оживееја	-	-	-	-	оживеј	оживејте	оживеан	-	-
олесни	-	-	-	-	-	-	-	-	-	-	-	-	-	-	-	-	-	-	олеснет	-	-
опее	-	-	-	-	-	-	-	-	-	-	-	опееја	-	-	-	-	опеј	опејте	опеан	-	-
опие	опијам	опииш	опии	опииме	опиите	опијат	-	-	-	-	-	опиеја	-	-	-	-	опиј	опијте	-	-	-
опише	-	-	-	-	-	-	-	-	-	-	-	-	-	-	-	-	-	-	опишан	-	-
опседне	-	-	-	-	-	-	-	-	-	-	-	-	-	-	-	-	-	-	опседнат	-	-
опцуе	опцујам	-	-	-	-	опцујат	-	-	-	-	-	опцуеја	-	-	-	-	опцуј	опцујте	-	-	-
освои	освојам	-	-	-	-	освојат	-	-	-	-	-	освоеја	-	-	-	-	освој	освојте	-	-	-
осознае	-	-	-	-	-	-	-	-	-	-	-	осознаеја	-	-	-	-	осознај	осознајте	-	-	-
остане	-	-	-	-	-	-	-	-	-	-	-	-	-	-	-	-	-	-	останат	-	-
откаже	-	-	-	-	-	-	-	-	-	-	-	-	-	-	-	-	-	-	откажан	-	-
открие	откријам	-	-	-	-	откријат	-	-	-	-	-	откриеја	-	-	-	-	откриј	откријте	-	-	-
отпадне	-	-	-	-	-	-	-	-	-	-	-	-	-	-	-	-	-	-	отпаднат	-	-
отпее	-	-	-	-	-	-	-	-	-	-	-	отпееја	-	-	-	-	отпеј	отпејте	отпеан	-	-
отруе	отрујам	-	-	-	-	отрујат	-	-	-	-	-	отруеја	-	-	-	-	отруј	отрујте	-	-	-
отстрани	-	-	-	-	-	-	-	-	-	-	-	-	-	-	-	-	-	-	отстранет	-	-
оцени	-	-	-	-	-	-	-	-	-	-	-	-	-	-	-	-	-	-	оценет	-	-
падне	-	-	-	-	-	-	-	-	-	-	-	-	-	-	-	-	-	-	паднат	-	-
пее	-	-	-	-	-	-	-	-	-	-	-	пееја	-	-	-	-	пеј	пејте	-	-	-
пие	пијам	-	-	-	-	пијат	-	-	-	-	-	пиеја	-	-	-	-	пиј	пијте	-	-	-
побие	побијам	-	-	-	-	побијат	-	-	-	-	-	побиеја	-	-	-	-	побиј	побијте	-	-	-
повие	повијам	-	-	-	-	повијат	-	-	-	-	-	повиеја	-	-	-	-	повиј	повијте	-	-	-
поврзе	-	-	-	-	-	-	-	-	-	-	-	-	-	-	-	-	-	-	поврзан	-	-
подаде	-	-	-	-	-	-	-	-	-	-	-	-	-	-	-	-	подај	подајте	-	-	-
поддржи	-	-	-	-	-	-	-	-	-	-	-	-	-	-	-	-	-	-	поддржан	-	-
подигне	-	-	-	-	-	-	-	-	-	-	-	-	-	-	-	-	-	-	подигнат	-	-
поживее	-	-	-	-	-	-	-	-	-	-	-	поживееја	-	-	-	-	поживеј	поживејте	-	-	-
познае	-	-	-	-	-	-	-	-	-	-	-	познаеја	-	-	-	-	познај	познајте	-	-	-
пои	појам	-	-	-	-	појат	-	-	-	-	-	поеја	-	-	-	-	пој	појте	-	-	-
покаже	-	-	-	-	-	-	-	-	-	-	-	-	-	-	-	-	-	-	покажан	-	-
покани	-	-	-	-	-	-	-	-	-	-	-	-	-	-	-	-	-	-	поканет	-	-
покрене	-	-	-	-	-	-	-	-	-	-	-	-	-	-	-	-	-	-	покренат	-	-
покрие	покријам	-	-	-	-	покријат	-	-	-	-	-	покриеја	-	-	-	-	покриј	покријте	-	-	-
полие	полијам	-	-	-	-	полијат	-	-	-	-	-	полиеја	-	-	-	-	полиј	полијте	-	-	-
помине	-	-	-	-	-	-	-	-	-	-	-	-	-	-	-	-	-	-	поминат	-	-
попее	-	-	-	-	-	-	-	-	-	-	-	попееја	-	-	-	-	попеј	попејте	попеан	-	-
попише	-	-	-	-	-	-	-	-	-	-	-	-	-	-	-	-	-	-	попишан	-	-
порасне	-	-	-	-	-	-	-	-	-	-	-	-	-	-	-	-	-	-	пораснат	-	-
посвои	посвојам	-	-	-	-	посвојат	-	-	-	-	-	посвоеја	-	-	-	-	посвој	посвојте	-	-	-
посее	-	-	-	-	-	-	-	-	-	-	-	посееја	-	-	-	-	посеј	посејте	посеан	-	-
постигне	-	-	-	-	-	-	-	-	-	-	-	-	-	-	-	-	-	-	постигнат	-	-
постои	постојам	-	-	-	-	постојат	-	-	-	-	-	постоеја	-	-	-	-	постој	постојте	-	-	-
построи	постројам	-	-	-	-	постројат	-	-	-	-	-	построеја	-	-	-	-	построј	постројте	-	-	-
потпише	-	-	-	-	-	-	-	-	-	-	-	-	-	-	-	-	-	-	потпишан	-	-
потрае	-	-	-	-	-	-	-	-	-	-	-	потраеја	-	-	-	-	потрај	потрајте	-	-	-
поттикне	-	-	-	-	-	-	-	-	-	-	-	-	-	-	-	-	-	-	поттикнат	-	-
почине	-	-	-	-	-	-	-	-	-	-	-	-	-	-	-	-	-	-	починат	-	-
почне	-	-	-	-	-	-	-	-	-	-	-	-	-	-	-	-	-	-	почнат	-	-
пребои	пребојам	-	-	-	-	пребојат	-	-	-	-	-	пребоеја	-	-	-	-	пребој	пребојте	-	-	-
превие	превијам	-	-	-	-	превијат	-	-	-	-	-	превиеја	-	-	-	-	превиј	превијте	-	-	-
предаде	-	-	-	-	-	-	-	-	-	-	-	-	-	-	-	-	предај	предајте	-	-	-
преживее	-	-	-	-	-	-	-	-	-	-	-	преживееја	-	-	-	-	преживеј	преживејте	преживеан	-	-
прекине	-	-	-	-	-	-	-	-	-	-	-	-	-	-	-	-	-	-	прекинат	-	-
прекрие	прекријам	-	-	-	-	прекријат	-	-	-	-	-	прекриеја	-	-	-	-	прекриј	прекријте	-	-	-
прелие	прелијам	-	-	-	-	прелијат	-	-	-	-	-	прелиеја	-	-	-	-	прелиј	прелијте	-	-	-
премие	премијам	-	-	-	-	премијат	-	-	-	-	-	премиеја	-	-	-	-	премиј	премијте	-	-	-
препее	-	-	-	-	-	-	-	-	-	-	-	препееја	-	-	-	-	препеј	препејте	препеан	-	-
препознае	-	-	-	-	-	-	-	-	-	-	-	препознаеја	-	-	-	-	препознај	препознајте	-	-	-
препои	препојам	-	-	-	-	препојат	-	-	-	-	-	препоеја	-	-	-	-	препој	препојте	-	-	-
прераскаже	-	-	-	-	-	-	-	-	-	-	-	-	-	-	-	-	-	-	прераскажан	-	-
престане	-	-	-	-	-	-	-	-	-	-	-	-	-	-	-	-	-	-	престанат	-	-
придаде	-	-	-	-	-	-	-	-	-	-	-	-	-	-	-	-	придај	придајте	-	-	-
признае	-	-	-	-	-	-	-	-	-	-	-	признаеја	-	-	-	-	признај	признајте	-	-	-
прикрие	прикријам	-	-	-	-	прикријат	-	-	-	-	-	прикриеја	-	-	-	-	прикриј	прикријте	-	-	-
присвои	присвојам	-	-	-	-	присвојат	-	-	-	-	-	присвоеја	-	-	-	-	присвој	присвојте	-	-	-
пристигне	-	-	-	-	-	-	-	-	-	-	-	-	-	-	-	-	-	-	пристигнат	-	-
пробие	пробијам	-	-	-	-	пробијат	-	-	-	-	-	пробиеја	-	-	-	-	пробиј	пробијте	-	-	-
продаде	-	-	-	-	-	-	-	-	-	-	-	-	-	-	-	-	продај	продајте	-	-	-
промие	промијам	-	-	-	-	промијат	-	-	-	-	-	промиеја	-	-	-	-	промиј	промијте	-	-	-
пропадне	-	-	-	-	-	-	-	-	-	-	-	-	-	-	-	-	-	-	пропаднат	-	-
пропише	-	-	-	-	-	-	-	-	-	-	-	-	-	-	-	-	-	-	пропишан	-	-
просее	-	-	-	-	-	-	-	-	-	-	-	просееја	-	-	-	-	просеј	просејте	просеан	-	-
протрие	протријам	-	-	-	-	протријат	-	-	-	-	-	протриеја	-	-	-	-	протриј	протријте	-	-	-
процени	-	-	-	-	-	-	-	-	-	-	-	-	-	-	-	-	-	-	проценет	-	-
пцуе	пцујам	-	-	-	-	пцујат	-	-	-	-	-	пцуеја	-	-	-	-	пцуј	пцујте	-	-	-
разбие	разбијам	-	-	-	-	разбијат	-	-	-	-	-	разбиеја	-	-	-	-	разбиј	разбијте	-	-	-
развие	развијам	-	-	-	-	развијат	-	-	-	-	-	развиеја	-	-	-	-	развиј	развијте	-	-	-
раздвои	раздвојам	-	-	-	-	раздвојат	-	-	-	-	-	раздвоеја	-	-	-	-	раздвој	раздвојте	-	-	-
разлие	разлијам	-	-	-	-	разлијат	-	-	-	-	-	разлиеја	-	-	-	-	разлиј	разлијте	-	-	-
разоткрие	разоткријам	-	-	-	-	разоткријат	-	-	-	-	-	разоткриеја	-	-	-	-	разоткриј	разоткријте	-	-	-
рани	-	-	-	-	-	-	-	-	-	-	-	-	-	-	-	-	-	-	ранет	-	-
расее	-	-	-	-	-	-	-	-	-	-	-	расееја	-	-	-	-	расеј	расејте	расеан	-	-
раскаже	-	-	-	-	-	-	-	-	-	-	-	-	-	-	-	-	-	-	раскажан	-	-
раслои	раслојам	-	-	-	-	раслојат	-	-	-	-	-	раслоеја	-	-	-	-	раслој	раслојте	-	-	-
растаи	растајам	-	-	-	-	растајат	-	-	-	-	-	растаеја	-	-	-	-	растај	растајте	-	-	-
се завее	-	-	-	-	-	-	-	-	-	-	-	-	-	-	-	-	-	-	завеан	-	-
се изветрее	-	-	-	-	-	-	-	-	-	-	-	-	-	-	-	-	-	-	изветреан	-	-
се напие	-	-	-	-	-	-	-	-	-	-	-	-	-	-	-	-	-	-	напиен	-	-
се насмее	-	-	-	-	-	-	-	-	-	-	-	-	-	-	-	-	-	-	насмеан	-	-
се обуе	-	-	-	-	-	-	-	-	-	-	-	-	-	-	-	-	-	-	обуен	-	-
се развие	-	-	-	-	-	-	-	-	-	-	-	-	-	-	-	-	-	-	развиен	-	-
се разлие	-	-	-	-	-	-	-	-	-	-	-	-	-	-	-	-	-	-	разлиен	-	-
се распее	-	-	-	-	-	-	-	-	-	-	-	-	-	-	-	-	-	-	распеан	-	-
се скрие	-	-	-	-	-	-	-	-	-	-	-	-	-	-	-	-	-	-	скриен	-	-
се собуе	-	-	-	-	-	-	-	-	-	-	-	-	-	-	-	-	-	-	собуен	-	-
се сокрие	-	-	-	-	-	-	-	-	-	-	-	-	-	-	-	-	-	-	сокриен	-	-
седне	-	-	-	-	-	-	-	-	-	-	-	-	-	-	-	-	-	-	седнат	-	-
скрие	скријам	-	-	-	-	скријат	-	-	-	-	-	скриеја	-	-	-	-	скриј	скријте	-	-	-
скрои	скројам	-	-	-	-	скројат	-	-	-	-	-	скроеја	-	-	-	-	скрој	скројте	-	-	-
слабее	-	-	-	-	-	-	-	-	-	-	-	слабееја	-	-	-	-	слабеј	слабејте	-	-	-
смее	-	-	-	-	-	-	-	-	-	-	-	смееја	-	-	-	-	смеј	смејте	-	-	-
собере	-	-	-	-	-	-	-	-	-	-	-	-	-	-	-	-	-	-	собран	-	-
собуе	собујам	-	-	-	-	собујат	-	-	-	-	-	собуеја	-	-	-	-	собуј	собујте	-	-	-
создаде	-	-	-	-	-	-	-	-	-	-	-	-	-	-	-	-	создај	создајте	-	-	-
созрее	-	-	-	-	-	-	-	-	-	-	-	созрееја	-	-	-	-	созреј	созрејте	созреан	-	-
сокрие	сокријам	-	-	-	-	сокријат	-	-	-	-	-	сокриеја	-	-	-	-	сокриј	сокријте	-	-	-
сошие	сошијам	-	-	-	-	сошијат	-	-	-	-	-	сошиеја	-	-	-	-	сошиј	сошијте	-	-	-
спознае	-	-	-	-	-	-	-	-	-	-	-	спознаеја	-	-	-	-	спознај	спознајте	-	-	-
спои	спојам	-	-	-	-	спојат	-	-	-	-	-	споеја	-	-	-	-	спој	спојте	-	-	-
сретне	-	-	-	-	-	-	-	-	-	-	-	-	-	-	-	-	-	-	сретнат	-	-
стане	-	-	-	-	-	-	-	-	-	-	-	-	-	-	-	-	-	-	станат	-	-
старее	-	-	-	-	-	-	-	-	-	-	-	старееја	-	-	-	-	стареј	старејте	-	-	-
стесни	-	-	-	-	-	-	-	-	-	-	-	-	-	-	-	-	-	-	стеснет	-	-
стигне	-	-	-	-	-	-	-	-	-	-	-	-	-	-	-	-	-	-	стигнат	-	-
стои	стојам	-	-	-	-	стојат	-	-	-	-	-	стоеја	-	-	-	-	стој	стојте	-	-	-
тежнее	-	-	-	-	-	-	-	-	-	-	-	тежнееја	-	-	-	-	тежнеј	тежнејте	-	-	-
ткае	-	-	-	-	-	-	-	-	-	-	-	ткаеја	-	-	-	-	ткај	ткајте	-	-	-
тлее	-	-	-	-	-	-	-	-	-	-	-	тлееја	-	-	-	-	тлеј	тлејте	-	-	-
трае	-	-	-	-	-	-	-	-	-	-	-	траеја	-	-	-	-	трај	трајте	-	-	-
трие	тријам	-	-	-	-	тријат	-	-	-	-	-	триеја	-	-	-	-	триј	тријте	-	-	-
труе	трујам	-	-	-	-	трујат	-	-	-	-	-	труеја	-	-	-	-	труј	трујте	-	-	-
убие	убијам	-	-	-	-	убијат	-	-	-	-	-	убиеја	-	-	-	-	убиј	убијте	-	-	-
удвои	удвојам	-	-	-	-	удвојат	-	-	-	-	-	удвоеја	-	-	-	-	удвој	удвојте	-	-	-
укине	-	-	-	-	-	-	-	-	-	-	-	-	-	-	-	-	-	-	укинат	-	-
усвои	усвојам	-	-	-	-	усвојат	-	-	-	-	-	усвоеја	-	-	-	-	усвој	усвојте	-	-	-
успее	-	-	-	-	-	-	-	-	-	-	-	успееја	-	-	-	-	успеј	успејте	-	-	-
успокои	успокојам	-	-	-	-	успокојат	-	-	-	-	-	успокоеја	-	-	-	-	успокој	успокојте	-	-	-
устрои	устројам	-	-	-	-	устројат	-	-	-	-	-	устроеја	-	-	-	-	устрој	устројте	-	-	-
утрои	утројам	-	-	-	-	утројат	-	-	-	-	-	утроеја	-	-	-	-	утрој	утројте	-	-	-
чезнее	-	-	-	-	-	-	-	-	-	-	-	чезнееја	-	-	-	-	чезнеј	чезнејте	-	-	-
чемрее	-	-	-	-	-	-	-	-	-	-	-	чемрееја	-	-	-	-	чемреј	чемрејте	-	-	-
чмае	-	-	-	-	-	-	-	-	-	-	-	чмаеја	-	-	-	-	чмај	чмајте	-	-	-
чуе	чујам	-	-	-	-	чујат	-	-	-	-	-	чуеја	-	-	-	-	чуј	чујте	-	-	-
шие	шијам	-	-	-	-	шијат	-	-	-	-	-	шиеја	-	-	-	-	шиј	шијте	-	-	-
