# lemma	past	future	vn	ptcp  (mined principal parts, delenited past; "-" = derive)
abair	tuirt	their	ràdh	ràite
adhbharaich	adhbharaich	adhbharaichidh	adhbharachadh	adhbharaichte
adhlac	adhlac	adhlacaidh	adhlacadh	adhlacte
adhlaic	adhlaic	adhlaicidh	adhlacadh	-
ag	ag	agidh	agadh	-
agair	agair	agairidh	agairt	-
aidich	aidich	aidichidh	aideachadh	aidichte
ainlean	ainlean	ainleanaidh	ainleanmhainn	ainleanta
ainmich	ainmich	ainmichidh	ainmeachadh	ainmichte
ainneartaich	ainneartaich	ainneartaichidh	ainneartachadh	ainneartaichte
aisling	aisling	aislingidh	aisling	aislingte
aithnich	aithnich	aithnichidh	aithneachadh	aithnichte
aithris	aithris	aithrisidh	aithris	aithriste
altraim	altraim	altraimidh	altram	altraimte
amail	amail	amailidh	amal	amailte
amais	amais	amaisidh	amas	amaiste
amhairc	amhairc	amhaircidh	amharc	amhaircte
aodaich	aodaich	aodaichidh	aodachadh	aodaichte
aonaich	aonaich	aonaichidh	aonachadh	aonaichte
aontaich	aontaich	aontaichidh	aontachadh	aontaichte
armaich	armaich	armaichidh	armachadh	armaichte
at	at	ataidh	at	athte
ath-agair	ath-agair	ath-agairidh	ath-agairt	ath-agairte
ath-ainmich	ath-ainmich	ath-ainmichidh	ath-ainmeachadh	ath-ainmichte
ath-aithris	ath-aithris	ath-aithrisidh	ath-aithris	ath-aithriste
ath-bheachdaich	ath-bheachdaich	ath-bheachdaichidh	ath-bheachdachadh	ath-bheachdaichte
ath-bheothaich	ath-bheothaich	ath-bheothaichidh	ath-bheothachadh	ath-bheothaichte
ath-bheòthaich	ath-bheòthaich	ath-bheòthaichidh	ath-bheòthachadh	ath-bheòthaichte
ath-bhreithnich	ath-bhreithnich	ath-bhreithnichidh	ath-bhreithneachadh	ath-bhreithnichte
ath-bhrod	-	-	ath-bhrodadh	-
ath-bhrosnaich	ath-bhrosnaich	ath-bhrosnaichidh	ath-bhrosnachadh	ath-bhrosnaichte
ath-bhuannaich	ath-bhuannaich	ath-bhuannaichidh	ath-bhuannachadh	ath-bhuannaichte
ath-bhuidhinn	ath-bhuidhinn	ath-bhuidhnidh	ath-bhuidhinn	ath-bhuidhinnte
ath-chagainn	ath-chagainn	ath-chagnaidh	ath-chagnadh	ath-chagainnte
ath-cheannaich	ath-cheannaich	ath-cheannaichidh	ath-cheannach	ath-cheannaichte
ath-cheannsaich	ath-cheannsaich	ath-cheannsaichidh	ath-cheannsachadh	ath-cheannsaichte
ath-cheasnaich	ath-cheasnaich	ath-cheasnaichidh	ath-cheasnachadh	ath-cheasnaichte
ath-chlaon	ath-chlaon	ath-chlaonaidh	ath-chlaonadh	ath-chlaonte
ath-choisich	ath-choisich	ath-choisichidh	ath-choiseachd	ath-choisichte
ath-chruinnich	ath-chruinnich	ath-chruinnichidh	ath-chruinneachadh	ath-chruinnichte
ath-chruthaich	ath-chruthaich	ath-chruthaichidh	ath-chruthachadh	ath-chruthaichte
ath-chuairtich	ath-chuairtich	ath-chuairtichidh	ath-chuairteachadh	ath-chuairtichte
ath-chuir	ath-chuir	ath-chuiridh	ath-chur	ath-chuirte
ath-dhealbh	ath-dhealbh	ath-dhealbhaidh	ath-dhealbhadh	ath-dhealbhta
ath-dhèan	ath-rinn	ath-nì	ath-dhèanamh	ath-dhèanta
ath-dhìol	ath-dhìol	ath-dhìolaidh	ath-dhìoladh	ath-dhìolte
ath-dhùblaich	ath-dhùblaich	ath-dhùblaichidh	ath-dhùblachadh	ath-dhùblaichte
ath-dhùisg	ath-dhùisg	ath-dhùisgidh	ath-dhùsgadh	ath-dhùisgte
ath-eagaraich	ath-eagaraich	ath-eagaraichidh	ath-eagrachadh	ath-eagaraichte
ath-fhasdaich	ath-fhasdaich	ath-fhasdaichidh	ath-fhasdachadh	ath-fhasdaichte
ath-ghabh	ath-ghabh	ath-ghabhaidh	ath-ghabhail	ath-ghabhte
ath-ghin	ath-ghin	ath-ghinidh	ath-ghintinn	ath-ghinte
ath-ghlac	ath-ghlac	ath-ghlacaidh	ath-ghlacadh	ath-ghlacte
ath-innis	ath-innis	ath-innsidh	ath-innse	ath-inniste
ath-lathaich	ath-lathaich	ath-lathaichidh	ath-lathachadh	ath-lathaichte
ath-leasaich	ath-leasaich	ath-leasaichidh	ath-leasachadh	ath-leasaichte
ath-leum	ath-leum	ath-leumaidh	ath-leum	ath-leumte
ath-lorgaich	ath-lorgaich	ath-lorgaichidh	ath-lorgachadh	ath-lorgaichte
ath-lìon	ath-lìon	ath-lìonaidh	ath-lìonadh	ath-lìonte
ath-neartaich	ath-neartaich	ath-neartaichidh	ath-neartachadh	ath-neartaichte
ath-nochd	ath-nochd	ath-nochdaidh	ath-nochdadh	ath-nochdte
ath-nuadhaich	ath-nuadhaich	ath-nuadhaichidh	ath-nuadhachadh	ath-nuadhaichte
ath-roinn	ath-roinn	ath-roinnidh	ath-roinn	ath-roinnte
ath-ruith	ath-ruith	ath-ruithidh	ath-ruith	ath-ruithte
ath-rèitich	ath-rèitich	ath-rèitichidh	ath-rèiteachadh	ath-rèitichte
ath-sgrìobh	ath-sgrìobh	ath-sgrìobhaidh	ath-sgrìobhadh	ath-sgrìobhte
ath-sgrùd	ath-sgrùd	ath-sgrùdaidh	ath-sgrùdadh	ath-sgrùdte
ath-shealbhaich	ath-shealbhaich	ath-shealbhaichidh	ath-shealbhachadh	ath-shealbhaichte
ath-sheall	ath-sheall	ath-sheallaidh	ath-shealltainn	ath-sheallte
ath-shuidhich	ath-shuidhich	ath-shuidhichidh	ath-shuidheachadh	ath-shuidhichte
ath-smaoinich	ath-smaoinich	ath-smaoinichidh	ath-smaoineachadh	ath-smaoinichte
ath-thagair	ath-thagair	ath-thagraidh	ath-thagairt	ath-thagairte
ath-thagh	ath-thagh	ath-thaghaidh	ath-thagadh	ath-thaghte
ath-thog	ath-thog	ath-thogaidh	ath-thogail	ath-thogte
ath-thuislich	ath-thuislich	ath-thuislichidh	ath-thuisleachadh	ath-thuislichte
ath-thuit	ath-thuit	ath-thuitidh	ath-thuiteam	ath-thuite
ath-thòisich	ath-thòisich	ath-thòisichidh	ath-thòiseachadh	ath-thòisichte
ath-ùraich	ath-ùraich	ath-ùraichidh	ath-ùrachadh	ath-ùraichte
atharraich	atharraich	atharraichidh	atharrachadh	atharraichte
bac	bac	bacaidh	bacadh	bacte
bagair	bagair	bagairidh	bagairt	bagairte
baist	baist	baistidh	baisteadh	baiste
barantaich	barantaich	barantaichidh	barantachd	barantaichte
barrantaich	barrantaich	barrantaichidh	barrantachd	barrantaichte
beadraich	beadraich	beadraichidh	beadradh	beadraichte
beannaich	beannaich	beannaichidh	beannachadh	beannaichte
beartaich	beartaich	beartaichidh	beartachadh	beartaichte
beir	rug	beiridh	breith	beirte
beothaich	beothaich	beothaichidh	beothachadh	beothaichte
beuc	beuc	beucaidh	beucadh	beucte
beàrr	beàrr	bearraidh	bearradh	beàrrte
beò-ghlac	beò-ghlac	beò-ghlacaidh	beò-ghlacadh	beò-ghlacte
beòthaich	beòthaich	beòthaichidh	beòthachadh	-
bhòt	bhòt	bhòtaidh	bhòtadh	-
blais	blais	blaisidh	blasad	blaiste
bleadraig	bleadraig	bleadraigidh	bleadraigeadh	bleadraigte
bleoghainn	bleoghainn	bleoghainnidh	bleoghann	bleoghainnte
blàthaich	blàthaich	blàthaichidh	blàthachadh	blàthaichte
boc	boc	bocaidh	bocadh	bocte
bocsaig	bocsaig	bocsaigidh	bocsaigeadh	bocsaigte
brabhsaich	-	-	brabhsadh	-
breab	breab	breabaidh	breabadh	breabte
breac	breac	breacaidh	breacadh	breacte
breislich	breislich	breislichidh	breisleachadh	breislichte
breithnich	breithnich	breithnichidh	breithneachadh	breithnichte
breun	breun	breunaidh	breunad	breunte
briog	briog	briogaidh	briogadh	briogte
bris	bris	brisidh	briseadh	briste
brod	brod	brodaidh	brodadh	brodte
bronn	bronn	bronnaidh	bronnadh	bronnta
brosnaich	brosnaich	brosnaichidh	brosnachadh	-
bruadair	bruadair	bruadairidh	bruadar	bruadairte
bruich	bruich	bruichidh	bruicheadh	bruichte
bruidhinn	bruidhinn	bruidhnidh	bruidhinn	bruidhnte
bruis	bruis	bruisidh	bruiseadh	bruiste
brunndail	brunndail	brunndailidh	brunndail	brunndailte
brùnndail	brùnndail	brùnndailidh	brùnndail	brùnndailte
buail	buail	buailidh	bualadh	buailte
buain	buain	buainidh	buain	buainte
buair	buair	buairidh	buaireadh	buairte
buannaich	buannaich	buannaichidh	buannachadh	buannaichte
builg	builg	builgidh	builgeadh	builgte
buin	buin	buinidh	buntainn	buinte
buinnig	buinnig	buinnigidh	buinnigeadh	-
bàsaich	bàsaich	bàsaichidh	bàsachadh	bàsaichte
bàth	bàth	bàthaidh	bàthadh	bàthte
bòc	bòc	bòcaidh	bòcadh	bòcte
bòrd	bòrd	bòrdaidh	bòrdadh	bòrdte
cac	cac	cacaidh	cac	cacte
cadail	-	-	cadal	-
cagainn	cagainn	cagnaidh	cagnadh	cagainnte
cagair	cagair	cagairidh	cagar	cagairte
caidil	caidil	caidlidh	cadal	caidilte
caill	caill	caillidh	call	caillte
caisg	caisg	caisgidh	casg	caisgte
caith	caith	caithidh	caitheamh	caithte
callaich	callaich	callaichidh	callachadh	callaichte
can	can	canaidh	cantainn	cante
caochail	caochail	caochailidh	caochladh	caochailte
caog	caog	caogaidh	caogadh	caogte
caoidh	caoidh	caoidhidh	caoidh	caoidhte
caoin	caoin	caoinidh	caoineadh	caointe
caomhainn	caomhainn	caoimhnidh	caomhnadh	caomhainnte
caraich	caraich	caraichidh	carachadh	caraichte
ceangail	ceangail	ceanglaidh	ceangal	ceangailte
ceannaich	ceannaich	ceannaichidh	ceannach	ceannaichte
ceannsaich	ceannsaich	ceannsaichidh	ceannsachadh	ceannsaichte
ceileir	ceileir	ceileiridh	ceileireadh	ceileirte
ceumnaich	ceumnaich	ceumnaichidh	ceumnachadh	ceumnaichte
ciallaich	ciallaich	ciallaichidh	ciallachadh	ciallaichte
cinn	cinn	cinnidh	cinntinn	cinnte
ciùrr	ciùrr	ciùrraidh	ciùrradh	ciùrrte
clach	clach	clachaidh	clachadh	clachte
cladh	cladh	cladhaidh	cladh	cladhte
cladhaich	cladhaich	cladhaichidh	cladhach	cladhaichte
claon	claon	claonaidh	claonadh	claonte
cleachd	cleachd	cleachdaidh	cleachdadh	cleachdte
cleasaich	cleasaich	cleasaichidh	cleasachd	cleasaichte
cliath	cliath	cliathaidh	cliathadh	cliathte
cliog	cliog	cliogaidh	cliogadh	cliogte
cliop	cliop	cliopaidh	cliopadh	-
clisg	clisg	clisgidh	clisgeadh	clisgte
cluich	cluich	cluichidh	cluich	cluichte
cluinn	cuala	cluinnidh	cluinntinn	cluinnte
clàraich	clàraich	clàraichidh	clàrachadh	clàraichte
clìoraig	clìoraig	clìoraigidh	clìoraigeadh	-
clò-bhuail	clò-bhuail	clò-bhuailidh	clò-bhualadh	clò-bhuailte
clò-sgrìobh	clò-sgrìobh	clò-sgrìobhaidh	clò-sgrìobhadh	clò-sgrìobhte
cnag	cnag	cnagaidh	cnagadh	cnagte
cnuasaich	cnuasaich	cnuasaichidh	cnuasachadh	cnuasaichte
cnàmh	cnàmh	cnàmhaidh	cnàmh	cnàmhte
cnàmh-loisg	cnàmh-loisg	cnàmh-loisgidh	cnàmh-losgadh	cnàmh-loisgte
co-aonaich	co-aonaich	co-aonaichidh	co-aonachadh	co-aonaichte
co-aontaich	co-aontaich	co-aontaichidh	co-aontachadh	co-aontaichte
co-cheangail	co-cheangail	co-cheanglaidh	co-cheangal	co-cheangailte
co-naisg	co-naisg	co-naisgidh	co-nasgadh	co-naisgte
co-roinn	co-roinn	co-roinnidh	co-roinn	co-roinnte
co-òrdaich	co-òrdaich	co-òrdaichidh	co-òrdachadh	co-òrdaichte
co-òrdanaich	co-òrdanaich	co-òrdanaichidh	co-òrdanachadh	co-òrdanaichte
cofhurtaich	cofhurtaich	cofhurtaichidh	cofhurtachadh	cofhurtaichte
cog	cog	cogaidh	cogadh	cogte
coilean	coilean	coileanaidh	coileanadh	coileante
coimeas	coimeas	coimeasaidh	coimeas	coimeaste
coimhead	coimhead	coimheadaidh	coimhead	coimheadte
coinnich	coinnich	coinnichidh	coinneachadh	coinnichte
coisich	coisich	coisichidh	coiseachd	coisichte
coisinn	coisinn	coisinnidh	cosnadh	coisinnte
coisrig	coisrig	coisrigidh	coisrigeadh	coisrigte
coitich	coitich	coitichidh	coiteachadh	coitichte
comh-shnìomh	comh-shnìomh	comh-shnìomhaidh	comh-shnìomh	comh-shnìomhte
comhairlich	comhairlich	comhairlichidh	comhairleachadh	comhairlichte
comharraich	comharraich	comharraichidh	comharrachadh	comharraichte
comhartaich	comhartaich	comhartaichidh	comhartaich	comhartaichte
connsaich	connsaich	connsaichidh	connsachadh	connsaichte
cop	cop	copidh	copadh	copte
corraich	corraich	corraichidh	corrachadh	corraichte
cosg	cosg	cosgaidh	cosg	cosgte
craobh	craobh	craobhaidh	craobhadh	craobhta
craol	craol	craolaidh	-	-
crath	crath	crathaidh	crathadh	crathte
creach	creach	creachaidh	creachadh	creachte
creid	creid	creididh	creidsinn	creidte
criom	criom	criomaidh	criomadh	criomte
crith	crith	crithidh	crith	crithte
croch	croch	crochaidh	crochadh	crochte
crom	crom	cromaidh	cromadh	cromte
cronaich	cronaich	cronaichidh	cronachadh	cronaichte
cruach	cruach	cruachaidh	cruachadh	cruachte
crudhaich	crudhaich	crudhaichidh	crudhachadh	crudhaichte
cruinnich	cruinnich	cruinnichidh	cruinneachadh	cruinnichte
cruthaich	cruthaich	cruthaichidh	cruthachadh	cruthaichte
cràidh	cràidh	cràidhidh	cràdh	cràidhte
crìochnaich	crìochnaich	crìochnaichidh	crìochnachadh	crìochnaichte
crìon	crìon	crìonaidh	crìonadh	crìonte
crùb	crùb	crùbaidh	crùbadh	crùbte
crùn	crùn	crùnaidh	crùnadh	crùinte
cuairtich	cuairtich	cuairtichidh	cuairteachadh	cuairtichte
cuartaich	cuartaich	cuartaichidh	cuartachadh	cuartaichte
cuibhrich	cuibhrich	cuibhrichidh	cuibhreachadh	cuibhrichte
cuidich	cuidich	cuidichidh	cuideachadh	cuidichte
cuimhnich	cuimhnich	cuimhnichidh	cuimhneachadh	cuimhnichte
cuip	cuip	cuipidh	cuipeadh	cuipte
cuir	cuir	cuiridh	cur	cuirte
cuir-ris	cuir-ris	cuiridh-ris	cur-ris	-
cum	cum	cumaidh	cumadh	cumta
cunnt	cunnt	cunntaidh	cunntadh	cunnte
càin	càin	càinidh	càineadh	càinte
càirich	càirich	càirichidh	càradh	càirichte
cèir	cèir	cèiridh	cèireadh	cèirte
cèirich	cèirich	cèirichidh	cèireachadh	cèirichte
cìl	cìl	cìlidh	cìleadh	cìlte
cìr	cìr	cìridh	cìreadh	cìrte
còmhdaich	còmhdaich	còmhdaichidh	còmhdachadh	còmhdaichte
còmhnaich	còmhnaich	còmhnaichidh	còmhnaidh	còmhnaichte
còrd	còrd	còrdaidh	còrdadh	còrdte
cùm	cùm	cumaidh	cumail	cumta
cùnnt	cùnnt	cùnntaidh	cùnntadh	cùnnte
daingnich	daingnich	daingnichidh	daingneachadh	daingnichte
dall	dall	dallaidh	dalladh	dallta
danns	danns	dannsaidh	dannsadh	dannste
dealaich	dealaich	dealaichidh	dealachadh	dealaichte
dealbh	dealbh	dealbhaidh	dealbhadh	dealbhta
dealuich	dealuich	dealuichidh	dealuicheadh	dealuichte
dearbh	dearbh	dearbhaidh	dearbhadh	dearbhte
dearc	dearc	dearcaidh	dearcadh	dearcte
dearg	dearg	deargaidh	deargadh	deargte
dearrs	dearrs	dearrsaidh	dearrsadh	dearrste
dearrsaich	dearrsaich	dearrasaichidh	dearrsadh	dearrasaichte
deasaich	deasaich	deasaichidh	deasachadh	deasaichte
deasbair	deasbair	deasbairidh	deasbaireachd	deasbairte
deoc	deoc	deocaidh	deocadh	deocte
deoghail	deoghail	deoghailidh	deoghal	deoghailte
deàrrs	deàrrs	deàrrsaidh	deàrrsadh	deàrrste
dian-amhairc	-	-	dian-amharc	-
diùlt	diùlt	diùltaidh	diùltadh	diùlte
doimhnich	doimhnich	doimhnichidh	doimhneachadh	doimhnichte
dorchaich	dorchaich	dorchaichidh	dorchadh	dorchaichte
draibh	draibh	draibhidh	draibheadh	draibhte
dreachd	dreachd	dreachdaidh	dreachdadh	dreachdta
druid	druid	druididh	druideadh	druidte
drùidh	drùidh	drùidhidh	drùdhadh	-
drùin	drùin	drùinidh	drùineadh	drùinte
dual	dual	dualidh	dualadh	dualte
dubh	dubh	dubhaidh	dubhadh	dubhte
dustaig	dustaig	dustaigidh	dustaigeadh	dustaigte
dàir	dàir	dàiridh	dàir	dàirte
dèan	rinn	nì	dèanamh	dèanta
dèilig	dèilig	dèiligidh	dèiligeadh	dèiligte
dì-armaich	dì-armaich	dì-armaichidh	dì-armachadh	dì-armaichte
dì-cheann	dì-cheann	dì-cheannaidh	dì-cheannadh	dì-cheannte
dì-cheannaich	dì-cheannaich	dì-cheannaichidh	dì-cheannach	dì-cheannaichte
dì-luchdaich	dì-luchdaich	dì-luchdaichidh	dì-luchdachadh	dì-luchdaichte
dì-làraich	dì-làraich	dì-làraichidh	dì-làrachadh	dì-làraichte
dìobair	dìobair	dìobraidh	dìobradh	dìobairte
dìochuimhnich	dìochuimhnich	dìochuimhnichidh	dìochuimhneachadh	dìochuimhnichte
dìoghail	dìoghail	dìoghlaidh	dìoghladh	dìoghailte
dìol	dìol	dìolaidh	dìoladh	dìolte
dìon	dìon	-	dìon	dìonte
dìrich	dìrich	dìrichidh	dìreadh	dìrichte
dòirt	dòirt	dòirtidh	dòrtadh	dòirte
dòth	dòth	dòthaidh	dòthadh	dòthte
dùin	dùin	dùinidh	dùnadh	dùinte
dùisg	dùisg	dùisgidh	dùsgadh	dùisgte
eadar-cheangail	eadar-cheangail	eadar-cheanglaidh	eadar-cheangal	eadar-cheangailte
eadar-chuir	eadar-chuir	eadar-chuiridh	eadar-chur	eadar-chuirte
eadar-dhealaich	eadar-dhealaich	eadar-dhealaichidh	eadar-dhealachadh	eadar-dhealaichte
eadar-dhuilleagaich	eadar-dhuilleagaich	eadar-dhuilleagaichidh	eadar-dhuilleagachadh	eadar-dhuilleagaichte
eadar-dhuillich	eadar-dhuillich	eadar-dhuillichidh	eadar-dhuilleachadh	eadar-dhuillichte
eadar-fhigh	eadar-fhigh	eadar-fhighidh	eadar-fhìgheadh	eadar-fhighte
eadar-fhill	eadar-fhill	eadar-fhillidh	eadar-fhilleadh	eadar-fhillte
eadar-mhìnich	eadar-mhìnich	eadar-mhìnichidh	eadar-mhìneachadh	eadar-mhìnichte
eadar-phongaich	eadar-phongaich	eadar-phongaichidh	eadar-phongachadh	eadar-phongaichte
eadar-phòs	eadar-phòs	eadar-phòsaidh	eadar-phòsadh	eadar-phòsta
eadar-sgaoil	eadar-sgaoil	eadar-sgaoilidh	eadar-sgaoileadh	eadar-sgaoilte
eadar-sgap	eadar-sgap	eadar-sgapaidh	eadar-sgapadh	eadar-sgapte
eadar-sgrìobh	eadar-sgrìobh	eadar-sgrìobhaidh	eadar-sgrìobhadh	eadar-sgrìobhta
eadar-shreathaich	eadar-shreathaich	eadar-shreathaichidh	eadar-shreathadh	eadar-shreathte
eadar-theangaich	eadar-theangaich	eadar-theangaichidh	eadar-theangachadh	eadar-theangaichte
eadar-thoinn	eadar-thoinn	eadar-thoinnidh	eadar-thoinneadh	eadar-thoinnte
earb	earb	earbaidh	earbsadh	earbte
eas-aontaich	eas-aontaich	eas-aontaichidh	eas-aontachadh	eas-aontaichte
eas-onoraich	eas-onoraich	eas-onoraichidh	eas-onorachadh	eas-onoraichte
eas-urramaich	eas-urramaich	eas-urramaichidh	eas-urramachadh	eas-urramaichte
eas-òrdaich	eas-òrdaich	eas-òrdaichidh	eas-òrdachadh	eas-òrdaichte
eas-ùmhlaich	eas-ùmhlaich	eas-ùmhlaichidh	eas-ùmhlachadh	eas-ùmhlaichte
eiridnich	eiridnich	eiridnichidh	eiridneachadh	eiridnichte
eug	eug	eugaidh	eugadh	eugte
faic	cunnaic	chì	faicinn	faicte
faigh	fuair	gheibh	faighinn	faighte
faighnich	faighnich	faighnichidh	faighneachd	faighnichte
failc	failc	failcidh	failceadh	failcte
fairich	fairich	fairichidh	faireachdainn	fairichte
falaich	falaich	falaichidh	falach	falaichte
falamhaich	falamhaich	falamhaichidh	falamhachadh	falamhaichte
falbh	falbh	falbhaidh	falbh	falbhte
fan	fan	fanaidh	fantail	-
fannaich	fannaich	fannaichidh	fannachadh	fannaichte
farraid	farraid	farraididh	farraid	farraidte
fasdaich	fasdaich	fasdaichidh	fasdachadh	fasdaichte
fast	fast	fastaidh	fastadh	-
fastaich	fastaich	fastaichidh	fastachadh	fastaichte
fastaidh	fastaidh	fastaidhidh	fastadh	fastaidhte
fead	fead	feadaidh	feadail	feadte
feall	feall	feallaidh	fealladh	-
feamainn	feamainn	feamainnidh	feamnadh	feamainnte
feann	feann	feannaidh	feannadh	-
feith	feith	feithidh	feitheamh	feithte
feuch	feuch	feuchaidh	feuchainn	feuchte
feur	feur	feuraidh	feuradh	feurte
fiar	fiar	fiaraidh	fiaradh	fiarte
fiaraich	fiaraich	fiaraichidh	fiarachadh	fiaraichte
figh	figh	fighidh	fighe	fighte
fill	fill	fillidh	filleadh	fillte
fionn	fionn	fionnaidh	fionnadh	fionnte
fionnaraich	fionnaraich	fionnaraichidh	fionnarachadh	fionnaraichte
fliuch	fliuch	fliuchaidh	fliuchadh	fliuchte
fo-roinn	fo-roinn	fo-roinnidh	fo-roinn	fo-roinnte
fo-sgrìobh	fo-sgrìobh	fo-sgrìobhaidh	fo-sgrìobhadh	fo-sgrìobhte
foghain	foghain	fòghnaidh	fòghnadh	foghainte
foghlaim	foghlaim	foghlaimidh	foghlam	foghlaimte
foillsich	foillsich	follsichidh	foillseachadh	foillsichte
folaich	folaich	folaichidh	folach	folaichte
fosgail	fosgail	fosglaidh	fosgladh	fosgailte
fraidhig	fraidhig	fraidhigidh	fraidhigeadh	fraidhigte
fras	fras	frasaidh	frasadh	fraste
freagair	freagair	freagairidh	freagairt	freagairte
freumhaich	freumhaich	freumhaichidh	freumhachadh	freumhaichte
frith-ainmich	frith-ainmich	frith-ainmichidh	frith-ainmeachadh	frith-ainmichte
frith-bheart	frith-bheart	frith-bheartaidh	frith-bheartadh	frith-bhearte
frith-bhuail	frith-bhuail	frith-bhuailidh	frith-bhualadh	frith-bhuailte
frith-leum	frith-leum	frith-leumaidh	frith-leum	frith-leumte
fritheil	fritheil	fritheilidh	frithealadh	fritheilte
fuaigheil	fuaigheil	fuaighlidh	fuaigheal	fuaigheilte
fuaimnich	fuaimnich	fuaimnnichidh	fuaimneachadh	fuaimnichte
fuaraich	fuaraich	fuaraichidh	fuarachadh	fuaraichte
fuasgail	fuasgail	fuasgailidh	fuasgladh	fuasgailte
fuathaich	fuathaich	fuathaichidh	fuathachadh	fuathaichte
fuiling	fuiling	fuilingidh	fulang	fuilingte
fuin	fuin	fuinidh	fuine	fuinte
fuirich	fuirich	fuirichidh	fuireach	fuirichte
fàg	fàg	fàgaidh	fàgail	fàgte
fàillig	fàillig	fàilligidh	fàilligeadh	fàilligte
fàillinnich	fàillinnich	fàillinnichidh	fàillinneachadh	fàillinnichte
fàillnich	fàillnich	fàillnichidh	fàillneachadh	fàillnichte
fàisnich	fàisnich	fàisnichidh	fàisneachadh	fàisnichte
fàs	fàs	fàsaidh	fàs	fàsta
fàsaich	fàsaich	fàsaichidh	fàsachadh	fàsaichte
fògair	fògair	fògairidh	fògradh	fògairte
fòn	fòn	fònaidh	fònadh	fònte
gabh	gabh	gabhaidh	gabhail	gabhte
gail	gail	gailidh	gal	gailte
gairm	gairm	gairmidh	gairm	gairmte
gar	gar	garaidh	garadh	garte
geall	geall	geallaidh	gealltainn	geallte
geamhraich	geamhraich	geamhraichidh	geamhrachadh	geamhraichte
gearain	gearain	gearainidh	gearan	gearainte
gearr	gearr	gearraidh	gearradh	gearrta
geàrr	geàrr	gearraidh	gearradh	-
gin	gin	ginidh	gintinn	ginte
giorraich	giorraich	giorraichidh	giorrachadh	giorraichte
giùlain	giùlain	giùlainidh	giùlan	giùlainte
glac	glac	glacaidh	glacadh	glacte
glais	glais	glaisidh	-	-
glan	glan	glanaidh	glanadh	glante
glaodh	glaodh	glaodhaidh	glaodhadh	glaodhte
glas	glas	glasaidh	-	-
gleus	gleus	gleusaidh	gleusadh	gleuste
gluais	gluais	gluaisidh	gluasad	gluaiste
glèidh	glèidh	glèidhidh	glèidheadh	glèidhte
gléidh	gléidh	gléidhidh	gléidheadh	gléidhte
gnog	gnog	gnogaidh	gnogadh	gnogte
gnìomh	gnìomh	gnìomhaidh	gnìomhadh	gnìomhte
gnìomhaich	gnìomhaich	gnìomhaichidh	gnìomhachadh	gnìomhaichte
goid	goid	goididh	goid	goidte
goil	goil	goilidh	goil	goilte
gon	gon	gonaidh	gonadh	gonte
greas	greas	greasaidh	greasadh	greaste
greim	greim	greimidh	greimeadh	-
grunnaich	grunnaich	grunnaichidh	grunnachadh	grunnaichte
gràdhaich	gràdhaich	gràdhaichidh	gràdhachadh	gràdhaichte
grèim	grèim	greimidh	greimeadh	grèimte
grìos	grìos	grìosaidh	grìosadh	grìoste
grìosaich	grìosaich	grìosaichidh	grìosachadh	grìosaichte
guidh	guidh	guidhidh	guidhe	guidhte
guil	guil	guilidh	gul	guilte
guir	guir	guiridh	gur	guirte
gàir	gàir	gàiridh	gàireachdainn	gàirte
gèill	gèill	gèillidh	gèilleadh	gèillte
iadh	iadh	iadhaidh	iadhadh	iadhte
iarr	iarr	iarraidh	iarraidh	iarrte
iasgaich	iasgaich	iasgaichidh	iasgach	iasgaichte
iath	iath	iathaidh	iathadh	iadhte
ilmich	ilmich	ilmichidh	ilmeach	ilmichte
imich	imich	imichidh	imeachd	imichte
imlich	imlich	imlichidh	imlich	imlichte
imrich	imrich	imrichidh	imrich	imrichte
innis	innis	innsidh	innse	inniste
inntrinn	inntrinn	inntrinnidh	inntreadh	inntrinnte
iom-sheòl	iom-sheòl	iom-sheòlaidh	iom-sheòladh	iom-sheòlta
ioma-ghlac	ioma-ghlac	ioma-ghlacaidh	ioma-ghlacadh	ioma-ghlacte
iomair	iomair	iomairidh	iomradh	iomairte
iompaich	iompaich	iompaichidh	iompachadh	iompaichte
ionndrainn	ionndrainn	ionndrainnidh	ionndrainn	ionndrainnte
ionnlaid	ionnlaid	ionnlaididh	ionnlaid	ionnlaidte
ionnsaich	ionnsaich	ionnsaichidh	ionnsachadh	ionnsaichte
ioraim	ioraim	ioraimidh	iormadh	ioraimte
itealaich	itealaich	itealaichidh	itealaich	itealaichte
ith	ith	ithidh	ithe	ithte
labhair	labhair	labhraidh	labhairt	-
lagaich	lagaich	lagaichidh	lagachadh	lagaichte
laghaich	laghaich	laghaichidh	laghachadh	laghaichte
laigh	laigh	laighidh	laighe	laighte
leagh	leagh	leaghaidh	leaghadh	leaghte
lean	lean	leanaidh	leantainn	leanta
leasaich	leasaich	leasaichidh	leasachadh	leasaichte
leig	leig	leigidh	leigeil	leigte
leighis	leighis	leighisidh	leigheas	leighiste
leudaich	leudaich	leudaichidh	leudachadh	leudaichte
leugh	leugh	leughaidh	leughadh	leughte
leum	leum	leumaidh	leum	leumte
leòn	leòn	leònaidh	leònadh	leònta
ligh	ligh	lighidh	lì	lighte
litrich	litrich	litrichidh	litreachadh	litrichte
lobh	lobh	lobhaidh	lobhadh	lobhte
loisg	loisg	loisgidh	losgadh	loisgte
lorg	lorg	lorgaidh	lorg	lorgte
lot	lot	lotaidh	lot	-
luaidh	luaidh	luaidhidh	luaidh	luaidhte
luchdaich	luchdaich	luchdaichidh	luchdadh	luchdaichte
làimhsich	làimhsich	làimhsichidh	làimhseachadh	-
lèim	lèim	lèimidh	lèim	lèimte
lìbhrig	lìbhrig	lìbhrigidh	lìbhrigeadh	lìbhrigte
lìomh	lìomh	lìomhaidh	lìomhadh	lìomhte
lìon	lìon	lìonaidh	lìonadh	lìonte
lùb	lùb	lùbaidh	lùbadh	lùbte
mag	mag	magaidh	magadh	magte
mair	mair	mairidh	mairsinn	mairte
maistir	maistir	maistridh	maistreadh	-
maith	maith	maithidh	mathadh	maithte
malairt	malairt	malairtidh	malairt	malairte
malairtich	malairtich	malairtichidh	malairteachadh	malairtichte
mallaich	mallaich	mallaichidh	mallachadh	mallaichte
maoidh	maoidh	maoidhidh	maoidheadh	maoidhte
marbh	marbh	marbhaidh	marbhadh	marbhta
masg	masg	masgaidh	masgadh	-
maslaich	maslaich	maslaichidh	maslachadh	maslaichte
math	math	mathaidh	mathadh	mathte
meal	meal	mealaidh	mealadh	mealte
meall	meall	meallaidh	mealladh	meallta
meas	meas	measaidh	measadh	measte
measg	measg	measgaidh	measgadh	measgte
measgaich	measgaich	measgaichidh	measgachadh	measgaichte
meil	meil	meilidh	meileadh	meilte
meirg	meirg	meirgidh	meirg	meirgte
meòmhraich	meòmhraich	meòmhraichidh	meòmhrachadh	meòmhraichte
meòraich	meòraich	meòraichidh	meòrachadh	meòraichte
miannaich	miannaich	miannaichidh	miannach	miannaichte
mill	mill	millidh	milleadh	millte
misnich	misnich	misnichidh	misneachadh	misnichte
mol	mol	molaidh	moladh	molta
mort	mort	mortaidh	mort	morte
mothaich	mothaich	mothaichidh	mothachadh	mothaichte
muin	muin	muinidh	muineadh	muinte
murt	murt	murtaidh	murt	murte
màirnealaich	màirnealaich	màirnealaichidh	màirnealachadh	màirnealaichte
mèinn	mèinn	mèinnidh	mèinneadh	mèinnte
mì-bhreithnich	mì-bhreithnich	mì-bhreithnichidh	mì-bhreithneachadh	mì-bhreithnichte
mì-bhuilich	mì-bhuilich	mì-bhuilichidh	mì-bhuileachadh	mì-bhuilichte
mì-chaomhainn	mì-chaomhainn	mì-chaoimhnidh	mì-chaomhnadh	mì-chaomhainnte
mì-chleachd	mì-chleachd	mì-chleachdaidh	mì-chleachdadh	mì-chleachte
mì-chliùitich	mì-chliùitich	mì-chliùitichidh	mì-chliùiteachadh	mì-chliùitichte
mì-choisrig	mì-choisrig	mì-choisrigidh	mì-choisrigeadh	mì-choisrigte
mì-chomhairlich	mì-chomhairlich	mì-chomhairlichidh	mì-chomhairleachadh	mì-chomhairlichte
mì-chreid	mì-chreid	mì-chreididh	mì-chreidsinn	mì-chreidte
mì-chunnt	mì-chunnt	mi-chunntaidh	mì-chunntadh	mì-chunnte
mì-chàirich	mì-chàirich	mì-chàirichidh	mì-chàireachadh	mì-chàirichte
mì-chòrd	mì-chòrd	mi-chòrdaidh	mì-chòrdadh	mì-chordte
mì-dhealbh	mì-dhealbh	mì-dhealbhaidh	mì-dhealbh	mì-dhealbhte
mì-dhealbhaich	mì-dhealbhaich	mì-dhealbhaichidh	mì-dhealbhachadh	mì-dhealbhaichte
mì-dhreachaich	mì-dhreachaich	mì-dhreachaichidh	mì-dhreachachadh	mì-dhreachaichte
mì-gheuraich	mì-gheuraich	mì-gheuraichidh	mì-gheurachadh	mì-gheuraichte
mì-ghnàthaich	mì-ghnàthaich	mì-ghnàthaichidh	mì-ghnàthachadh	mì-ghnàthaichte
mì-laghaich	mì-laghaich	mì-laghaichidh	mì-laghachadh	mì-laghaichte
mì-mhisnich	mì-mhisnich	mì-mhisnichidh	mì-mhisneachadh	mì-mhisnichte
mì-mhol	mì-mhol	mì-mholaidh	mì-mholadh	mì-mholte
mì-mhìnich	mì-mhìnich	mì-mhìnichidh	mì-mhìneachadh	mì-mhìnichte
mì-naomhaich	mì-naomhaich	mì-naomhaichidh	mì-naomhachadh	mì-naomhaichte
mì-onoirich	mì-onoirich	mì-onoirichidh	mì-onoireachadh	mì-onoirichte
mì-sgeadaich	mì-sgeadaich	mì-sgeadaichidh	mì-sgeadachadh	mì-sgeadaichte
mì-sheòl	mì-sheòl	mì-sheòlaidh	mì-sheòladh	mì-sheòlte
mì-shnasaich	mì-shnasaich	mì-shnasaichidh	mì-shnasachadh	mì-shnasaichte
mì-stiùir	mì-stiùir	mì-stiùiridh	mì-stiùireadh	mì-stiùirte
mì-thaitinn	mì-thaitinn	mì-thaitnidh	mì-thaitneadh	mì-thaitinnte
mì-thaitnich	mì-thaitnich	mì-thaitnichidh	mì-thaitneachadh	mì-thaitnichte
mì-thoilich	mì-thoilich	mì-thoilichidh	mì-thoileachadh	mì-thoilichte
mì-threòirich	mì-threòirich	mì-threòirichidh	mì-threòireachadh	mì-threòirichte
mì-thràthaich	mì-thràthaich	mì-thràthaichidh	mì-thràthachadh	mì-thràthaichte
mì-thuig	mì-thuig	mì-thuigidh	mì-thuigsinn	mì-thuigte
mì-urramaich	mì-urramaich	mì-urramaichidh	mì-urramachadh	mì-urramaichte
mìnich	mìnich	mìnichidh	mìneachadh	mìnichte
mùch	mùch	mùchaidh	mùchadh	mùchte
mùin	mùin	mùinidh	mùin	mùinte
mùth	mùth	mùthaidh	mùthadh	mùthte
naisg	naisg	naisgidh	nasgadh	naisgte
naomhaich	naomhaich	naomhaichidh	naomhachadh	naomhaichte
neadaich	neadaich	neadaichidh	neadachadh	neadaichte
neo-dhèan	neo-rinn	neo-nì	neo-dhèanamh	neo-dhèanta
neulaich	neulaich	neulaichidh	neulachadh	te
nigh	nigh	nighidh	nighe	nighte
nochd	nochd	nochdaidh	nochdadh	nochdte
notaich	notaich	notaichidh	notachadh	notaichte
nuadhaich	nuadhaich	nuadhaichidh	nuadhachadh	nuadhaichte
nàraich	nàraich	nàraichidh	nàrachadh	nàraichte
obraich	obraich	obraichidh	obrachadh	obraichte
oibrich	oibrich	oibrichidh	oibreachadh	oibrichte
or	or	oridh	oradh	orte
pasaig	pasaig	pasaigidh	pasaigeadh	pasaigte
peacaich	peacaich	peacaichidh	peacachadh	peacaichte
peall	peall	peallaidh	pealladh	peallte
peanasaich	peanasaich	peanasaichidh	peanasachadh	peanasaichte
peant	peant	peandaidh	peantadh	peante
pian	pian	pianaidh	pianadh	piante
plaosg	plaosg	plaosgaidh	plaosgadh	plaosgte
plosg	plosg	plosgaidh	plosgadh	plosgte
poidsig	poidsig	poidsigidh	poidseadh	poidsigte
poll	poll	pollaidh	polladh	pollta
post	post	postaidh	postadh	poste
postaich	postaich	postaichidh	postachadh	postaichte
praidhig	praidhig	praidhigidh	praidhigeadh	praidhigte
preas	preas	preasaidh	preasadh	preaste
priob	priob	priobaidh	priobadh	priobte
pronn	pronn	pronnaidh	pronnadh	pronnte
put	put	putaidh	putadh	pute
pàigh	pàigh	pàighidh	pàigheadh	pàighte
pòg	pòg	pògaidh	pògadh	pògte
pòs	pòs	pòsaidh	pòsadh	pòsta
rach	caidh	thèid	dol	rachte
rannsaich	rannsaich	rannsaichidh	rannsachadh	rannsaichte
reic	reic	reicidh	reic	reicte
reoth	reoth	reothaidh	reothadh	reòthte
reòdh	reòdh	reòdhaidh	reòdhadh	reòdhte
reòth	reòth	reòthaidh	reòthadh	reòta
riaghail	riaghail	riaghailidh	riaghailt	riaghailte
riamh	riamh	riamhaidh	riamhadh	riamhte
riaraich	riaraich	riaraichidh	riarachadh	riaraichte
rib	rib	ribidh	ribeadh	ribte
ridhil	ridhil	ridhlidh	ridhleadh	-
riochdaich	riochdaich	riochdaichidh	riochdachadh	riochdaichte
riof	riof	riofaidh	riofadh	riofte
ro-shuidhich	ro-shuidhich	ro-shuidhichidh	ro-shuidheachadh	ro-shuidhichte
roghnaich	roghnaich	roghnaichidh	roghnachadh	roghnaichte
roilig	roilig	roiligidh	roiligeadh	roiligte
roinn	roinn	roinnidh	roinn	roinnte
rolaig	rolaig	rolaigidh	rolaigeadh	rolaigte
ruidhil	ruidhil	ruidhlidh	ruidhleadh	-
ruig	ràinig	ruigidh	ruigsinn	ruigte
ruith	ruith	ruithidh	ruith	ruithte
ràc	ràc	ràcaidh	ràcadh	ràcte
ràn	ràn	rànaidh	rànail	rànte
rèitich	rèitich	rèitichidh	rèiteachadh	rèitichte
ròst	ròst	ròstaidh	ròstadh	ròsta
rùdh	rùdh	rùdhaidh	rùdhadh	-
rùisg	rùisg	rùisgidh	rùsgadh	rùisgte
rùraich	rùraich	rùraichidh	rùrach	rùraichte
rùsg	rùsg	rùsgaidh	rùsgadh	rùsgte
sabaid	sabaid	sabaididh	sabaid	sabaidte
saill	saill	saillidh	sailleadh	saillte
samhlaich	samhlaich	samhlaichidh	samhlachadh	samhlaichte
saoil	saoil	saoilidh	saoilsinn	saoilte
saor	saor	saoraidh	saoradh	saorte
saothraich	saothraich	saothraichidh	saothrachadh	saothraichte
seachain	seachain	seachainidh	seachnadh	seachainte
seachainn	seachainn	seachainnidh	seachnadh	seachainnte
sealbhaich	sealbhaich	sealbhaichidh	sealbhachadh	sealbhaichte
sealg	sealg	sealgaidh	sealg	sealgte
seall	seall	seallaidh	sealltainn	seallte
searg	searg	seargaidh	seargadh	seargte
searmonaich	searmonaich	searmonaichidh	searmonachadh	searmonaichte
seas	seas	seasaidh	seasamh	seaste
seilbhich	seilbhich	seilbhichidh	seilbheachadh	seilbhichte
seinn	seinn	seinnidh	seinn	seinnte
seirm	seirm	seirmidh	seirm	seirmte
seun	seun	seunaidh	seunad	seunte
seòl	seòl	seòlaidh	seòladh	seòlta
seòrsaich	seòrsaich	seòrsaichidh	seòrsachadh	seòrsaichte
sgal	sgal	sgalaidh	sgaladh	sgalte
sgall	sgall	sgallaidh	sgalladh	sgallta
sgaoil	sgaoil	sgaoilidh	sgaoileadh	sgaoilte
sgap	sgap	sgapaidh	sgapadh	sgapte
sgar	sgar	sgaraidh	sgaradh	sgarte
sgeadaich	sgeadaich	sgeadaichidh	sgeadachadh	sgeadaichte
sgeith	sgeith	sgeithidh	sgeitheadh	sgeithte
sgol	sgol	sgolaidh	sgoladh	sgolte
sgrath	sgrath	sgrathaidh	sgrathadh	sgrathte
sgreamhaich	sgreamhaich	sgreamhaichidh	sgreamhachadh	sgreamhaichte
sgreuch	sgreuch	sgreuchaidh	sgreuchail	sgreuchte
sgrios	sgrios	sgriosaidh	sgriosadh	sgriosta
sgrog	sgrog	sgrogaidh	sgrogadh	-
sgrìob	sgrìob	sgrìobaidh	sgrìobadh	sgrìobte
sgrìobh	sgrìobh	sgrìobhaidh	sgrìobhadh	sgrìobhte
sgròb	sgròb	sgròbaidh	sgròbadh	sgròbte
sgrùdaich	sgrùdaich	sgrùdaichidh	sgrùdachadh	sgrùdaichte
sguab	sguab	sguabaidh	sguabadh	sguabte
sguir	sguir	sguiridh	sgur	sguirte
sgàin	sgàin	sgàinidh	sgàineadh	sgàinte
sgèith	sgèith	sgèithidh	sgèitheadh	sgèithte
sil	sil	silidh	sileadh	silte
sir	sir	siridh	sireadh	sirte
sitrich	sitrich	sitrichidh	sitrich	-
siubhail	siubhail	siubhlaidh	siubhal	siubhailte
slac	slac	slacaidh	slacadh	slacte
slaod	slaod	slaodaidh	slaodadh	slaodte
slisnich	slisnich	slisnichidh	slisneachadh	slisnichte
sloisir	sloisir	sloisridh	sloisreadh	sloisirte
sluig	sluig	sluigidh	slugadh	sluigte
slànaich	slànaich	slànaichidh	slànachadh	slànaichte
slìob	slìob	slìobidh	slìobadh	slìobte
slìog	slìog	slìogaidh	slìogadh	slìogte
smaoinich	smaoinich	smaoinichidh	smaoineachadh	smaoinichte
smaointich	smaointich	smaointichidh	smaointeachadh	smaointichte
smoc	smoc	smocaidh	smocadh	smocte
smuainich	smuainich	smuainichidh	smuaineachadh	smuainichte
smuaintich	smuaintich	smuaintichidh	smuainteachadh	smuaintichte
smàil	smàil	smàilidh	smàladh	smàilte
smàl	smàl	smàlaidh	smàladh	smàlte
smèid	smèid	smèididh	smèideadh	smèidte
smùid	smùid	smùididh	smùideadh	smùidte
snap	snap	snapaidh	snapadh	snapta
snàig	snàig	snàigidh	snàgail	snàigte
snàmh	snàmh	snàmhaidh	snàmh	snàmhte
snìomh	snìomh	snìomhaidh	snìomh	snìomhte
soidhn	soidhn	soidhnidh	soidhneadh	soidhnte
soilleirich	soilleirich	soilleirichidh	soilleireachadh	soilleirichte
soirbhich	soirbhich	soirbhichidh	soirbheachadh	soirbhichte
sorchaich	sorchaich	sorchaichidh	sorchachadh	sorchaichte
spad	spad	spadaidh	spadadh	spadte
speal	speal	spealaidh	spealadh	spealte
spealg	spealg	spealgaidh	spealgadh	spealgte
spleuchd	spleuchd	spleuchdaidh	spleuchdadh	spleuchdte
sponsairich	sponsairich	sponsairichidh	sponsaradh	sponsairichte
spoth	spoth	spothaidh	spoth	spothte
spàrr	spàrr	sparraidh	sparradh	sparrte
spìosraich	spìosraich	spìosraichidh	spìosrachadh	spìosraichte
srac	-	-	sracadh	-
srann	srann	srannaidh	srannail	srannte
sreap	sreap	sreapaidh	sreap	sreapte
sreoth	sreoth	sreothaidh	sreothart	-
srian	srian	srianaidh	srianadh	srianta
sruth	sruth	sruthaidh	sruthadh	sruthte
sràc	sràc	sràcaidh	sràcadh	sràcte
stad	stad	stadaidh	stadadh	stadte
steall	steall	steallaidh	stealladh	steallte
stiubh	stiubh	stiubhaidh	stiubhadh	stiubhte
stiubhaig	stiubhaig	stiubhaigidh	stiubhaigeadh	stiubhaigte
stiùir	stiùir	stiùiridh	stiùireadh	stiùirte
stiùirich	stiùirich	stiùirichidh	stiùireadh	stiùirte
stob	stob	stobaidh	stobadh	stobte
stoirmich	stoirmich	stoirmichidh	stoirmeachadh	stoirmichte
streap	streap	streapaidh	streap	streapte
stràc	stràc	stràcaidh	stràcadh	stràcte
strì	strì	strìthidh	strì	strìte
stuadh	stuadh	stuadhaidh	stuadhadh	-
stuagh	stuagh	stuaghaidh	stuaghadh	-
stèidh	stèidh	stèidhidh	stèidheadh	stèidhte
stèidhich	stèidhich	stèidhichidh	stèidheachadh	stèidhichte
stòir	stòir	stòiridh	stòireadh	stòirte
stòl	-	-	stòladh	-
stòr	stòr	stòraidh	stòradh	stòrte
suidh	suidh	suidhidh	suidhe	suidhte
suidhich	suidhich	suidhichidh	suidheachadh	suidhichte
sàbh	sàbh	sàbhaidh	sàbhadh	sàbhte
sàbhail	sàbhail	sàbhailidh	sàbhaladh	sàbhailte
sàil	sàil	sàilidh	sàileadh	sàilte
sàraich	sàraich	sàraichidh	sàrachadh	sàraichte
sàs	sàs	sàsaidh	sàsadh	sàsta
sàsaich	sàsaich	sàsaichidh	sàsachadh	sàsaichte
sèid	sèid	sèididh	sèideadh	sèidte
sèimhich	sèimhich	sèimhichidh	sèimheachadh	sèimhichte
séid	séid	séididh	séideadh	séidte
sìn	sìn	sìnidh	sìneadh	sìnte
sìolaich	sìolaich	sìolaichidh	sìolachadh	sìolaichte
sìolaidh	sìolaidh	sìolaidhidh	sìoladh	sìolaidhte
sòr	sòr	sòraidh	sòradh	sòrte
sùgair	sùgair	sùgairidh	sùgradh	sùgairte
sùgh	sùgh	sùghaidh	sùghadh	sùghte
sùith	sùith	sùithidh	sùitheadh	sùithte
tabhainn	tabhainn	tabhainnidh	tabhann	tabhainnte
tabhair	tug	bheir	toirt	tugta
tabhannaich	tabhannaich	tabhannaichidh	tabhannaich	tabhannaichte
tachair	tachair	tachraidh	tachairt	tachairte
tachd	tachd	tachdaidh	tachdadh	tachdte
tadhail	tadhail	tadhailidh	tadhal	tadhailte
tagair	tagair	tagraidh	tagairt	tagairte
tagh	tagh	taghaidh	taghadh	taghte
taidhp	taidhp	taidhpidh	taidhpeadh	taidhpte
tairg	tairg	tairgidh	tairgse	tairgte
taisg	taisg	taisgidh	tasgadh	taisgte
taitinn	taitinn	taitnidh	taitneadh	taitinnte
talaich	talaich	talaichidh	talach	talaichte
taobh	taobh	taobhaidh	taobhadh	taobhte
taobhaich	taobhaich	taobhaichidh	taobhachadh	taobhaichte
tar-aisig	tar-aisig	tar-aisigidh	tar-aiseag	tar-aisigte
tarraing	tarraing	tàirnidh	tarraing	tarraingte
tathainn	tathainn	tathainnidh	tathainn	tathainnte
teagaisg	teagaisg	teagaisgidh	teagasg	teagaisgte
teasaich	teasaich	teasaichidh	teasachadh	teasaichte
teich	teich	teichidh	teiche	teichte
teirig	teirig	teirigidh	teireachdainn	-
teàrn	teàrn	teàrnaidh	teàrnadh	teàrnte
thig	thàinig	thig	tighinn	tigte
thoir	thug	bheir	toirt	tugta
thoir-air-falbh	-	-	toirt-air-falbh	-
tilg	tilg	tilgidh	tilgeil	tilgthe
till	till	tillidh	tilleadh	tillte
tionndaidh	tionndaidh	tionndaidhidh	tionndadh	tionndaidhte
tog	tog	togaidh	togail	togta
togair	togair	tograidh	togradh	togairte
toilich	toilich	toilichidh	toileachadh	toilichte
toinn	toinn	toinnidh	toinneamh	toinnte
toll	toll	tollaidh	tolladh	tollte
tomh	tomh	tomhaidh	tomhadh	tomhte
tomhais	tomhais	tomhaisidh	tomhas	tomhaiste
toraich	toraich	toraichidh	torachadh	toraichte
torraich	torraich	torraichidh	torrachadh	torraichte
traisg	traisg	traisgidh	trasgadh	traisgte
treabh	treabh	treabhaidh	treabhadh	treabhta
treòirich	treòirich	treòirichidh	treòireachadh	treòirichte
triall	triall	triallaidh	triall	triallta
triantanaich	triantanaich	triantanaichidh	triantanachadh	triantanaichte
troid	troid	troididh	trod	troidte
truaill	truaill	truaillidh	truailleadh	truaillte
truis	truis	truisidh	truiseadh	truiste
trus	trus	trusaidh	trusadh	trusta
tràigh	tràigh	tràighidh	tràghadh	tràighte
trèan	trèan	trèanaidh	trèanadh	trèante
trèig	trèig	trèigidh	trèigsinn	trèigte
tréig	tréig	tréigidh	tréigsinn	tréigte
tugh	tugh	tughaidh	tughadh	tughta
tuig	tuig	tuigidh	tuigsinn	tuigte
tuinich	tuinich	tuinichidh	tuineachadh	tuinichte
tuisealaich	tuisealaich	tuisealaichidh	tuisealachadh	tuisealaichte
tuit	tuit	tuitidh	tuiteam	tuite
tum	tum	tumaidh	tumadh	tumta
turchair	turchair	turchairidh	turchairt	-
tàlaidh	tàlaidh	tàlaidhidh	tàladh	tàlaidhte
tàmh	tàmh	tàmhaidh	tàmh	tàmhte
tèarainn	tèarainn	tèarnaidh	tèarnadh	tèarainte
tòisich	tòisich	tòisichidh	tòiseachadh	tòisichte
ubagaich	ubagaich	ubagaichidh	ubagachadh	ubagaichte
uchd-mhacaich	uchd-mhacaich	uchd-mhacaichidh	uchd-mhacachadh	uchd-mhacaichte
uidheamaich	uidheamaich	uidheamaichidh	uidheamachadh	uidheamaichte
uillnich	uillnich	uillnichidh	uillneachadh	uillnichte
ullaich	ullaich	ullaichidh	ullachadh	ullaichte
urramaich	urramaich	urramaichidh	urramachadh	urramaichte
watchaig	-	-	watchaigeadh	-
àicheidh	àicheidh	àicheidhidh	àicheadh	àicheidhte
àireamh	àireamh	àireamhaidh	àireamh	àireamhta
àithn	àithn	àithnidh	àithneadh	àithnte
àitich	àitich	àitichidh	àiteach	àitichte
àraich	àraich	àraichidh	àrach	àraichte
àrdaich	àrdaich	àrdaichidh	àrdachadh	àrdaichte
èalaidh	èalaidh	èalaidhidh	èaladh	èalaidhte
èigh	èigh	èighidh	èigheachd	èighte
èighich	èighich	èighichidh	èigheach	èighichte
èignich	èignich	èignichidh	èigneachadh	èignichte
èirich	èirich	èiridh	èirigh	èirichte
èisd	èisd	èisdidh	èisdeachd	èisdte
èist	èist	èistidh	èisteachd	èiste
éirich	éirich	éiridh	éirigh	éirichte
éisd	éisd	éisdidh	éisdeachd	éisdte
éist	éist	éistidh	éisteachd	éiste
òl	òl	òlaidh	òl	òlta
òrdaich	òrdaich	òrdaichidh	òrdachadh	òrdaichte
ùrlaraich	ùrlaraich	ùrlaraichidh	ùrlarachadh	ùrlaraichte
