# Czech aspect: lemma <TAB> impf|pf <TAB> counterpart lemmas (comma-separated, may be empty)
akcelerovat	impf	
apelovat	impf	
argumentovat	impf	
asistovat	impf	
atrofovat	impf	
automatizovat	impf	zautomatizovat
babrat	impf	
bacit	pf	
bafat	impf	bafnout
bafnout	pf	bafat
bagatelizovat	impf	
bagrovat	impf	
balamutit	impf	obalamutit
balancovat	impf	
balit	impf	sbalit,zabalit
balzamovat	impf	
banalizovat	impf	
bančit	impf	
barvit	impf	obarvit,zbarvit,zabarvit
batolit	impf	
bavit	impf	pobavit
bavívat	impf	
bazírovat	impf	
bazírovati	impf	
baštit	impf	zbaštit
bažit	impf	
bdít	impf	
bejt	impf	
belhat	impf	
besedovat	impf	
betonovat	impf	
bečet	impf	
bičovat	impf	zbičovat
biřmovat	impf	
blafovat	impf	
blahopřát	impf	poblahopřát
blahořečit	impf	
blbnout	impf	zblbnout
blednout	impf	zblednout
blikat	impf	bliknout
bliknout	pf	
blinkat	impf	
blogovat	impf	
blokovat	impf	zablokovat
bloudit	impf	zabloudit
bloumat	impf	
bláznit	impf	zbláznit
blít	impf	
blížit	impf	
blýskat	impf	blýsknout
bobtnat	impf	nabobtnat
bodat	impf	bodnout
bodnout	pf	bodat
bodovat	impf	
bohatnout	impf	zbohatnout
bojkotovat	impf	
bojovat	impf	
bolet	impf	
bolívat	impf	
bombardovat	impf	vybombardovat
bonzovat	impf	bonznout
botanizovat	impf	
bouchat	impf	
bouchnout	pf	bouchat
bourat	impf	zbourat
bouřit	impf	vzbouřit
boxovat	impf	
bořit	impf	zbořit
bratřit	impf	
brblat	impf	zabrblat
brebentit	impf	
breptat	impf	vybreptat
brečet	impf	
brkat	impf	brknout
brnkat	impf	brnknout
brnknout	pf	brnkat
brnět	impf	
brodit	impf	přebrodit
brojit	impf	
broukat	impf	
brousit	impf	obrousit
brouzdat	impf	
brumlat	impf	
bruslit	impf	
bručet	impf	zabručet
brzdit	impf	zabrzdit
bránit	impf	ubránit
brát	impf	vzít
brázdit	impf	
bublat	impf	
bubnovat	impf	
budit	impf	probudit,vzbudit
budovat	impf	
bujet	impf	
bulet	impf	
bulit	impf	
bumbat	impf	
buzerovat	impf	
bučet	impf	
bučívat	impf	
bušit	impf	zabušit
bydlet	impf	
bydlit	impf	
bydlánkovat	impf	
bydlívat	impf	
bzdít	impf	
bzučet	impf	zabzučet
bádat	impf	
bájit	impf	
básnit	impf	
bát	impf	
báňat	impf	
bílit	impf	
bít	impf	zbít
být	impf	
bývat	impf	
bědovat	impf	
běhat	impf	
běhávat	impf	
bělat	impf	zbělat
bělet	impf	zbělet
bělit	impf	
běsnit	impf	
běžet	impf	
běžkovat	impf	
břednout	impf	
bůst	impf	
cachtat	impf	
capat	impf	
cedit	impf	
cejchovat	impf	ocejchovat
ceknout	pf	
celebrovat	impf	
celit	impf	
celovat	impf	
cenit	impf	
centralizovat	impf	
cenzurovat	impf	
cestovat	impf	pocestovat
chcát	impf	
chcípnout	pf	chcípat
chechtat	impf	
chladit	impf	ochladit,zchladit
chlastat	impf	
chlubit	impf	
chlámat	impf	
chlístat	impf	
chodit	impf	
chodívat	impf	
chomýtat	impf	
chopit	pf	chápat
chovat	impf	
chraptět	impf	
chrlit	impf	
chrnět	impf	
chrochtat	impf	zachrochtat
chroptět	impf	zachroptět
chroustat	impf	
chrstnout	pf	
chránit	impf	ochránit,uchránit
chtít	impf	
chudnout	impf	zchudnout
chumelit	impf	
churavět	impf	
chutit	impf	
chutnat	impf	zachutnat,ochutnat
chválit	impf	pochválit
chvástat	impf	
chvátat	impf	
chvět	impf	
chybit	pf	chybovat
chybovat	impf	chybit
chybět	impf	
chystat	impf	
chytat	impf	chytit
chytit	pf	chytat
chytnout	pf	chytat
chytávat	impf	
chápat	impf	pochopit
chátrat	impf	zchátrat
chýlit	impf	
chřadnout	impf	zchřadnout
cicmat	impf	
cinkat	impf	zacinkat
citovat	impf	
civět	impf	
cizoložit	impf	zcizoložit
clonit	impf	zaclonit
cloumat	impf	
clít	impf	
coufat	impf	coufnout
courat	impf	
couvat	impf	couvnout
couvnout	pf	couvat
cpát	impf	
crčet	impf	
ctít	impf	poctít
cucat	impf	
cuchat	impf	
cukrovat	impf	pocukrovat
culit	impf	
cupat	impf	
cupitat	impf	zacupitat
cvakat	impf	cvaknout
cvaknout	pf	cvakat
cvičit	impf	zacvičit,vycvičit
cvrkat	impf	
cvrnknout	pf	cvrnkat
cválat	impf	
cákat	impf	cáknout
cáknout	pf	cákat
cálovat	impf	zacálovat
cídit	impf	
cílit	impf	
cínovat	impf	
cítit	impf	
dabovat	impf	nadabovat
danit	impf	zdanit
darovat	pf	
datlit	impf	nadatlit
datlovat	impf	vydatlovat
dařit	impf	
dbát	impf	
debatovat	impf	
decelerovat	impf	
decentralizovat	impf	
defekovat	impf	
deformovat	impf	zdeformovat
deklinovat	impf	
deptat	impf	zdeptat
derivovat	impf	
destilovat	impf	
destruovat	impf	
detekovat	impf	
dezinfikovat	impf	
diktovat	impf	nadiktovat
dirigovat	impf	
disgustovat	impf	zdisgustovat
diskutovat	impf	prodiskutovat
disponovat	impf	
divergovat	impf	
divit	impf	podivit
dlabat	impf	
dlužit	impf	
dláždit	impf	
dlít	impf	prodlít,prodlet
dmout	impf	nadmout
dmýchat	impf	rozdmýchat
dobalit	pf	
dobrat	pf	dobírat
dobudovat	pf	
dobíhat	impf	doběhnout
dobíjet	impf	
dobít	pf	dobíjet
dobýt	pf	dobývat
dobývat	impf	dobýt
doběhnout	pf	dobíhat
docenit	pf	doceňovat
docestovat	pf	
doceňovat	impf	
docházet	impf	
docvičit	pf	
docílit	pf	
dodat	pf	dodávat
dodržet	pf	dodržovat
dodržovat	impf	
dodávat	impf	
dodělat	pf	dodělávat
dodělávat	impf	dodělat
dohadovat	impf	dohodnout
dohledat	pf	dohledávat
dohlédat	impf	
dohlédnout	pf	dohlížet,dohlédat
dohlížet	impf	
dohnat	pf	dohánět
dohodit	pf	dohazovat
dohodnout	pf	dohadovat,dohodovat
dohořet	pf	
dohřát	pf	dohřívat
dojebat	pf	dojebávat
dojednat	pf	dojednávat
dojednávat	impf	
dojet	pf	
dojit	impf	
dojmout	pf	dojímat
dojímat	impf	dojmout
dojíst	pf	jíst
dojít	pf	docházet
dokazovat	impf	
dokládat	impf	doložit
dokonat	pf	konat
dokončit	pf	dokončovat
dokončovat	impf	
dokoupit	pf	dokupovat
dokouřit	pf	
dokreslit	pf	dokreslovat
dokázat	pf	dokazovat
doladit	pf	
doletět	pf	letět
dolovat	impf	
doložit	pf	dokládat
dolétat	impf	
dolézt	pf	
domalovat	pf	
dominovat	impf	
domlouvat	impf	domluvit
domluvit	pf	domlouvat
domnít	pf	domnívat
domnívat	impf	
domyslet	pf	domýšlet
domácnět	impf	zdomácnět
domáknout	pf	
domíchat	pf	míchat
domýt	pf	domývat
domývat	impf	domýt
donutit	pf	donucovat
donášet	impf	
donést	pf	donášet
dopadat	impf	dopadnout
dopadnout	pf	dopadat
doplatit	pf	doplácet
doplnit	pf	doplňovat
doplňovat	impf	doplnit
dopomoct	pf	
doporučit	pf	doporučovat
doporučovat	impf	doporučit
doposlouchat	pf	
dopovídat	impf	dopovědět
dopracovat	pf	
doprat	pf	prát
dopravit	pf	dopravovat
doprovodit	pf	doprovázet
doprovázet	impf	
dopsat	pf	dopisovat
dopustit	pf	dopouštět
dopéct	pf	dopékat
dopékat	impf	
dopít	pf	
dopřát	pf	dopřávat
dopřávat	impf	
dorazit	pf	dorážet
dorozumívat	pf	dorozumět
doručit	pf	
dosadit	pf	dosazovat
dosahovat	impf	dosáhnout
dospat	pf	dospávat
dosportovat	pf	
dosprchovat	pf	
dospět	pf	dospívat
dostat	pf	dostávat
dostudovat	pf	studovat
dostávat	impf	
dosvědčit	pf	
dosáhnout	pf	dosahovat
dosíci	pf	
dotknout	pf	dotýkat
dotvořit	pf	dotvářet
dotáhnout	pf	dotahovat
dotírat	impf	dotřít
dotýkat	impf	
doufat	impf	zadoufat
douklízet	pf	uklízet
dout	impf	
doutnat	impf	
doučit	pf	
dovařit	pf	
dovodit	pf	dovádět
dovolit	pf	dovolovat
dovolovat	impf	
dovolávat	impf	
dovršit	pf	dovršovat
dovysvětlit	pf	
dovádět	impf	dovodit,dovést
dovážet	impf	dovézt
dovést	pf	dovádět
dovézt	pf	dovážet
dozkoušet	pf	dozkušovat
dozpívat	pf	
dozrát	pf	zrát
dozvědět	pf	dozvídat,dovídat
dočekat	pf	
dočkat	pf	
dočíst	pf	dočítat
dožít	pf	dožívat
dramatizovat	impf	
drapnout	pf	
dražit	impf	
drbat	impf	podrbat
drhnout	impf	
driblovat	impf	
drnknout	pf	drnkat
drobit	impf	
drolit	impf	
drtit	impf	
drápat	impf	drápnout
drásat	impf	
drát	impf	
dráždit	impf	podráždit
držet	impf	podržet
ducat	impf	ducnout
dumat	impf	
dupat	impf	
dupnout	pf	dupat
dusat	impf	udusat
dusit	impf	
duřet	impf	zduřet
dušovat	impf	zadušovat
dvojkliknout	pf	
dvořit	impf	
dychtit	impf	
dát	pf	dávat
dávat	impf	dát
dávit	impf	
démonizovat	impf	
dít	impf	
dívat	impf	podívat
dívávat	impf	
dýchat	impf	dýchnout
dýmat	impf	dýmnout
dědit	impf	
děkovat	impf	poděkovat
dělat	impf	udělat
dělati	impf	
dělit	impf	rozdělit
dělávat	impf	
děsit	impf	vyděsit
dřepnout	pf	
dřímat	impf	
dřít	impf	
dštít	impf	
důvěřovat	impf	
editovat	impf	
esemeskovat	impf	
excelovat	impf	
existovat	impf	
experimentovat	impf	
fachat	impf	
fachčit	impf	
fackovat	impf	zfackovat
fakturovat	impf	vyfakturovat
falzifikovat	impf	
falšovat	impf	zfalšovat
fantazírovat	impf	
fasovat	impf	
faxovat	impf	
fejkovat	impf	fejknout
fetovat	impf	
filmovat	impf	zfilmovat
filozofovat	impf	
filtrovat	impf	
fixlovat	impf	
fičet	impf	
flambovat	impf	
flirtovat	impf	
flámovat	impf	
foldovat	impf	
formátovat	impf	
fotit	impf	vyfotit
fotografovat	impf	vyfotografovat
foukat	impf	fouknout
fouknout	pf	foukat
frnknout	pf	
frustrovat	impf	
frčet	impf	
fungovat	impf	zafungovat
fučet	impf	
fušovat	impf	zfušovat
fárat	impf	
fňukat	impf	
fňukánkovat	impf	
globalizovat	impf	
gratulovat	impf	
grcat	impf	
grilovat	impf	ugrilovat
gruntovat	impf	
hafat	impf	hafnout
hajat	impf	
hajinkat	impf	
halit	impf	
hamat	impf	
hanobit	impf	
hanět	impf	pohanět
haprovat	impf	zahaprovat
hasit	impf	
hatit	impf	zhatit
havarovat	pf	
hašteřit	impf	
hecnout	pf	
hecovat	impf	hecnout
hekat	impf	heknout
hemžit	impf	
hladit	impf	
hladovět	impf	
hladívat	impf	
hlasovat	impf	odhlasovat
hledat	impf	vyhledat
hlednout	pf	
hledět	impf	pohledět
hlodat	impf	
hloubat	impf	
hloubit	impf	vyhloubit
hloupnout	impf	zhloupnout
hltat	impf	hltnout
hlučet	impf	
hlásat	impf	
hlásit	impf	ohlásit,přihlásit
hláskovat	impf	
hlídat	impf	pohlídat
hmoždit	impf	
hnisat	impf	zhnisat
hnojit	impf	pohnojit
hnout	pf	hýbat
hnusit	impf	
hnát	impf	
hnípat	impf	
hníst	impf	
hnít	impf	
hnízdit	impf	
hněvat	impf	
hoblovat	impf	
hodit	pf	házet
hodlat	impf	
hodnotit	impf	ohodnotit,zhodnotit
hojit	impf	
holedbat	impf	
holit	impf	oholit
honit	impf	
hopsat	impf	
horlit	impf	
horovat	impf	
hostit	impf	pohostit
hotovit	impf	
houbařit	impf	
houkat	impf	houknout
houpat	impf	
houst	impf	
houstnout	impf	zhoustnout
hovořit	impf	pohovořit
hovět	impf	
hořekovat	impf	zahořekovat
hořet	impf	shořet,uhořet
hrabat	impf	hrábnout
hradit	impf	
hraničit	impf	
hrdlit	impf	zahrdlit
hrkat	impf	
hrknout	pf	hrkat
hrnout	impf	
hromadit	impf	nahromadit
hrotit	impf	
hroutit	impf	zhroutit
hroužit	impf	
hrozit	impf	pohrozit
hryzat	impf	hryznout
hrábnout	pf	hrabat
hrát	impf	
hrávat	impf	
hrýzt	impf	
hubit	impf	vyhubit,zahubit
hubnout	impf	zhubnout
hudebničit	impf	
hudrovat	impf	
hulit	impf	
hulákat	impf	
hučet	impf	zahučet
hynout	impf	zahynout
hypnotizovat	impf	zhypnotizovat
hypotetizovat	impf	
hádat	impf	pohádat,uhodnout,uhádnout
hájit	impf	
hájívat	impf	
hákovat	impf	
hárat	impf	
házet	impf	hodit
hýbat	impf	hnout
hýkat	impf	hýknout
hýčkat	impf	hýčkávat
hýřit	impf	
hřešit	impf	zhřešit
hřát	impf	ohřát
hřímat	impf	
hřížit	impf	
ignorovat	impf	
imponovat	impf	zaimponovat
inervovat	impf	
inhalovat	impf	
interagovat	impf	
invertovat	impf	
iritovat	impf	
j*bat	impf	
jebat	impf	
jednat	impf	
jednotit	impf	
jektat	impf	
jet	impf	
jevit	impf	
jezdit	impf	
jezdívat	impf	
ječet	impf	
ježit	impf	
jiskřit	impf	
jistit	impf	
jitřit	impf	
jmout	pf	jímat
jukat	impf	
juknout	pf	jukat
jásat	impf	
jídat	impf	
jídávat	impf	
jímat	impf	jmout
jíst	impf	sníst
jít	impf	
jódlovat	impf	
kadit	impf	vykadit
kafrat	impf	
kakat	impf	vykakat
kalibrovat	impf	
kalit	impf	
kalkulovat	impf	
kamarádit	impf	skamarádit
kamenovat	impf	ukamenovat
kamenět	impf	zkamenět
kanout	impf	
kapat	impf	kápnout
karikovat	impf	
kasat	impf	
kazit	impf	zkazit
kašlat	impf	zakašlat,vykašlat
kdákat	impf	
kecat	impf	
kejhat	impf	
kibicovat	impf	
klamat	impf	oklamat
klanět	impf	
klecat	impf	
klekat	impf	kleknout
kleknout	pf	
klenout	impf	
klepat	impf	klepnout
klepnout	pf	klepat
klesat	impf	klesnout
klesnout	pf	klesat
klestit	impf	vyklestit
klečet	impf	poklečet
klidit	impf	
klikat	impf	kliknout
kliknout	pf	klikat
kličkovat	impf	
klnout	impf	
kloktat	impf	
klonit	impf	sklonit
klonovat	impf	
klopit	impf	
klopýtnout	pf	klopýtat
klouzat	impf	sklouznout
klovat	impf	
klusat	impf	
klást	impf	položit
klát	impf	
klátit	impf	
klímat	impf	
klít	impf	zaklít
klíčit	impf	
klížit	impf	
kmitat	impf	kmitnout
kmitnout	pf	
kochat	impf	pokochat
koexistovat	impf	
kojit	impf	
koketovat	impf	
kokrhat	impf	zakokrhat
koktat	impf	
kolaborovat	impf	
kolébat	impf	
kolísat	impf	
komandovat	impf	
kombinovat	impf	zkombinovat
kompilovat	impf	
komplikovat	impf	zkomplikovat
kompostovat	impf	
komprimovat	impf	
komunikovat	impf	
komíhat	impf	
konat	impf	dokonat
konejšit	impf	
konfiskovat	impf	zkonfiskovat
konjugovat	impf	
konkurovat	impf	
konstruovat	impf	zkonstruovat
kontrastovat	impf	
kontrolovat	impf	zkontrolovat
konvergovat	impf	
konverzovat	impf	
konzervovat	impf	zakonzervovat
končit	impf	skončit
končívat	impf	
kopat	impf	kopnout
kopit	impf	
kopnout	pf	kopat
kopírovat	impf	
korelovat	impf	
kormidlovat	impf	
kormoutit	impf	
korodovat	impf	zkorodovat
kosit	impf	pokosit
kotit	impf	okotit
kotvit	impf	zakotvit
koukat	impf	kouknout
kouknout	pf	koukat
koulet	impf	
koupat	impf	
koupit	pf	kupovat
kousat	impf	kousnout
kousnout	pf	kousat
kout	impf	vykout
kouzlit	impf	
kouřit	impf	zakouřit
kouřívat	impf	
kovat	impf	vykovat
kočovat	impf	
kořit	impf	
koštnout	pf	
kreslit	impf	nakreslit
kritizovat	impf	
krkat	impf	krknout
krknout	pf	krkat
krmit	impf	nakrmit
kropit	impf	pokropit
krotit	impf	zkrotit
kroutit	impf	
krušit	impf	
krvácet	impf	
krystalizovat	impf	
krájet	impf	nakrájet
krákat	impf	
krást	impf	ukrást
krátit	impf	
kráčet	impf	
krýt	impf	
krčit	impf	
kulatit	impf	zakulatit
kulhat	impf	
kultivovat	impf	
kupit	impf	nakupit
kupovat	impf	koupit
kutit	impf	
kutálet	impf	zakutálet
kuňkat	impf	
kušovat	impf	
kvaltovat	impf	
kvapit	impf	
kvasit	impf	
kvedlat	impf	
kvrdlat	impf	
kvákat	impf	
kvést	impf	
kvésti	impf	
kvílet	impf	
kydat	impf	kydnout
kymácet	impf	
kynout	impf	pokynout
kypět	impf	
kysat	impf	
kácet	impf	
káchat	impf	
kálet	impf	
kápnout	pf	
kárat	impf	
kát	impf	
kázat	impf	nakázat
kérovat	impf	
kýchat	impf	kýchnout
kýchnout	pf	kýchat
kývat	impf	
křepčit	impf	
křesat	impf	
křivdit	impf	
křičet	impf	křiknout
křižovat	impf	
křoupat	impf	
křtít	impf	pokřtít
křupat	impf	křupnout
křupnout	impf	křupat
křížit	impf	zkřížit
kšírovat	impf	okšírovat
ladit	impf	
lahodit	impf	
lakotit	impf	
lakovat	impf	nalakovat
laskat	impf	polaskat
lechtat	impf	
lehat	impf	lehnout
lehnout	pf	
lekat	impf	leknout
leknout	pf	
lepit	impf	nalepit,přilepit
lesknout	impf	
letovat	impf	
letět	impf	přiletět,odletět,doletět
levitovat	impf	
leštit	impf	
ležet	impf	poležet
lhát	impf	zalhat
lichotit	impf	
listovat	impf	
litovat	impf	politovat
lišit	impf	
lkát	impf	zalkat
lnout	impf	
lochčit	impf	
lokat	impf	loknout
lomcovat	impf	
lomit	impf	zlomit,dolomit
lomozit	impf	
losovat	impf	
loudit	impf	
louhovat	impf	vylouhovat
loupat	impf	
loupit	impf	
louskat	impf	lousknout,rozlousknout
lousknout	pf	louskat
loučit	impf	rozloučit
lovit	impf	ulovit
lozit	impf	
ložit	impf	
lpít	impf	
lpět	impf	
luhovat	impf	vyluhovat
lupat	impf	lupnout
lusknout	pf	luskat
luxovat	impf	vyluxovat
luštit	impf	rozluštit
lyžovat	impf	zalyžovat
ládovat	impf	naládovat
lákat	impf	
lámat	impf	polámat,ulomit,zlomit
lát	impf	
látat	impf	
láteřit	impf	
léhat	impf	
léhávat	impf	
létat	impf	
lézt	impf	
léčit	impf	vyléčit
líbat	impf	políbit
líbit	impf	zalíbit
líbívat	impf	
líhat	impf	
líhnout	impf	
línat	impf	
lísat	impf	
lít	impf	
lítat	impf	
lízat	impf	líznout
líčit	impf	
machrovat	impf	
makat	impf	máknout
malovat	impf	vymalovat
manipulovat	impf	
manout	impf	
manévrovat	impf	
marnit	impf	
marodit	impf	
masakrovat	impf	
maskovat	impf	
masturbovat	impf	
masírovat	impf	namasírovat
mazat	impf	namazat,pomazat,smazat,umazat
mazlinkat	impf	
mazlit	impf	
mačkat	impf	
meditovat	impf	
memorovat	impf	
menstruovat	impf	
mečet	impf	
meškat	impf	
mhouřit	impf	
milovat	impf	zamilovat
ministrovat	impf	
minout	pf	míjet
mixovat	impf	
mizet	impf	zmizet
mluvit	impf	
mluviti	impf	
mluvívat	impf	
mlátit	impf	
mlít	impf	
mlčet	impf	pomlčet
mlčeti	impf	
mnout	impf	rozemnout
mnít	impf	
mnět	impf	
moci	impf	
mocnit	impf	
moct	impf	
modernizovat	impf	zmodernizovat
moderovat	impf	
modlit	impf	pomodlit
modrat	impf	zmodrat
modřit	pf	
moknout	impf	zmoknout,promoknout
montovat	impf	namontovat,smontovat
moralizovat	impf	
mordovat	impf	zamordovat
motat	impf	
močit	impf	vymočit
mořit	impf	
mrazit	impf	zmrazit,zamrazit
mračit	impf	zamračit
mrdat	impf	vymrdat
mrhat	impf	
mrholit	impf	
mrkat	impf	mrknout
mrknout	pf	mrkat
mrmlat	impf	
mrsknout	pf	
mrzet	impf	zamrzet
mrznout	impf	zmrznout
mrštit	pf	
mstít	impf	pomstít
muchlat	impf	zmuchlat
mumifikovat	impf	
mumlat	impf	zamumlat
muset	impf	
musit	impf	
mutovat	impf	
muzicírovat	impf	
mučit	impf	
mydlit	impf	
myslet	impf	
myslit	impf	
myslívat	impf	
máchat	impf	
mámit	impf	
mást	impf	zmást
mávat	impf	mávnout,zamávat
mávnout	pf	
máčet	impf	namočit
mést	impf	
míchat	impf	namíchat,promíchat,smíchat
míjet	impf	
mínit	impf	
mísit	impf	
mít	impf	
mívat	impf	
mířit	impf	namířit,zamířit
mýlit	impf	
mýt	impf	umýt
měknout	impf	změknout
měkčit	impf	
mělnit	impf	
měnit	impf	změnit,vyměnit
měnívat	impf	
městnat	impf	
měřit	impf	změřit
mňoukat	impf	mňouknout
mřít	impf	
mžourat	impf	
nabalit	pf	nabalovat
nabonzovat	pf	bonzovat
nabrat	pf	
nabídnout	pf	nabízet
nabíhat	impf	naběhnout
nabíjet	impf	
nabít	pf	nabíjet
nabízet	impf	nabídnout
nabýt	pf	nabývat
naběhat	pf	
naběhnout	pf	nabíhat
nachomýtat	impf	
nachomýtnout	pf	nachomýtat,chomýtat
nachystat	pf	chystat
nacházet	impf	
nachýlit	pf	
nacvičit	pf	nacvičovat
nadabovat	pf	
nadat	impf	nadávat
nadbíhat	impf	nadběhnout
nadběhnout	pf	nadbíhat
nadchnout	pf	
nadechnout	pf	
nadehnat	pf	
nadhodnotit	pf	
nadnášet	impf	
nadnést	pf	nadnášet
nadsadit	pf	
nadávat	impf	nadat
nafilmovat	pf	filmovat
naformátovat	pf	formátovat
nafotit	pf	
nafotografovat	pf	
nafoukat	impf	nafoukávat
nafouknout	pf	
nahlásit	pf	nahlašovat,hlásit
nahnat	pf	nahánět
nahodit	pf	nahazovat
nahradit	pf	nahrazovat
nahrazovat	impf	nahradit
nahromadit	pf	hromadit,nahromazovat
nahrát	pf	nahrávat
nahrávat	impf	
nainstalovat	pf	
najmout	pf	najímat
najímat	impf	najmout
najít	pf	nacházet
nakapat	pf	nakapávat
nakazit	pf	
naklonit	pf	naklánět
nakládat	impf	naložit
naklánět	impf	
nakouknout	pf	nakoukávat
nakoupit	pf	nakupovat
nakousnout	pf	nakousávat
nakreslit	pf	kreslit
nakrojit	pf	
nakročit	pf	
nakupit	pf	kupit
nakupovat	impf	nakoupit
naladit	pf	
nalepit	pf	nalepovat,lepit
nalepovat	impf	
nalodit	pf	
nalovit	pf	
naložit	pf	nakládat
nalézat	impf	
nalézt	pf	nalézat
namalovat	pf	malovat
namanout	pf	
namazat	pf	mazat,namazávat
namazávat	impf	namazat
namlouvat	impf	namluvit
namluvit	pf	namlouvat
namontovat	pf	montovat
namotat	pf	namotávat
namočit	pf	máčet
namydlit	pf	
namítat	impf	
namítnout	pf	namítat
nandat	pf	nandávat
nanášet	impf	
nanést	pf	nanášet
naolejovat	pf	
napadat	impf	
napadnout	pf	napadat
naparfémovat	pf	
napasovat	pf	pasovat
naplavit	pf	naplavovat
naplavovat	impf	naplavit
naplnit	pf	plnit
naplácat	pf	plácat
naplánovat	pf	plánovat
naplést	pf	naplétat
naplňovat	impf	
napnout	pf	napínat
napodobit	impf	napodobovat
napodobovat	impf	
napojit	pf	napojovat
napomenout	pf	napomínat
napomoct	pf	
napomáhat	impf	napomoct
napomínat	impf	napomenout
naporcovat	pf	porcovat
naposlouchat	pf	
napovídat	impf	
napovědět	pf	napovídat
napracovat	pf	napracovávat
napravit	pf	
naprogramovat	pf	
napráskat	pf	práskat
naprášit	pf	
napsat	pf	psát
napájet	impf	napojit
napálit	pf	
napínat	impf	napnout
napít	pf	pít
napřáhnout	pf	napřahat,napřahovat
narazit	pf	narážet
narodit	pf	
narovnat	pf	narovnávat
narovnávat	impf	
narukovat	pf	rukovat
narušit	pf	
narušovat	impf	
narvat	pf	
narážet	impf	narazit
narýsovat	pf	rýsovat
nasadit	pf	nasazovat
naskládat	pf	skládat
naskočit	pf	naskakovat
naslibovat	pf	
naslouchat	impf	
nasměrovat	pf	směrovat
nasnídat	pf	
nasrat	pf	nasírat
nastartovat	pf	
nastavit	pf	nastavovat
nastevřít	pf	
nastlat	pf	stlát,nastlávat
nastolit	pf	nastolovat
nastoupit	pf	nastupovat
nastražit	pf	nastražovat
nastrojit	pf	nastrojovat
nastrojovat	impf	nastrojit
nastupovat	impf	nastoupit
nastávat	impf	
nastínit	pf	
nasunout	pf	nasunovat
nasunovat	impf	nasunout
nasvědčovat	impf	
nasypat	pf	nasypávat
natahovat	impf	
natlouct	pf	
natočit	pf	natáčet
natrhat	pf	trhat
natáhnout	pf	natahovat
natáčet	impf	natočit
natírat	impf	
natřást	pf	natřásat
natřít	pf	natírat
naučit	pf	učit
navalit	pf	navalovat
navazovat	impf	
navit	impf	
navlhčit	pf	
navléct	pf	navlékat
navléknout	pf	navlékat
navodit	pf	navozovat
navonět	pf	
navozovat	impf	navodit
navrhnout	pf	navrhovat
navrhovat	impf	navrhnout
navrstvit	pf	navrstvovat
navrátit	pf	
navršit	pf	vršit,navršovat
navršovat	impf	navršit
navézt	pf	navážet
navít	pf	navíjet
navštívit	pf	navštěvovat
navštěvovat	impf	navštívit
nazkoušet	pf	nazkušovat,zkoušet
naznačit	pf	naznačovat
naznačovat	impf	
nazvat	pf	nazývat
nazývat	impf	
načasovat	pf	
načechrat	pf	čechrat
načekat	pf	
načesat	pf	
načrtnout	pf	
načíst	pf	načítat
naředit	pf	
nařizovat	impf	
nařknout	pf	
nařídit	pf	nařizovat
naříkat	impf	
naříznout	pf	nařezávat
naštvat	pf	štvát
nebýt	impf	
neběžet	impf	
necestovat	impf	
nechat	pf	nechávat
nechodit	impf	
nechtít	impf	
nechávat	impf	
nedočkat	pf	
nedůvěřovat	impf	
nehnout	pf	
nehýbat	impf	nehnout
nejet	impf	
nejít	impf	
nekvést	impf	
neletět	impf	
nenahýbat	impf	nenahnout
nenávidět	impf	
nenést	impf	
neodolat	pf	
neplout	impf	
nepodepisovat	impf	nepodepsat
nepodepsat	pf	nepodepisovat
nerůst	impf	
nesouhlasit	impf	
nesrat	impf	
netáhnout	impf	
nevražit	impf	
nevypustit	pf	nevypouštět
nevysledovat	pf	nesledovat
neváhat	impf	
nevést	impf	
nevézt	impf	
nezapomenout	pf	nezapomínat
niknout	impf	
ničit	impf	zničit
nosit	impf	
nosívat	impf	
nořit	impf	
nudit	impf	znudit
nutit	impf	donutit,přinutit
nutkat	impf	
nálepkovat	impf	
náležet	impf	
nárokovat	impf	
násilnit	impf	
následovat	impf	
násobit	impf	
násobívat	impf	
nést	impf	donést,ponést
nítit	impf	
nýt	impf	
obahnit	pf	bahnit
obalamutit	pf	
obalit	impf	obalovat
obchodovat	impf	
obchvátit	pf	obchvacovat
obcházet	impf	
obcovat	impf	
obdivovat	impf	
obdržet	pf	obdržovat
obdržovat	impf	obdržet
obehnat	pf	obhánět
obejmout	pf	objímat
obejít	pf	obcházet
obelhávat	impf	
obeplout	pf	obeplouvat
obestavět	pf	
obhajovat	impf	
obhospodařovat	impf	
obhájit	pf	obhajovat
obinout	pf	obinovat
objasnit	pf	objasňovat
objasňovat	impf	
objednat	pf	objednávat
objednávat	pf	objednat
objet	pf	objíždět
objevit	pf	objevovat
objevovat	impf	
objímat	impf	obejmout
objíždět	impf	
obkličovat	impf	obklíčit
obklopit	pf	obklopovat
obklíčit	pf	obkličovat
obkreslit	pf	obkreslovat
oblenit	pf	obleňovat
oblepit	pf	
oblepovat	impf	
obletět	pf	
obloudit	pf	
obléci	pf	
obléct	pf	oblékat
obléhat	impf	
oblékat	impf	obléct,obléknout
obléknout	pf	oblékat
obměnit	pf	obměňovat
obnovit	pf	obnovovat
obnášet	impf	
obohacovat	impf	obohatit
obohatit	pf	obohacovat
obout	pf	obouvat
obouvat	impf	
obořit	pf	
obracet	impf	obrátit
obrat	pf	obírat
obrábět	impf	obrobit
obrátit	pf	obracet
obsadit	pf	obsazovat
obsahovat	impf	obsáhnout
obsluhovat	impf	obsloužit
obstarat	pf	
obstát	pf	obstávat
obsáhnout	pf	obsahovat
obtěžovat	impf	
obvinit	pf	obviňovat
obviňovat	impf	obvinit
obvázat	pf	obvazovat
obávat	impf	
obíhat	impf	oběhnout
obývat	impf	
občerstvit	pf	občerstvovat
občerstvovat	impf	občerstvit
obědvat	impf	naobědvat
oběhat	pf	
oběhnout	pf	obíhat
oběhávat	impf	
oběsit	pf	
obřezat	pf	obřezávat
obřezávat	impf	
obšlehnout	pf	
obžalovat	pf	
ocejchovat	pf	cejchovat
ocenit	pf	oceňovat
oceňovat	impf	
ochabovat	impf	
ochrnout	pf	ochrnovat
ochromit	pf	
ochránit	pf	ochraňovat
ochutit	pf	ochucovat
ochutnat	pf	ochutnávat,chutnat
ochutnávat	impf	ochutnat
ocitnout	pf	
octnout	pf	ocitat
odbarvit	pf	
odbavit	pf	
odbourat	pf	odbourávat
odbourávat	impf	odbourat
odbočit	pf	odbočovat
odbíhat	impf	odběhnout
odbít	pf	
odbýt	pf	odbývat
odběhnout	pf	odbíhat
odcházet	impf	odejít
odcizit	pf	odcizovat
odcínovat	impf	
oddalovat	impf	oddálit
oddat	pf	
oddiskutovat	impf	
oddálit	pf	oddalovat
oddělat	pf	
oddělit	pf	oddělovat
oddělovat	impf	
odebrat	pf	odebírat
odebírat	impf	
odehnat	pf	
odehrát	pf	odehrávat
odehrávat	impf	odehrát
odejít	pf	odcházet
odemknout	pf	odemykat
odemykat	impf	odemknout
odepsat	pf	odepisovat
odepřít	pf	odpírat
odeslat	pf	odesílat
odečíst	pf	odčítat
odhadovat	impf	
odhalit	pf	odhalovat
odhalovat	impf	
odhlásit	pf	odhlašovat
odhodit	pf	odhazovat
odinstalovat	pf	odinstalovávat
odjebat	pf	odjebávat
odjet	pf	odjíždět
odjíždět	impf	odjet
odkapat	pf	odkapávat
odkazovat	impf	odkázat
odkašlat	pf	odkašlávat
odkládat	impf	odložit
odkomentovat	pf	
odkrojit	pf	odkrajovat
odkráglovat	pf	
odkázat	pf	odkazovat
odlepit	pf	odlepovat
odletět	pf	odlétat
odlišit	pf	odlišovat
odlišovat	impf	odlišit
odlovit	pf	
odložit	pf	
odlézt	pf	
odlít	pf	odlévat
odminovat	pf	odminovávat
odmlouvat	impf	odmluvit
odmluvit	pf	odmlouvat
odmlčet	pf	
odmrazit	pf	
odmítat	impf	
odmítnout	pf	odmítat
odměnit	pf	odměňovat
odnášet	impf	
odnést	pf	odnášet
odolat	pf	odolávat
odpadnout	pf	odpadat
odpanit	pf	
odpojit	pf	odpojovat
odporovat	impf	
odposlouchat	pf	
odpouštět	impf	odpustit
odpovídat	impf	odpovědět
odpovědět	pf	odpovídat
odpozorovat	pf	
odpočinout	pf	odpočívat
odpočítat	pf	odpočítávat
odpočívat	impf	odpočinout
odpracovat	pf	odpracovávat
odprejsknout	pf	
odprásknout	pf	
odpudit	pf	odpuzovat
odpustit	pf	odpouštět
odpuzovat	impf	odpudit
odpírat	impf	
odradit	pf	odrazovat
odrazit	pf	
odrodit	pf	
odrážet	impf	
odrůst	pf	odrůstat
odsadit	pf	
odsejpat	impf	
odskočit	pf	
odsoudit	pf	odsuzovat
odstartovat	pf	
odstoupit	pf	odstupovat
odstranit	pf	odstraňovat
odstraňovat	impf	
odstrojit	pf	odstrojovat
odstrojovat	impf	odstrojit
odstěhovat	pf	odstěhovávat
odsunout	pf	odsunovat
odsát	pf	odsávat
odsávat	impf	odsát
odsýpat	impf	
odtrhnout	pf	odtrhovat
odtáhnout	pf	odtahovat
odtékat	impf	odtéct
odumřít	pf	odumírat
odvažovat	impf	
odviset	impf	
odvodit	pf	odvozovat
odvolat	pf	odvolávat
odvolit	pf	
odvolávat	impf	
odvozovat	impf	odvodit
odvrátit	pf	odvracet
odvzdušnit	pf	odvzdušňovat
odvápnit	pf	odvápňovat
odvázat	pf	odvazovat
odvážet	impf	odvézt
odvážit	pf	odvažovat
odvézt	pf	odvážet
odzbrojit	pf	
odít	pf	odívat
odčinit	pf	odčiňovat
odčiňovat	impf	
odčítat	impf	odečíst
odřezat	pf	odřezávat
odřít	pf	
odškodnit	pf	odškodovat
odšoupnout	pf	odšoupávat
odštěpit	pf	odštěpovat
odštěpovat	impf	
odůvodnit	pf	odůvodňovat
ofotit	pf	
ohlásit	pf	hlásit,ohlašovat
ohnat	pf	ohánět
ohnout	pf	ohýbat
ohodnotit	pf	
oholit	pf	holit
ohradit	pf	ohrazovat
ohrazovat	impf	ohradit
ohromit	pf	ohromovat
ohrožovat	impf	
oháknout	pf	
ohýbat	impf	
ohřebit	pf	hřebit
ohřát	pf	hřát
ojebat	pf	ojebávat
ojet	pf	
okapat	pf	okapávat
oklamat	pf	klamat
okotit	pf	kotit
okout	pf	
okovat	pf	okovávat
okovávat	impf	okovat
okoštovat	pf	
okusit	pf	okoušet
olejovat	impf	naolejovat
olysat	pf	olysávat
olíznout	pf	
omdlévat	impf	
omdlít	pf	omdlévat
omezit	pf	omezovat
omezovat	impf	omezit
omladit	pf	
omlouvat	impf	omluvit
omluvit	pf	omlouvat
omotat	pf	omotávat
omrdat	pf	
omrzat	impf	
omrznout	pf	
onanovat	impf	
onemocnět	pf	
onikat	impf	
onkat	impf	
oněmět	pf	
opakovat	impf	zopakovat
opalovat	impf	opálit
opatřit	pf	opatřovat
operovat	impf	
opisovat	impf	opsat
opičit	impf	
oplatit	pf	oplácet
oplodnit	pf	oplodňovat
oplotit	pf	
opláchnout	pf	oplachovat
oplývat	impf	
oponovat	impf	
opotřebit	pf	
opotřebovat	pf	
opouštět	impf	
opovrhovat	impf	
opovídat	impf	
opovědět	pf	opovídat
opozdit	pf	opožďovat
opracovat	pf	opracovávat
opracovávat	impf	opracovat
oprasit	pf	prasit
oprat	pf	opírat
opravit	pf	opravovat
opravovat	impf	
oprášit	pf	
opsat	pf	opisovat
opuchnout	pf	opuchat
opustit	pf	opouštět
opylit	pf	opylovat
opylovat	impf	opylit,opýlit
opálit	pf	opalovat
opíjet	impf	
opírat	impf	
opít	pf	opíjet
opýlit	pf	opylovat
opět	pf	
opětovat	impf	
opěvovat	impf	opět
opřít	pf	opírat
orat	impf	zorat
orestovat	pf	
organizovat	impf	zorganizovat
orodovat	impf	zaorodovat
orosit	pf	rosit
osadit	pf	osazovat
osahávat	impf	
osamotit	pf	osamocovat
osamět	pf	osamívat
oscilovat	impf	
osedlat	pf	sedlat
osekat	pf	osekávat
osekávat	impf	osekat
oslabit	pf	
oslavit	pf	slavit
oslavovat	impf	
oslnit	pf	oslňovat
oslyšet	pf	oslýchat
osolit	pf	solit
osopit	pf	osopovat
osouložit	pf	
osočit	pf	osočovat
ospravedlnit	pf	ospravedlňovat
osprchovat	pf	
ostat	pf	ostávat
ostrouhat	pf	ostrouhávat,ostruhovat
ostávat	impf	
ostýchat	impf	
ostřelovat	impf	
ostřit	impf	
ostříhat	pf	ostříhávat,ostřihávat,ostřihovat
osvobodit	pf	osvobozovat
osvobozovat	impf	
osvojit	pf	osvojovat
osvojovat	impf	
osvítit	pf	
osvědčit	pf	
osvětařit	impf	
osvětlit	pf	osvětlovat
osvětlovat	impf	osvětlit
osvěžit	pf	osvěžovat
osévat	impf	osít
osít	pf	osévat
otavit	pf	otavovat
otaškařit	pf	
otelit	pf	telit
oteplit	pf	
otesávat	impf	
otevírat	impf	otevřít
otevřít	pf	otevírat,otvírat
otočit	pf	otáčet
otravovat	impf	otrávit
otrávit	pf	otravovat
otužit	pf	otužovat
otužovat	impf	
otvírat	impf	otevřít
otálet	impf	
otáčet	impf	otočit
otéci	pf	otékat
otéct	pf	otékat
otékat	impf	otéct
otírat	impf	otřít
otýt	pf	
otěhotnět	pf	
otřást	pf	otřásat
otřít	pf	otírat
ovdovět	pf	
ovlivnit	pf	ovlivňovat
ovlivňovat	impf	ovlivnit
ovládat	impf	ovládnout
ovládnout	pf	ovládat
ověnčit	pf	
ověsit	pf	ověšovat
ověřit	pf	ověřovat
ověřovat	impf	
ozdobit	pf	zdobit
ozdravit	pf	
ozkoušet	pf	zkoušet
oznamovat	impf	
označit	pf	označovat
označovat	impf	označit
oznobit	pf	znobit
oznámit	pf	oznamovat
ozvat	pf	ozývat
ozývat	impf	
ozřejmit	impf	
očekávat	impf	
očernit	pf	očerňovat
očerňovat	impf	
očesat	pf	česat
očistit	pf	
očkovat	impf	
očumovat	impf	
očíslovat	pf	číslovat
ořezat	pf	ořezávat
oříznout	pf	
ošetřit	pf	ošetřovat
ošetřovat	impf	ošetřit
ošidit	pf	
ošklivit	impf	
oškubat	pf	
ošustit	pf	
oželet	pf	
oženit	pf	ženit
oživit	pf	oživovat
p*cat	impf	
pachovat	impf	
padat	impf	padnout
padnout	pf	padat
pakovat	impf	spakovat
palpovat	impf	
pamatovat	impf	zapamatovat
panikařit	impf	
panovat	impf	
pančovat	impf	
papat	impf	
papinkat	impf	
papouškovat	impf	
parkovat	impf	zaparkovat
parodovat	impf	
patřit	impf	
patřívat	impf	
pařit	impf	
pašovat	impf	
pelichat	impf	
pelášit	impf	
pelíškovat	impf	
pendlovat	impf	
perzekvovat	pf	
peskovat	impf	
pečovat	impf	
picat	impf	picnout
picnout	pf	picat
piglovat	impf	
pikat	impf	
pilovat	impf	
pindat	impf	
piplat	impf	
pitvat	impf	
pižlat	impf	
plachtit	impf	
plakat	impf	zaplakat
plakinkat	impf	
planout	impf	
platit	impf	zaplatit
platívat	impf	
plavat	impf	
plavit	impf	
plazit	impf	
plašit	impf	vyplašit
plenit	impf	vyplenit
pleskat	impf	plesknout
plesnivět	impf	zplesnivět
pletichařit	impf	
plivat	impf	plivnout
plivnout	pf	plivat
plkat	impf	
plnit	impf	splnit
plodit	impf	zplodit
plouhat	impf	
plout	impf	
ploužit	impf	
plynout	impf	
plácat	impf	plácnout
pláchnout	pf	
plácnout	pf	plácat
plánovat	impf	naplánovat
plát	impf	vzplát
plédovat	impf	
plést	impf	splést,uplést
plísnit	impf	
plít	impf	
plížit	impf	
plýtvat	impf	vyplýtvat
pnout	impf	
pnouti	impf	
pobavit	pf	bavit
poblahopřát	pf	blahopřát
pobloudit	pf	
pobláznit	pf	bláznit
pobodat	pf	bodat
pobodnout	pf	
pobouřit	pf	pobuřovat
pobořit	pf	
pobrat	pf	pobírat
pobuřovat	impf	pobouřit
pobádat	impf	
pobídnout	pf	pobízet
pobíhat	impf	
pobíjet	impf	
pobít	pf	pobíjet
pobýt	pf	pobývat
pobývat	impf	pobýt
pocelovat	impf	
pochcat	pf	
pochlebovat	impf	
pochodovat	impf	
pochopit	pf	chápat
pochovat	pf	pochovávat
pochovávat	impf	
pochválit	pf	chválit,pochvalovat
pochybit	pf	
pochybovat	impf	
pocházet	impf	pojít
pociťovat	impf	
pocuchat	pf	
pocukrovat	pf	cukrovat
pocvičit	pf	
pocákat	pf	
pocínovat	pf	
pocítit	pf	pociťovat
podat	pf	podávat
podařit	pf	dařit
podběhnout	pf	
podcenit	pf	podceňovat
podceňovat	impf	podcenit
podejmout	pf	podjímat
podejít	pf	
podepisovat	impf	podepsat
podepsat	pf	podepisovat
podepřít	pf	podpírat
podezírat	impf	
podezřívat	impf	
podfinancovat	pf	
podhodnotit	pf	
podivit	pf	divit,podivovat
podivovat	impf	podivit
podkládat	impf	podložit
podkovat	pf	podkovávat
podkovávat	impf	podkovat
podlehnout	pf	podléhat
podloudit	pf	podluzovat
podléhat	impf	podlehnout
podlézt	pf	
podmanit	pf	podmaňovat
podminovat	pf	
podmiňovat	impf	podmínit
podmáznout	pf	podmazávat
podmínit	pf	podmiňovat
podnikat	impf	podniknout
podniknout	pf	podnikat
podnítit	pf	podněcovat
podněcovat	impf	podnítit
podobat	impf	
podojit	pf	dojit
podpisovat	impf	
podplatit	pf	podplácet
podplácet	impf	podplatit
podporovat	impf	podpořit
podpořit	pf	podporovat
podpálit	pf	podpalovat
podpírat	impf	podepřít
podrazit	pf	
podrbat	pf	drbat
podrobit	pf	drobit
podráždit	pf	dráždit
podrážet	impf	podrazit
podrýt	pf	podrývat
podržet	pf	držet
podstoupit	pf	podstupovat
podstupovat	impf	
podtrhnout	pf	podtrhávat
podvolit	pf	podvolovat
podvádět	impf	
podvést	pf	podvádět
podávat	impf	podat
podílet	impf	
podívat	pf	dívat
podědit	pf	
poděkovat	pf	děkovat
podělat	pf	
podělit	pf	podělovat
podřadit	impf	
podřídit	pf	
podšít	pf	
pohanět	pf	
pohladit	pf	hladit
pohledávat	impf	
pohledět	pf	hledět
pohltit	pf	
pohlédnout	pf	pohlížet
pohnat	pf	
pohnojit	pf	hnojit
pohnout	pf	pohybovat
pohoršit	pf	pohoršovat
pohovořit	pf	hovořit
pohrdat	impf	pohrdnout
pohroužit	pf	pohružovat,pohroužet
pohrozit	pf	hrozit
pohybovat	impf	pohnout
pohádat	pf	hádat
pohánět	impf	
pohřbít	pf	pohřbívat
pohřbívat	impf	
pojednat	pf	pojednávat
pojednávat	impf	pojednat
pojistit	pf	pojišťovat
pojit	impf	napojit
pojišťovat	impf	
pojmenovat	pf	
pojmout	pf	pojímat
pojídat	impf	pojíst
pojíst	pf	pojídat
pojít	pf	pocházet
pokapat	pf	pokapávat
pokazit	pf	
poklepat	pf	poklepávat
poklečet	pf	
poklidit	pf	
pokládat	impf	položit
pokosit	pf	kosit
pokoušet	impf	pokusit
pokořit	pf	pokořovat
pokořovat	impf	
pokračovat	impf	pokročit
pokropit	pf	kropit
pokročit	pf	
pokrýt	pf	pokrývat
pokrývat	impf	
pokusit	pf	pokoušet
pokynout	pf	kynout
pokálet	pf	
pokřtít	pf	
polarizovat	impf	
polekat	pf	
polemisovat	impf	
polemizovat	impf	
polepit	pf	polepovat,lepit
poležet	pf	
politizovat	impf	
politovat	pf	litovat
polknout	pf	polykat
polovat	impf	
položit	pf	pokládat,klást
poltit	impf	rozpoltit
polykat	impf	polknout
polámat	pf	lámat
polévat	impf	polít
políbit	pf	líbat
polít	pf	polévat
pomalovat	impf	pomalovávat
pomazat	pf	mazat
pomilovat	pf	pomilovávat,milovat se
pominout	pf	pomíjet
pomlouvat	impf	
pomluvit	pf	pomlouvat
pomlčet	pf	mlčet
pomnít	pf	
pomoci	pf	pomáhat
pomoct	pf	pomáhat
pomstít	pf	mstít
pomyslet	pf	pomýšlet
pomáhat	impf	pomoct
pomíchat	pf	míchat
pomíjet	impf	
pomět	pf	
ponaučit	pf	
ponechat	pf	ponechávat
ponechávat	impf	
poničit	pf	ničit
ponižovat	impf	
ponořit	pf	nořit,ponořovat
ponížit	pf	ponižovat
poněmčovat	impf	poněmčit
poodstoupit	pf	poodstupovat
pookřát	pf	
pootevřít	pf	pootevírat
pootočit	pf	pootáčet
popisovat	impf	popsat
poplést	pf	plést
popobíhat	impf	popoběhnout
popoběhnout	pf	popobíhat
popocházet	impf	popojít
popohnat	pf	popohánět
popojet	pf	popojíždět
popojít	pf	popocházet
poposednout	pf	
popovézt	pf	
popovídat	pf	povídat
popravit	pf	
poprchávat	impf	
poprosit	pf	prosit
popsat	pf	popisovat
popularizovat	impf	zpopularizovat
popálit	pf	
popírat	impf	
popít	pf	popíjet
popřemítat	impf	
popřít	pf	popírat
poradit	pf	radit
poranit	pf	
porazit	pf	porážet
porcovat	impf	naporcovat
porodit	pf	
poroučet	impf	poručit
porovnat	pf	porovnávat
porovnávat	impf	
porozumět	pf	rozumět
poručit	pf	poroučet
porušit	pf	porušovat
porušovat	impf	
porůst	pf	porůstat
posadit	pf	posazovat
posednout	pf	
posedět	pf	
posečkat	pf	
poskládat	pf	skládat,poskládávat
poskočit	pf	poskakovat
poskytnout	pf	poskytovat
poskytovat	impf	poskytnout
poslat	pf	posílat
poslechnout	pf	poslouchat
poslouchat	impf	poslechnout
posmívat	impf	
posoudit	pf	posuzovat
pospojovat	pf	
pospíchat	impf	pospíšit
pospíšit	pf	pospíchat
posrat	pf	
postarat	pf	starat
postavit	pf	stavět
postihnout	pf	postihovat
postihovat	impf	postihnout
postit	impf	
postoupit	pf	postupovat
postrašit	pf	
postrádat	impf	
postát	pf	postávat
postříkat	pf	stříkat
posunout	pf	posunovat
posunovat	impf	posunout
posuzovat	impf	posoudit
posvětit	pf	posvěcovat,světit
posypat	pf	sypat
posílat	impf	poslat
posílit	pf	posilovat
potentovat	pf	
potentočkovat	pf	
potit	impf	zapotit,zpotit
potkat	pf	potkávat
potkávat	impf	potkat
potlačit	pf	potlačovat
potlačovat	impf	
potopit	pf	potápět
potratit	pf	
potrefit	pf	trefit
potrestat	pf	trestat
potrhat	pf	trhat
potrvat	pf	
potvrdit	pf	potvrzovat
potvrzovat	impf	
potápět	impf	potopit
potírat	impf	potřít
potěšit	pf	
potěžkat	pf	potěžkávat
potřebovat	impf	
potřást	pf	třást,potřásat
potřít	pf	potírat
poukázat	pf	
poulit	impf	vypoulit
poutat	impf	spoutat
poučit	pf	poučovat
poučovat	impf	poučit
pouštět	impf	
použít	pf	používat
používat	impf	použít
povalit	pf	povalovat
povalovat	impf	
považovat	impf	
povečeřet	pf	večeřet
povjášet	impf	pověsit
povléct	pf	povlékat
povolat	pf	povolávat
povolit	pf	povolovat
povolávat	impf	
povykovat	impf	
povylézt	pf	
povytáhnout	pf	povytahovat
povyšovat	impf	povýšit
povzbudit	pf	povzbuzovat
povzbuzovat	impf	
povznést	pf	povznášet
povídat	impf	popovídat
povít	pf	povíjet
povýšit	pf	povyšovat
povědět	pf	povídat
pověsit	pf	věšet
pověřit	pf	
pozavírat	pf	zavírat
pozdravit	pf	zdravit,pozdravovat
pozdravovat	impf	
pozměnit	pf	pozměňovat
poznamenat	pf	
poznamenávat	impf	
poznat	pf	poznávat
poznávat	impf	poznat
pozorovat	impf	zpozorovat
pozvat	pf	zvát
počkat	pf	čekat
počínat	impf	počít
počít	pf	počínat
počítat	impf	spočítat,vypočítat
pořádat	impf	spořádat,uspořádat
poškodit	pf	poškozovat
poškozovat	impf	poškodit
pošlapat	pf	
pošpinit	pf	
poštvat	pf	poštívat
poštívat	impf	
požadovat	impf	
požehnat	pf	žehnat
požádat	pf	žádat
požívat	impf	požít
pracovat	impf	
prahnout	impf	
pranýřovat	impf	
prasit	impf	
praskat	impf	prasknout
prasknout	pf	praskat
praštit	pf	
pražit	impf	
pražiti	impf	
prcat	impf	
prchat	impf	prchnout,uprchnout
prchnout	pf	prchat
prdnout	pf	prdět
prdět	impf	prdnout
preferovat	impf	
prezentovat	impf	
probouzet	impf	probudit
probrat	pf	
probudit	pf	probouzet,probuzovat
probádat	pf	bádat
probíhat	impf	proběhnout
proběhnout	pf	probíhat
procestovat	pf	
prochladnout	pf	prochládat
procházet	impf	projít
procvičit	pf	procvičovat
prodat	pf	prodávat
prodloužit	pf	prodlužovat
prodlužovat	impf	prodloužit
prodlévat	impf	
produkovat	impf	
prodávat	impf	prodat
prodělat	pf	prodělávat
programovat	impf	
prohlašovat	impf	prohlásit
prohledat	pf	prohledávat
prohledávat	impf	
prohloubit	pf	prohlubovat
prohlubovat	impf	prohloubit
prohlásit	pf	prohlašovat
prohlédnout	pf	prohlížet
prohlížet	impf	prohlédnout
prohnat	pf	prohánět
prohodit	pf	prohazovat
prohrát	pf	prohrávat
prohrávat	impf	prohrát
prohřešit	pf	zhřešit
projednávat	impf	
projet	pf	projíždět
projevit	pf	projevovat
projevovat	impf	projevit
projmout	pf	projímat
projímat	impf	projmout
projít	pf	procházet
projíždět	impf	projet
prokazovat	impf	
proklouznout	pf	prokluzovat
prokládat	impf	proložit
proklínat	impf	proklít
proklít	pf	proklínat
prokouřit	pf	
prokouřiti	pf	
prokázat	pf	prokazovat
prolomit	pf	
prolétat	impf	proletět,prolétnout
prolézt	pf	prolézat
prolínat	impf	prolnout
promarnit	pf	
prominout	pf	promíjet
promluvit	pf	promlouvat
promlčet	pf	
promoknout	pf	moknout
promovat	impf	
promrhat	pf	mrhat
promyslet	pf	promýšlet
promíchat	pf	míchat
promíjet	impf	
promítat	impf	promítnout
promítnout	pf	promítat
proměnit	pf	proměňovat
proměňovat	impf	proměnit
pronajmout	pf	pronajímat
pronajímat	impf	pronajmout
proniknout	pf	pronikat
pronásledovat	impf	
propadat	impf	
propadnout	pf	propadat
propagovat	impf	
proplatit	pf	proplácet
proplácet	impf	proplatit
proplést	pf	proplétat
propojit	pf	propojovat
propojovat	impf	
propouštět	impf	propustit
propracovat	pf	propracovávat
propuknout	pf	
propustit	pf	propouštět
propíchnout	pf	propichovat
propíjet	impf	
propít	pf	propíjet
prorokovat	impf	
prosadit	pf	prosazovat
prosazovat	impf	prosázet,prosadit
prosedět	pf	
prosit	impf	poprosit
proslout	pf	proslouvat
prospat	pf	prospávat
prosperovat	impf	
prospět	pf	prospívat
prostudovat	pf	
prostát	pf	
prostírat	impf	prostřít
prostřít	pf	prostírat
prosívat	impf	prosít
protahovat	impf	
protančit	pf	
protestovat	impf	
protivit	impf	
protlačit	pf	
protnout	pf	protínat
protáhnout	pf	protahovat
protéct	pf	protékat
protékat	impf	
protřást	pf	protřásat
proudit	impf	rozproudit
provinit	pf	
provokovat	impf	vyprovokovat
provozovat	impf	
provzdušnit	pf	provzdušňovat
provádět	impf	provést
provázet	impf	
provést	pf	provádět
provézt	pf	
prověřovat	impf	prověřit
prozkoumat	pf	prozkoumávat
prozkoušet	pf	
prozpívat	pf	
prozradit	pf	prozrazovat
prozrazovat	impf	prozradit
prozvonit	pf	
prozřít	pf	
pročesat	pf	
pročíst	pf	
prořeknout	pf	
prořezat	pf	prořezávat
prošetřit	pf	prošetřovat
prošetřovat	impf	prošetřit
prožít	pf	prožívat
prskat	impf	prsknout
prsknout	pf	prskat
prstit	impf	
prubnout	impf	zprubnout
prudit	impf	
prznit	impf	
práchnivět	impf	zpráchnivět
práskat	impf	prásknout
prásknout	pf	práskat
prát	impf	vyprat
prýštit	impf	
prďánkovat	impf	
pršet	impf	
pršánkovat	impf	
psát	impf	napsat
psávat	impf	
ptát	impf	zeptat
ptávat	impf	
publikovat	pf	
puchnout	impf	napuchnout
pucovat	impf	
pudit	impf	
pukat	impf	puknout
puknout	pf	pukat
pulerovat	impf	
pulsovat	impf	
pulzovat	impf	
pulírovat	impf	
pumpovat	impf	
pustit	pf	pouštět
pustnout	impf	zpustnout
pustošit	impf	zpustošit
pučet	impf	
pykat	impf	
pytlačit	impf	
páchat	impf	
páchnout	impf	
páchávat	impf	
pádlovat	impf	
pájet	impf	spájet
pálit	impf	spálit
pást	impf	
pátrat	impf	
páčit	impf	vypáčit
péci	impf	
péct	impf	upéct
pérovat	impf	
píchat	impf	píchnout
píchnout	pf	píchat
pípnout	pf	pípat
pískat	impf	
pít	impf	vypít
pívat	impf	
pýřit	impf	zapýřit
pěchovat	impf	
pěnit	impf	
pěstovat	impf	vypěstovat
pět	impf	
přebarvit	pf	
přebrat	pf	přebírat
přebíhat	impf	přeběhnout
přebírat	impf	převzít,přebrat
přeběhnout	pf	přebíhat
přecenit	pf	přeceňovat
přeceňovat	impf	
přechytračit	pf	
přecházet	impf	
předat	pf	předávat
předbíhat	impf	předběhnout
předběhnout	pf	předbíhat
předcházet	impf	předejít
předefinovat	pf	
předehnat	pf	
předejít	pf	předcházet
předepsat	pf	předepisovat
předklonit	pf	předklánět
předkládat	impf	předložit
předložit	pf	předkládat
přednášet	impf	přednést
předplatit	pf	předplácet
předpokládat	impf	
předpovídat	impf	
předpovědět	pf	předpovídat
předsevzít	pf	předsebírat
představit	pf	představovat
představovat	impf	představit
předstihovat	impf	předstihnout
předstírat	impf	
předvolat	pf	předvolávat
předvolit	pf	
předvyplnit	pf	předvyplňovat
předvádět	impf	
předvídat	impf	
předávat	impf	předat
předávkovat	pf	
předělat	pf	předělávat
předělit	pf	předělovat
předělávat	impf	
přefiknout	pf	
přeformulovat	pf	
přeformátovat	pf	
přehlasovat	pf	
přehlušit	pf	
přehlédnout	pf	přehlížet
přehlížet	impf	přehlédnout
přehnat	pf	přehánět
přehnout	pf	
přehánět	impf	přehnat
přeinstalovat	pf	přeinstalovávat,instalovat
přejet	pf	přejíždět
přejmenovat	pf	přejmenovávat
přejmout	pf	přejímat
přejít	pf	přecházet
přejíždět	impf	
překazit	pf	
překlepnout	pf	překlepávat
překládat	impf	
překonat	pf	překonávat
překonávat	impf	
překračovat	impf	
překreslit	pf	překreslovat
překrojit	pf	
překroutit	pf	překrucovat
překročit	pf	překračovat
překrývat	impf	překrýt
překvapit	pf	překvapovat
překážet	impf	
překřtít	pf	
přeložit	pf	překládat
přelétnout	pf	
přelézt	pf	přelézat
přemalovat	pf	
přemluvit	pf	přemlouvat
přemnožit	pf	přemnožovat
přemoci	pf	přemáhat
přemoct	pf	přemáhat
přemáhat	impf	přemoci
přemístit	pf	přemísťovat
přemísťovat	impf	přemístit
přemítat	impf	
přemýšlet	impf	popřemýšlet
přeměnit	pf	přeměňovat
přeměňovat	impf	přeměnit
přeměřit	pf	přeměřovat
přenášet	impf	
přenést	pf	přenášet
přepadnout	pf	přepadat
přepisovat	impf	přepsat
přeposlat	pf	přeposílat
přepočítat	pf	
přepracovat	pf	
přepsat	pf	přepisovat
přepálit	pf	přepalovat
přerozdělit	pf	
přerozdělovat	impf	
přerušit	pf	přerušovat
přerušovat	impf	
přesadit	pf	přesazovat
přesazovat	impf	přesadit
přesidlovat	impf	
přeskakovat	impf	přeskočit
přeskočit	pf	přeskakovat
přeskupit	pf	přeskupovat
přeskupovat	impf	přeskupit
přesměrovat	pf	
přespat	pf	přespávat
přestat	pf	přestávat
přestavět	pf	přestavovat
přestoupit	pf	
přestrojit	pf	přestrojovat
přestrojovat	impf	přestrojit
přestát	pf	přestávat
přestávat	impf	přestat
přestěhovat	pf	přestěhovávat,stěhovat
přesunout	pf	přesunovat
přesunovat	impf	přesunout
přesvědčit	pf	přesvědčovat
přesvědčovat	impf	
přesídlit	pf	přesidlovat
přetavit	pf	
přetočit	pf	přetáčet
přetrhnout	pf	
přetrvat	pf	přetrvávat
přetrvávat	impf	přetrvat
přetáhnout	pf	přetahovat
přetírat	impf	přetřít
přetížit	pf	přetěžovat
přetřít	pf	přetírat
převažovat	impf	
převládat	impf	převládnout
převlékat	impf	převléknout
převléknout	pf	převlékat
převrátit	pf	převracet
převzít	pf	přebírat
převážit	pf	převažovat
převést	pf	převádět
převézt	pf	převážet
přezdívat	impf	
přezkoumat	pf	přezkoumávat
přezkoumávat	impf	přezkoumat
přezkoušet	pf	přezkušovat
přezkušovat	impf	přezkoušet
přečkat	pf	přečkávat
přečíst	pf	číst
přeříznout	pf	přeřezávat
přešoupnout	pf	přešoupávat
přežvykovat	impf	přežvýkat
přežvýkat	pf	přežvykovat
přežít	pf	přežívat
přibližovat	impf	přiblížit
přiblížit	pf	přibližovat
přibrat	pf	přibírat
přibrzdit	pf	přibržďovat
přibíhat	impf	přiběhnout
přibírat	impf	přibrat
přibít	pf	
přiběhnout	pf	přibíhat
přichvátnout	pf	
přicházet	impf	přijít
přidat	pf	přidávat
přidávat	impf	
přihlásit	pf	přihlašovat
přihnat	pf	přiháňet
přihodit	pf	přiházet,přihazovat
přihotovit	pf	
přiházet	impf	
přihřát	pf	přihrávat
přijet	pf	přijíždět
přijmout	pf	přijímat
přijímat	impf	
přijít	pf	přicházet
přijíždět	impf	přijet
přikazovat	impf	
přikreslit	pf	přikreslovat
přikročit	pf	přikráčet
přikrýt	pf	přikrývat
přikrývat	impf	přikrýt
přikázat	pf	přikazovat
přiletět	pf	přilétat
přiložit	pf	přikládat
přilákat	pf	
přilézt	pf	přelézat
přilít	pf	přilévat
přimalovat	pf	
přimknout	pf	přimykat
přimluvit	pf	
přimět	pf	
přinutit	pf	
přinášet	impf	
přinést	pf	přinášet
připadat	impf	
připadnout	pf	připadat
připalovat	impf	připálit
připevnit	pf	připevňovat
připisovat	impf	připsat
připlést	pf	připlétat
připodobnit	pf	
připojit	pf	připojovat
připojovat	impf	
připomenout	pf	připomínat
připomínat	impf	
připoutat	pf	připoutávat
připoutávat	impf	připoutat
připouštět	impf	
připravit	pf	připravovat
připravovat	impf	připravit
připustit	pf	připouštět
připálit	pf	připalovat
připéct	pf	
přirovnat	pf	přirovnávat
přisadit	pf	přisazovat
přiskočit	pf	
přiskřípnout	pf	
přispívat	impf	přispět
přispěchat	pf	přispíchat
přispět	pf	přispívat
přistihnout	pf	přistihovat
přistoupit	pf	přistupovat
přistupovat	impf	
přistát	pf	přistávat
přistěhovat	pf	
přisvojit	pf	
přisvojovat	impf	přisvojit
přitahovat	impf	přitáhnout
přitulit	pf	tulit
přitáhnout	pf	přitahovat
přivodit	pf	přivádět
přivádět	impf	přivodit,přivést
přivázat	pf	přivazovat
přivážet	impf	přivézt
přivést	pf	přivádět
přivézt	pf	přivážet
přizabít	pf	
přiznat	pf	přiznávat
přiznávat	impf	
přizpůsobit	pf	přizpůsobovat
přizpůsobovat	impf	
přizvat	pf	
přičíst	pf	přičítat
přičítat	impf	přičíst
přiřadit	pf	přiřazovat
přádat	impf	
přát	impf	popřát
přátelit	impf	spřátelit
přísahat	impf	
příst	impf	upříst
přít	impf	
příčit	impf	
pšoukat	impf	
půjčit	pf	půjčovat
půjčovat	impf	
půlit	impf	rozpůlit
působit	impf	
rabovat	impf	vyrabovat
rachotit	impf	
radikalizovat	impf	
radit	impf	poradit
radovat	impf	
radívat	impf	
rafinovat	impf	
rajcovat	impf	
rajzovat	impf	
ranit	pf	
razit	impf	
rašplovat	impf	
rdousit	impf	zardousit
rdít	impf	zardít
reagovat	impf	zareagovat
recenzovat	impf	
recitovat	impf	zarecitovat
recitovávat	impf	
refaktorovat	pf	
reformulovat	pf	
registrovat	impf	
regulovat	impf	
reinstalovat	pf	reinstalovávat,instalovat
rekreovat	impf	
rekrutovat	impf	
remcat	impf	zaremcat
remizovat	pf	
renovovat	impf	zrenovovat
reprezentovat	impf	
reptat	impf	
resetovat	impf	
respektovat	impf	
restovat	impf	orestovat
revidovat	impf	
revokovat	impf	
rezavět	impf	zrezavět
rezervovat	impf	
rezignovat	pf	
rezonovat	impf	
režírovat	impf	
risknout	pf	riskovat
riskovat	impf	risknout
rmoutit	impf	
rmutovat	impf	
robit	impf	
rodit	impf	porodit
rojit	impf	
rokovat	impf	
rolovat	impf	
rosit	impf	orosit
rotovat	impf	
roubat	impf	
roubovat	impf	naroubovat
rouhat	impf	zarouhat
rousat	impf	
rovnat	impf	urovnat
rozbalit	pf	rozbalovat
rozbolet	pf	
rozbouchnout	pf	rozbuchávat
rozbíhat	impf	rozběhnout
rozbít	pf	rozbíjet
rozběhnout	pf	rozbíhat
rozběsnit	pf	
rozcházet	impf	rozejít
rozcvičit	pf	rozcvičovat
rozcvičovat	impf	
rozdat	pf	rozdávat
rozdmýchat	pf	
rozdrtit	pf	drtit
rozdávat	impf	
rozdělit	pf	rozdělovat
rozdělovat	impf	
rozebrat	pf	rozebírat
rozebírat	impf	rozebrat,rozeběhnout
rozednít	pf	rozednívat
rozedrat	pf	
rozehnat	pf	
rozehrát	pf	rozehrávat
rozehřát	pf	rozehřívat,rozehřávat
rozejít	pf	
rozemlít	pf	
rozepnout	pf	rozpínat
rozepsat	pf	rozepisovat
rozesmát	pf	rozesmávat
rozesmávat	impf	
rozesrat	pf	
rozestavit	pf	rozestavovat
rozestlat	pf	
rozestoupit	pf	rozestupovat
rozetírat	impf	rozetřít
rozetřít	pf	rozetírat
rozeznat	pf	rozeznávat
rozeznávat	impf	rozeznat
rozežrat	pf	rozežírat,rozžírat
rozfoukat	pf	
rozhlásit	pf	rozhlašovat
rozhněvat	pf	
rozhodnout	pf	rozhodovat
rozhodovat	impf	
rozhořet	pf	
rozházet	impf	rozhodit
rozjebat	pf	rozjebávat
rozjímat	impf	
rozkližovat	impf	
rozkládat	impf	rozložit
rozklíčovat	pf	rozklíčovávat
rozklížit	pf	rozkližovat
rozkoukat	pf	koukat
rozkrojit	pf	rozkrájet
rozkročit	pf	
rozkulačit	pf	rozkulačovat
rozkulačovat	impf	rozkulačit
rozkázat	pf	rozkazovat
rozlehnout	pf	
rozlepit	pf	rozlepovat
rozlišit	pf	rozlišovat
rozlišovat	impf	rozlišit
rozloučit	pf	loučit,rozlučovat
rozložit	pf	rozkládat
rozluštit	pf	luštit
rozlít	pf	rozlévat
rozmazat	pf	rozmazávat
rozmazlit	pf	rozmazlovat
rozmazlovat	impf	rozmazlit
rozmazávat	impf	rozmazat
rozmixovat	pf	
rozmlouvat	impf	rozmluvit
rozmluvit	pf	rozmlouvat
rozmnožit	pf	rozmnožovat
rozmnožovat	impf	rozmnožit
rozmoci	pf	
rozmotat	pf	
rozmrazit	pf	rozmrazovat
rozmrazovat	impf	rozmrazit
rozmrznout	pf	
rozmístit	pf	rozmísťovat
rozmísťovat	impf	rozmístit
rozmělnit	pf	rozmělňovat
rozmělňovat	impf	rozmělnit
rozměnit	pf	rozměňovat
roznítit	pf	rozněcovat
rozněcovat	impf	
rozostřit	pf	rozostřovat
rozostřovat	impf	rozostřit
rozpadat	impf	rozpadnout
rozpakovat	impf	
rozpinkat	pf	rozpinkávat
rozplakat	pf	
rozplánovat	pf	
rozplést	pf	rozplétat
rozpoltit	pf	
rozpovídat	pf	
rozpoznat	pf	rozpoznávat
rozpoznávat	impf	rozpoznat
rozpracovat	pf	
rozprostírat	impf	rozprostřít
rozprostřít	pf	
rozptýlit	pf	rozptylovat
rozpustit	pf	rozpouštět
rozpřáhnout	pf	rozpřahat,rozpřahovat
rozpůlit	pf	půlit
rozsadit	pf	rozsazovat
rozsoudit	pf	rozsuzovat
rozsténat	pf	
rozsvítit	pf	rozsvěcovat
rozsvěcovat	impf	
rozsypat	pf	
roztahovat	impf	roztáhnout
roztančit	pf	
roztavit	pf	tavit
roztočit	pf	roztáčet
roztrhat	pf	trhat,roztrhovat,roztrhávat
roztrhnout	pf	
roztáhnout	pf	roztahovat
roztát	pf	tát
roztéct	pf	roztékat
roztřetit	pf	třetit
roztřást	pf	roztřásat
roztřídit	pf	třídit
roztříštit	pf	
rozumět	impf	porozumět
rozveselit	pf	rozveselovat
rozvinout	pf	rozvíjet
rozvrstvit	pf	rozvrstvovat
rozvádět	impf	
rozvázat	pf	
rozvést	pf	rozvádět
rozvézt	pf	
rozvíjet	impf	rozvinout
rozvěsit	pf	rozvěšovat
rozvěšovat	impf	rozvěsit
rozzlobit	pf	zlobit
rozzuřit	pf	zuřit
rozčesat	pf	rozčesávat
rozčilovat	impf	
rozčtvrtit	pf	čtvrtit
rozčílit	pf	rozčilovat
rozčísnout	pf	
rozředit	pf	ředit
rozšifrovat	pf	
rozšiřovat	impf	rozšířit
rozškubat	pf	
rozštěpit	pf	rozštěpovat
rozštěpovat	impf	
rozšířit	pf	rozšiřovat
rožnout	pf	rožínat
rubat	impf	
rudnout	impf	zrudnout
ruinovat	impf	zruinovat
rupat	impf	rupnout
ručit	impf	
rušit	impf	
rvát	impf	
rybařit	impf	
ráčkovat	impf	
rýmovat	impf	
rýpat	impf	rýpnout
rýsovat	impf	narýsovat
rýt	impf	
rýžovat	impf	
růst	impf	
různit	impf	
ržát	impf	
sabotovat	impf	
sahat	impf	sáhnout
sbalit	pf	balit
sbližovat	impf	sblížit
sblížit	pf	sbližovat
sbrousit	pf	
sbíhat	impf	seběhnout
sbírat	impf	sebrat
schnout	impf	uschnout
schovat	pf	schovávat
schovávat	impf	schovat
schvalovat	impf	schválit
schválit	pf	schvalovat
scházet	impf	sejít
scvrknout	pf	scvrkávat
sdrhnout	pf	
sdílet	impf	
sdírat	impf	sedřít
sdělit	pf	sdělovat
sdělovat	impf	
sebrat	pf	sbírat
seběhnout	pf	sbíhat
sedat	impf	sednout
sedlat	impf	osedlat
sednout	pf	
sedávat	impf	
sedět	impf	posedět
sedřít	pf	sdírat
sehnat	pf	shánět
sehnout	pf	
sejmout	pf	
sejít	pf	scházet
sekat	impf	seknout
seknout	pf	sekat
sekýrovat	impf	
selhat	pf	selhávat
selhávat	impf	selhat
senzibilizovat	impf	
sepnout	pf	spínat
seprat	pf	
servat	pf	
servírovat	impf	naservírovat
sesadit	pf	sesazovat
sesednout	pf	sesedat,sesedávat
seskupit	pf	seskupovat
seslat	pf	
sesout	pf	sesouvat
sestavit	pf	sestavovat
sestoupit	pf	sestupovat
sestrojit	pf	sestrojovat
sestrojovat	impf	sestrojit
sestupovat	impf	
sestávat	impf	
setkat	pf	setkávat
setkávat	impf	
setmít	pf	stmívat
setmět	pf	stmívat
setnout	pf	stínat
setrvat	pf	setrvávat
setřít	pf	stírat
sevřít	pf	svírat
seznamovat	impf	
seznámit	pf	seznamovat
sečkat	pf	
sečíst	pf	sčítat
seřadit	pf	seřazovat
seřazovat	impf	seřadit
seřvat	pf	
sešít	pf	sešívat
sešívat	impf	sešít
shazovat	impf	shodit
shledat	pf	
shlédnout	pf	shlížet
shnít	pf	hnít
shodit	pf	shazovat
shodnout	pf	shodovat
shodovat	impf	shodnout
shovívat	impf	
shovět	pf	shovívat
shořet	pf	shořívat
shrnout	pf	shrnovat
shrnovat	impf	shrnout
shromažďovat	impf	shromáždit
shromáždit	pf	shromažďovat
shrábnout	pf	
shánět	impf	sehnat
simulovat	impf	
sinat	impf	zesinat,zsinat
situovat	impf	
sjednotit	pf	sjednocovat
sjet	pf	sjíždět
sjezdovat	impf	
sjíždět	impf	sjet
skalpovat	impf	
skandovat	impf	
skapat	pf	skapávat
skenovat	impf	
skladovat	impf	
sklapnout	impf	
sklonit	pf	sklánět
sklopit	pf	sklápět
sklouznout	pf	klouzat
skloňovat	impf	vyskloňovat
skládat	impf	složit
sklánět	impf	sklonit
sklát	pf	klát
sklízet	impf	sklidit
skomírat	impf	
skonat	pf	
skončit	pf	končit
skopat	pf	
skosit	pf	
skotačit	impf	doskotačit
skout	pf	
skočit	pf	skákat
skrbit	impf	
skrblit	impf	
skropit	pf	
skrýt	pf	skrývat
skrývat	impf	skrýt
skučet	impf	zaskučet
skvít	impf	
skytnout	impf	
skácet	pf	
skákat	impf	skočit
skýtat	impf	skytnout
skřípat	impf	zaskřípat
skřípnout	pf	
sladit	impf	
slanit	pf	slaňovat
slavit	impf	oslavit
slaňovat	impf	
sledovat	impf	
sledovávat	impf	
slehnout	pf	sléhat
slepit	pf	slepovat
sletět	pf	slétat
slibovat	impf	slíbit
slinit	impf	
slintat	impf	
slitovat	pf	
slout	impf	
sloučit	pf	
sloužit	impf	posloužit
složit	pf	skládat
slunit	pf	slunívat
slušet	impf	
slušánkovat	impf	
slynout	impf	
slyšet	impf	uslyšet
slzet	impf	
slábnout	impf	zeslábnout
slézt	pf	slézat
slíbit	pf	slibovat
slídit	impf	
slít	pf	slévat
slýchat	impf	
slýchávat	impf	
smazat	pf	mazat
smažit	impf	osmažit,usmažit
smekat	impf	
smeknout	pf	smekat
smetat	impf	
smilnit	impf	
smilovat	pf	
smirkovat	impf	
smluvit	pf	
smontovat	pf	montovat
smrdět	impf	
smrkat	impf	smrknout
smrknout	pf	smrkat
smutnit	impf	
smát	impf	zasmát
smísit	pf	směšovat
smířit	pf	smiřovat
smýkat	impf	smýknout
smýknout	pf	
směnit	pf	směňovat
směstnat	pf	
smět	impf	
směňovat	impf	směnit
směřovat	impf	
snažit	impf	
snižovat	impf	
snoubit	impf	zasnoubit
snožit	pf	
snášet	impf	snést
snést	pf	snášet
snídat	impf	
snímat	impf	
snímkovat	impf	
sníst	pf	jíst
snít	impf	
snívat	impf	
snížit	pf	snižovat
sněžit	impf	
solit	impf	osolit
soptit	impf	
soucítit	impf	
soudit	impf	odsoudit,posoudit
souhlasit	impf	
soukat	impf	
souložit	impf	
sousedit	impf	
soustružit	impf	
soustředit	pf	soustřeďovat
soustřeďovat	impf	soustředit
sout	impf	sesout
soutěžit	impf	zasoutěžit
souviset	impf	
sočit	impf	
spadat	impf	spadnout
spadnout	pf	
spakovat	pf	
spalovat	impf	
spapat	pf	papat
spasit	pf	
spatřit	pf	spatřovat
spatřovat	impf	spatřit
spařit	pf	spařovat
specifikovat	impf	
spekulovat	impf	
spiknout	pf	kout pikle
spinkat	impf	
splatit	pf	splácet
splnit	pf	plnit,splňovat
splácet	impf	splatit
spláchnout	pf	splachovat
splácnout	pf	
splést	pf	plést
splňovat	impf	
spojit	pf	spojovat
spojovat	impf	spojit
spokojit	pf	spokojovat
spolknout	pf	
spolupracovat	impf	
spoléhat	impf	spolehnout
sponzorovat	impf	
sportovat	impf	zasportovat
spotřebovat	pf	spotřebovávat
spouštět	impf	spustit
spočinout	pf	spočívat
spočíst	pf	
spočítat	pf	počítat
spočívat	impf	
spořit	impf	
spořádat	pf	pořádat
spravit	pf	spravovat
spravovat	impf	spravit
sprchnout	pf	
sprchovat	impf	osprchovat
sprovodit	pf	sprovázet
spustit	pf	spouštět
spáchat	pf	páchat
spálit	pf	spalovat
spást	pf	spásat
spát	impf	
spávat	impf	
spéct	pf	spékat
spílat	impf	
spínat	impf	sepnout
spěchat	impf	
spět	impf	
spřáhnout	pf	spřahat,spřahovat
srazit	pf	srážet
srdíčkovat	impf	zasrdíčkovat
srkat	impf	srknout
srknout	pf	srkat
srovnat	pf	srovnávat
srovnávat	impf	
srát	impf	nasrat
srážet	impf	
srůst	pf	srůstat
srůstat	impf	
stanovat	impf	
stanovit	pf	stanovovat
stanovovat	impf	stanovit
starat	impf	postarat
starati	impf	
stavět	impf	postavit
stepovat	impf	
stihnout	pf	stíhat
stisknout	pf	
stkvít	impf	
stlačit	pf	
stlačovat	impf	
stlát	impf	ustlat
stmívat	impf	setmít
stolovat	impf	
stonat	impf	
stopit	pf	stápět
stopovat	impf	
stoupat	impf	stoupnout
stoupit	pf	
stoupnout	pf	stoupat
strachovat	impf	
strašit	impf	
strhat	pf	
strhnout	pf	strhávat
stridulovat	impf	
strkat	impf	strčit
strojit	impf	přistrojit,ustrojit,zastrojit
strouhat	impf	
strpět	pf	trpět
strádat	impf	
strávit	pf	stravovat,trávit
strčit	pf	strkat
stuchnout	pf	
studovat	impf	nastudovat,vystudovat
stuhnout	pf	
stupňovat	impf	
stvořit	pf	tvořit
stvrdit	pf	stvrzovat
stydět	impf	
stáhnout	pf	stahovat
stárnout	impf	zestárnout
stát	pf	stávat
stávat	impf	
stávkovat	impf	
stékat	impf	stéct
sténat	impf	zasténat
stíhat	impf	stihnout
stínit	impf	
stírat	impf	setřít
stít	pf	stínat
stíti	pf	
stýkat	impf	
stýskat	impf	
stěhovat	impf	přestěhovat
stěžovat	impf	postěžovat
střelit	pf	střílet
střetat	impf	
střetnout	pf	střetat
střežit	impf	
střihnout	pf	stříhat
střádat	impf	nastřádat
stříci	impf	
střídat	impf	
stříhat	impf	střihnout
stříkat	impf	stříknout,postříkat
střílet	impf	střelit
střílívat	impf	
sublimovat	impf	
sundat	pf	sundavat
sunout	impf	
sušit	impf	osušit,usušit
svalit	pf	svalovat
svařit	pf	svářet
svařovat	impf	
svléct	pf	svlékat
svlékat	impf	svléknout
svléknout	pf	svlékat
svolat	pf	svolávat
svolit	pf	
svraštit	pf	vraštit
svrbět	impf	
svrhnout	pf	svrhávat
svádět	impf	svést
svázat	pf	svazovat
svářet	impf	
svářit	pf	
svést	pf	svádět
svézt	pf	svážet
svíjet	impf	
svírat	impf	sevřít
svítit	impf	posvítit,zasvítit
svědčit	impf	
svědět	impf	
svěsit	pf	
světit	impf	posvětit
svěřit	pf	svěřovat
svěřovat	impf	svěřit
sykat	impf	
sympatizovat	impf	
sypat	impf	posypat
systematizovat	impf	
syčet	impf	
sáhnout	pf	sahat
sálat	impf	
sát	impf	
sáti	impf	
sázet	impf	nasázet
síci	impf	
síct	impf	
sídlit	impf	
sílit	impf	posílit
sípat	impf	
sít	impf	zasít
sčesat	pf	
sčuchnout	pf	sčuchávat
sčítat	impf	sečíst
tahat	impf	
tajit	impf	
tancovat	impf	zatancovat
tanout	impf	
tančit	impf	zatančit
tarasit	impf	zatarasit
tasit	impf	
tavit	impf	roztavit
tejrat	impf	
telefonovat	impf	zatelefonovat
telit	impf	otelit
tenčit	impf	
tepat	impf	
tesat	impf	
testovat	impf	otestovat
tetovat	impf	potetovat,vytetovat
tichnout	impf	utichat
tikat	impf	zatikat
tipnout	pf	
tipovat	impf	tipnout
tisknout	impf	
tišit	impf	utišit
tknout	pf	
tkvít	impf	
tkvět	impf	
tkát	impf	utkat
tlachat	impf	
tlačit	impf	dotlačit,přitlačit
tleskat	impf	
tlouci	impf	
tlouct	impf	
tloustnout	impf	ztloustnout
tlumit	impf	ztlumit
tlumočit	impf	
tlít	impf	
tmít	impf	
tokat	impf	zatokat
tolerovat	impf	
tonout	impf	
topit	impf	
topořit	impf	ztopořit
toulat	impf	
toulit	impf	
toužit	impf	zatoužit
točit	impf	dotočit,otočit,přitočit
točívat	impf	
transliterovat	impf	
transplantovat	impf	
tratit	impf	
traumatizovat	impf	
trefit	pf	trefovat
trestat	impf	potrestat
trhat	impf	trhnout
trhnout	pf	
trkat	impf	trknout
trknout	pf	trkat
trnout	impf	
troubit	impf	zatroubit
troufat	impf	troufnout
troufnout	pf	troufat
trpívat	impf	
trpět	impf	protrpět,přetrpět,utrpět
trtkat	impf	
truchlit	impf	
trucovat	impf	
trudit	impf	
trvat	impf	
tryskat	impf	
trápit	impf	potrápit
trávit	impf	strávit
trénovat	impf	
trýznit	impf	
trčet	impf	
tuhnout	impf	
tulit	impf	přitulit
tušit	impf	
tvořit	impf	stvořit
tvořívat	impf	
tvrdit	impf	
tvrdnout	impf	ztvrdnout
tvářet	impf	
tvářit	impf	zatvářit
tykat	impf	
tábořit	impf	
táhnout	impf	natáhnout
tápat	impf	
tápávat	impf	
tát	impf	roztát
tázat	impf	
téci	impf	
téct	impf	
títi	impf	
tížit	impf	
týkat	impf	
týrat	impf	
týt	impf	
těkat	impf	roztěkat
těsnit	impf	
těšit	impf	
těžit	impf	
těžknout	impf	ztěžknout
třepetat	impf	zatřepetat
třepit	impf	roztřepit
třetit	impf	roztřetit
třpytit	impf	
třást	impf	potřást,zatřást
tříbit	impf	
třídit	impf	
třískat	impf	třísknout
třísknout	pf	
třít	impf	
tříštit	impf	
ubalit	impf	ubalovat
ubezpečit	pf	ubezpečovat
ubezpečovat	impf	
ubičovat	pf	
ubližovat	impf	ublížit
ublížit	pf	ubližovat
ubrat	pf	ubírat
ubránit	pf	bránit
ubytovat	pf	ubytovávat
ubíhat	impf	uběhnout
ubírat	impf	ubrat
ubývat	impf	
uběhnout	pf	ubíhat
uchopit	pf	uchopovat
uchopovat	impf	uchopit
uchovat	pf	uchovávat
uchovávat	impf	uchovat
uchránit	pf	chránit
uchýlit	pf	uchylovat
ucpat	pf	ucpávat
uctít	pf	uctívat
uctívat	impf	
udat	pf	udávat
udeřit	pf	
udit	impf	
udivit	pf	udivovat
udivovat	impf	udivit
udobřit	pf	
udržet	pf	udržovat
udržovat	impf	udržet
udusit	pf	dusit
udělat	pf	dělat
udělit	pf	udělovat
udělovat	impf	
uhasit	pf	hasit
uhladit	pf	uhlazovat,hladit
uhnat	pf	
uhodit	pf	
uhodnout	pf	
uhradit	pf	
uhranout	pf	uhranovat
uhádnout	pf	
uhájit	pf	
uhánět	impf	
ujařmit	pf	
ujet	pf	ujíždět
ujistit	pf	ujišťovat
ujišťovat	impf	
ujmout	pf	ujímat
ukamenovat	pf	kamenovat
ukazovat	impf	ukázat
ukašlat	impf	
uklidit	pf	uklízet
uklidnit	pf	uklidňovat
uklidňovat	impf	
uklouznout	pf	
ukládat	impf	uložit
uklízet	impf	uklidit
ukojit	pf	ukájet
ukolébat	pf	
ukončit	pf	ukončovat
ukopat	pf	ukopávat
ukousnout	pf	ukusovat
ukrojit	pf	ukrajovat
ukročit	pf	
ukrádat	impf	ukrást
ukrást	pf	krást,ukrádat
ukrýt	pf	ukrývat
ukusovat	impf	ukousnout
ukvapit	pf	
ukájet	impf	
ukázat	pf	ukazovat
ukáznit	pf	
ukřižovat	pf	
ulehnout	pf	uléhat
ulehčit	pf	ulehčovat
ulevit	pf	ulevovat
ulomit	pf	lámat
uloupit	pf	
ulovit	pf	
uložit	pf	ukládat
ulít	pf	ulévat
umazat	pf	mazat,umazávat
umazávat	impf	umazat
umlčet	pf	umlčovat
umocnit	pf	mocnit
umožnit	pf	umožňovat
umožňovat	impf	
umrtvit	pf	umrtvovat
umučit	pf	mučit
umírat	impf	
umístit	pf	umisťovat
umýt	pf	umývat,mýt
umývat	impf	
umět	impf	
umřít	pf	umírat
unavit	pf	unavovat
unavovat	impf	
unikat	impf	uniknout
uniknout	pf	
unáhlit	pf	
unášet	impf	
unést	pf	unášet
uondat	impf	uondávat
upadnout	pf	upadat
upalovat	impf	upálit
upejpat	impf	
upevnit	pf	upevňovat
uplatit	pf	uplácet
uplatnit	pf	uplatňovat
uplatňovat	impf	uplatnit
uplácet	impf	uplatit
upláchnout	pf	
uplést	pf	plést
uposlechnout	pf	
upotřebit	pf	
upoutat	pf	upoutávat
upoutávat	impf	upoutat
upozornit	pf	upozorňovat
upozorňovat	impf	
upracovat	pf	upracovávat
upravit	pf	
upravovat	impf	
uprchnout	pf	prchat
upsat	pf	upisovat
upustit	pf	upouštět
upálit	pf	upalovat
upéct	pf	péct
upínat	impf	upnout
upírat	impf	upřít
upřesnit	pf	upřesňovat
upřít	pf	upírat
uradit	pf	radit
urazit	pf	urážet
urovnat	pf	urovnávat
urychlit	pf	urychlovat
urychlovat	impf	urychlit
urážet	impf	
určit	pf	určovat
určovat	impf	
usadit	pf	usazovat
uschnout	pf	
useknout	pf	usekávat
usilovat	impf	
uskladnit	pf	uskladňovat
uskutečnit	pf	uskutečňovat
uskutečňovat	impf	
uskřinout	pf	
uslyšet	pf	slyšet
usmrcovat	impf	usmrtit
usmrtit	pf	usmrcovat
usmát	pf	usmívat
usmívat	impf	
usmířit	pf	usmiřovat
usnadnit	pf	
usnadňovat	impf	
usnout	pf	usínat
usoudit	pf	usuzovat
uspat	pf	uspávat
uspokojit	pf	uspokojovat
uspořit	pf	spořit
uspořádat	pf	pořádat
uspávat	impf	uspat
uspíšit	pf	
uspěchat	pf	
uspět	pf	
ustavit	pf	
ustlat	pf	stlát
ustoupit	pf	ustupovat
ustrnout	pf	ustrnovat
ustrojit	pf	ustrojovat
ustupovat	impf	
usuzovat	impf	usoudit
usvědčit	pf	
usínat	impf	usnout
utichat	impf	utichnout
utichnout	pf	utichat
utiskovat	impf	
utišit	pf	
utkat	pf	
utlačovat	impf	
utopit	pf	topit
utopiti	pf	topit
utratit	pf	utrácet
utrhnout	pf	
utrpět	pf	trpět
utrácet	impf	
utrápit	pf	
utvořit	pf	utvářet
utáhnout	pf	utahovat
utéci	pf	
utéct	pf	utíkat
utíkat	impf	utéct
utírat	impf	utřít
utěsnit	impf	utěsňovat
utěsňovat	impf	utěsnit
utěšit	pf	utěšovat
utěšovat	impf	utěšit
utřít	pf	utírat
uvařit	pf	vařit
uvažovat	impf	uvážit
uveřejnit	pf	uveřejňovat
uvidět	pf	vidět
uvodit	pf	uvozovat
uvolit	pf	
uvolnit	pf	
uvolňovat	impf	
uvozovat	impf	uvodit
uvádět	impf	
uvázat	pf	uvazovat
uvážit	pf	uvažovat
uvést	pf	uvádět
uvézt	pf	
uvědomit	pf	uvědomovat
uvědomovat	impf	
uvěznit	pf	věznit
uvěřit	pf	
uzamykat	impf	uzamknout
uzavřít	pf	uzavírat
uzdravit	pf	uzdravovat
uzemnit	pf	
uzmout	pf	
uznat	pf	uznávat
uznávat	impf	uznat
uzákonit	pf	
učesat	pf	česat
učinit	pf	činit
učit	impf	naučit
učíst	pf	
uřvat	pf	uřvávat
ušetřit	pf	šetřit
uškrtit	pf	
uštknout	pf	
uštědřit	pf	
uživit	pf	
užít	pf	užívat
užíti	pf	
užívat	impf	
vadit	impf	
vadnout	impf	zvadnout
vakcinovat	impf	navakcinovat
valchovat	impf	
valit	impf	
vanout	impf	
varovat	impf	
vařit	impf	uvařit
vařívat	impf	
vbíhat	impf	vběhnout
vběhnout	pf	vbíhat
vdechnout	pf	vdechovat
vdmychovat	impf	
vdát	pf	vdávat
vdávat	impf	vdát
vegetovat	impf	
vehnat	pf	vhánět
vejít	pf	vcházet
velebit	impf	
velet	impf	
vepsat	pf	vpisovat
verbovat	impf	naverbovat
veslovat	impf	
vetřít	pf	vtírat
večeřet	impf	povečeřet
večeřívat	impf	
vhrknout	pf	
vidět	impf	uvidět
vinit	impf	obvinit
vinout	impf	
vinšovat	impf	
viset	impf	
vjet	pf	vjíždět
vjíždět	impf	vjet
vkapat	pf	vkapávat
vkročit	pf	vkráčet
vlastnit	impf	
vlepit	pf	vlepovat
vlhnout	impf	zvlhnout
vlichotit	pf	
vlnit	impf	
vloupat	pf	
vločkovat	impf	
vložit	pf	vkládat
vládnout	impf	
vlát	impf	
vléci	impf	
vléct	impf	
vlézt	pf	vlézat
vmáčknout	pf	vmačkat
vměstnat	pf	
vměšovat	impf	vmísit
vnucovat	impf	
vnutit	pf	
vnést	pf	vnášet
vnímat	impf	
vodit	impf	
volat	impf	zavolat
volit	impf	zvolit
volávat	impf	
vonět	impf	zavonět
voskovat	impf	
vozit	impf	
voňánkovat	impf	
vpeřit	pf	
vpisovat	impf	vepsat
vplést	pf	vplétat
vplétat	impf	vplést
vplížit	pf	
vpravit	pf	vpravovat
vpustit	pf	vpouštět
vracet	impf	vrátit
vracívat	impf	
vrazit	pf	vrážet
vraštit	impf	svraštit
vraždit	impf	zavraždit
vrcholit	impf	vyvrcholit
vrhat	impf	vrhnout
vrhnout	pf	vrhat
vrkat	impf	vrknout
vrknout	pf	
vroukat	impf	
vrstvit	impf	navrstvit,zvrstvit
vrtat	impf	
vrtět	impf	zavrtět
vrátit	pf	vracet
vrážet	impf	vrazit
vrčet	impf	zavrčet
vršit	impf	navršit
vsadit	pf	vsázet,vsazovat
vstoupit	pf	vstupovat
vstrčit	pf	
vstupovat	impf	
vstát	pf	vstávat
vstávat	impf	
vstřebat	pf	vstřebávat
vstřelit	pf	
vtipkovat	impf	
vtrhnout	pf	
vtírat	impf	vetřít
vtělit	pf	
vtřít	pf	vtírat
vybafnout	pf	
vybalit	pf	vybalovat
vybarvit	pf	
vybavit	pf	vybavovat
vybavovat	impf	
vybičovat	pf	vybičovávat
vybodnout	pf	
vybouchnout	pf	vybuchovat
vybrat	pf	vybírat
vybreptat	pf	breptat
vybuchnout	pf	
vybumbat	pf	bumbat
vybíhat	impf	vyběhnout
vybírat	impf	
vyběhat	pf	
vyběhnout	pf	vybíhat
vychladit	pf	
vychloubat	impf	
vychovat	pf	vychovávat
vychovávat	impf	
vychutnat	pf	vychutnávat
vychutnávat	impf	
vycházet	impf	
vycpat	pf	vycpávat
vycvičit	pf	cvičit
vydat	pf	vydávat
vydechnout	pf	
vydražit	pf	vydražovat
vydržet	pf	vydržovat
vydržovat	impf	
vydávat	impf	
vydědit	pf	
vydělat	pf	vydělávat
vydělávat	impf	
vyděsit	pf	děsit
vyfiltrovat	pf	
vyfotit	pf	fotit
vyfotografovat	pf	fotografovat
vyhazovat	impf	vyhodit
vyhladit	pf	vyhlazovat
vyhlašovat	impf	
vyhledat	pf	vyhledávat,hledat
vyhledávat	impf	vyhledat
vyhlásit	pf	vyhlašovat
vyhlédat	impf	
vyhlédnout	pf	vyhlížet,vyhlédat
vyhlížet	impf	
vyhnat	pf	vyhánět
vyhnout	pf	vyhýbat
vyhodit	pf	vyhazovat
vyhodnocovat	impf	vyhodnotit
vyhodnotit	pf	vyhodnocovat
vyhostit	pf	
vyhovovat	impf	vyhovět
vyhovět	pf	vyhovovat
vyhradit	pf	vyhrazovat
vyhrnout	pf	
vyhrožovat	impf	
vyhrát	pf	vyhrávat
vyhrávat	impf	
vyhubit	pf	hubit
vyhynout	pf	hynout
vyhýbat	impf	vyhnout
vyhřeznout	pf	vyhřezávat
vyjadřovat	impf	vyjádřit
vyjasnit	pf	
vyjebat	pf	vyjebávat
vyjednat	pf	vyjednávat
vyjednávat	impf	vyjednat
vyjmenovat	pf	
vyjmout	pf	vyjímat
vyjádřit	pf	vyjadřovat
vyjímat	impf	vyjmout
vyjít	pf	vycházet
vykadit	pf	kadit
vykakat	pf	kakat
vykasat	pf	
vykastrovat	pf	kastrovat
vykat	impf	
vykašlat	pf	kašlat,vykašlávat
vyklidit	pf	vyklízet
vykloubit	pf	
vyklubat	pf	klubat
vykládat	impf	vyložit
vykolejit	pf	
vykonat	pf	konat,vykonávat
vykonávat	impf	vykonat
vykopat	pf	vykopávat
vykostit	pf	vykosťovat
vykosťovat	impf	
vykoupit	pf	vykupovat
vykořisťovat	impf	vykořistit
vykrmit	pf	vykrmovat
vykrmovat	impf	vykrmit
vykrojit	pf	
vykročit	pf	vykračovat
vykrvácet	pf	
vykváknout	pf	
vykálet	pf	kálet
vykřiknout	pf	vykřikovat
vykřikovat	impf	
vylekat	pf	
vylepit	pf	vylepovat
vylepšit	pf	vylepšovat
vylepšovat	impf	
vyletět	pf	vylétat,vylétávat
vylodit	pf	
vyloučit	pf	vylučovat
vylovit	pf	
vyložit	pf	vykládat
vyluxovat	pf	luxovat
vylučovat	impf	
vyluštit	pf	vylušťovat
vylétat	impf	vyletět,vylétnout
vylézat	impf	
vylézt	pf	vylézat
vyléčit	pf	léčit
vylíhnout	pf	líhnout
vylíčit	pf	
vymalovat	pf	malovat
vymanit	impf	vymaňovat
vymazat	pf	vymazávat
vymetat	impf	
vymezovat	impf	
vymknout	pf	vymykat
vymluvit	pf	vymlouvat
vymotat	pf	vymotávat
vymotávat	impf	vymotat
vymrdat	pf	
vymykat	impf	vymknout
vymyslet	pf	vymýšlet
vymámit	pf	mámit
vymést	pf	vymetat
vymísit	pf	
vymítat	impf	
vymýtit	pf	
vymýšlet	impf	vymyslet
vyměnit	pf	vyměňovat
vyměňovat	impf	
vyměšovat	impf	vymísit (rare),vyměsit (rare)
vymřít	pf	vymírat
vynadat	pf	
vynalézt	pf	vynalézat
vyndat	pf	vyndávat,vyndavat
vynechat	pf	vynechávat
vynechávat	impf	
vynikat	impf	vyniknout
vyniknout	pf	vynikat
vynořit	pf	vynořovat
vynutit	pf	vynucovat
vynásobit	pf	násobit
vynést	pf	vynášet
vyobcovat	pf	
vyorat	pf	
vypadat	pf	vypadávat
vypadnout	impf	
vyparádit	pf	parádit
vypařit	pf	vypařovat
vypisovat	impf	vypsat
vyplatit	pf	vyplácet
vyplavat	pf	
vyplavovat	impf	
vyplašit	pf	plašit
vyplivnout	pf	vyplivovat
vyplnit	pf	vyplňovat
vypláchnout	pf	vyplachovat
vyplést	pf	vyplétat
vyplývat	impf	vyplynout
vyplňovat	impf	
vypnout	pf	vypínat
vypoltářovat	pf	
vypomoct	pf	
vypotit	pf	
vypotřebovat	pf	
vypovídat	impf	
vypovědět	pf	vypovídat
vypozorovat	pf	
vypočítat	pf	počítat
vypracovat	pf	vypracovávat
vyprat	pf	prát
vypravovat	impf	
vyprdnout	pf	
vyprodat	pf	vyprodávat
vyprosit	pf	vyprošovat
vyprovokovat	pf	provokovat
vyprošovat	impf	vyprosit
vyprávět	impf	
vyprázdnit	pf	vyprazdňovat
vypršet	pf	
vypsat	pf	vypisovat
vypucovat	pf	
vypudit	pf	
vypuknout	pf	
vypustit	pf	vypouštět
vypálit	pf	vypalovat
vypátrat	pf	pátrat
vypínat	impf	
vypít	pf	pít
vyrabovat	pf	
vyrazit	pf	vyrážet
vyrobit	pf	vyrábět
vyronit	pf	ronit,vyroňovat
vyrovnat	pf	vyrovnávat
vyrovnávat	impf	vyrovnat
vyrábět	impf	vyrobit
vyrůst	pf	vyrůstat
vyrůstat	impf	
vysadit	pf	vysazovat
vysedět	pf	
vyskočit	pf	vyskakovat
vyskytnout	pf	vyskytovat
vyslat	pf	
vyslechnout	pf	vyslýchat
vysledovat	pf	sledovat
vyslepičit	pf	
vyslovit	pf	vyslovovat
vyslovovat	impf	vyslovit
vyslyšet	pf	vyslýchat
vyslýchat	impf	vyslechnout
vysmahnout	pf	
vysmrkat	pf	smrkat
vysnít	pf	vysnívat
vysoudit	pf	vysuzovat
vysout	impf	
vyspat	pf	vyspávat
vysportovat	pf	
vysprchovat	pf	
vysrat	pf	srát
vystartovat	pf	
vystavit	pf	vystavovat
vystavovat	impf	vystavit
vystavět	pf	
vystačit	pf	
vystoupit	pf	vystupovat
vystrašit	pf	
vystrojit	pf	vystrojovat
vystrojovat	impf	vystrojit
vystupovat	impf	
vystát	pf	vystávat
vystírat	impf	
vystěhovat	pf	vystěhovávat
vystřelit	pf	
vystřízlivět	pf	
vysunout	pf	
vysvětlit	pf	vysvětlovat
vysvětlovat	impf	vysvětlit
vysypat	pf	vysypávat
vysát	pf	vysávat
vysávat	impf	
vysílat	impf	
vysílit	pf	vysilovat
vysírat	impf	
vytahovat	impf	
vytasit	pf	
vytisknout	pf	
vytknout	pf	vytýkat
vytočit	pf	vytáčet
vytratit	pf	vytrácet
vytrestat	pf	
vytrhnout	pf	vytrhávat
vytrvat	pf	vytrvávat
vytuhnout	pf	
vytvořit	pf	vytvářet
vytvářet	impf	vytvořit
vytáhnout	pf	vytahovat
vytáčet	impf	vytočit
vytéct	pf	vytékat
vytékat	impf	
vytírat	impf	vytřít
vytýkat	impf	vytknout
vytřást	pf	vytřásat
vytřídit	pf	
vytřít	pf	vytírat
vyučovat	impf	vyučit
využít	pf	využívat
využívat	impf	
vyvarovat	pf	vyvarovávat
vyvažovat	impf	
vyvinout	pf	vyvíjet
vyvlastnit	pf	
vyvodit	pf	vyvozovat
vyvolat	pf	vyvolávat
vyvolit	pf	
vyvolávat	impf	
vyvozovat	impf	vyvodit
vyvrtat	pf	
vyvrátit	pf	vyvracet
vyvádět	impf	
vyvážit	pf	vyvažovat
vyvézt	pf	
vyvíjet	impf	vyvinout
vyvřít	pf	
vyzabíjet	impf	
vyzbrojit	pf	
vyzdobit	pf	
vyzdvihnout	pf	vyzdvihovat
vyzdvihovat	impf	vyzdvihnout
vyzkoumat	pf	vyzkoumávat
vyzkoušet	pf	zkoušet
vyznat	pf	vyznávat
vyznačit	pf	vyznačovat
vyznávat	impf	vyznat
vyzunknout	pf	
vyzvat	pf	vyzývat
vyzývat	impf	vyzvat
vyústit	pf	
vyčerpat	pf	vyčerpávat
vyčesat	pf	
vyčinit	pf	činit
vyčkat	pf	vyčkávat
vyčkávat	impf	vyčkat
vyčnívat	impf	
vyčíslit	pf	
vyčíst	pf	vyčítat
vyčítat	impf	vyčíst
vyřezávat	impf	
vyřešit	pf	řešit
vyřizovat	impf	
vyřknout	pf	
vyřídit	pf	vyřizovat
vyšetřit	pf	vyšetřovat
vyšetřovat	impf	vyšetřit
vyšilovat	impf	
vyškrtnout	pf	vyškrtávat
vyškrtávat	impf	
vyškubat	pf	
vyšít	pf	vyšívat
vyšívat	impf	vyšít
vyšťavit	pf	vyšťavovat
vyžadovat	impf	vyžádat
vyžehlit	pf	
vyžádat	pf	
vzbudit	pf	vzbouzet,vzbuzovat
vzbuzovat	impf	vzbudit
vzdalovat	impf	
vzdorovat	impf	
vzdout	pf	vzdouvat
vzdouvat	impf	
vzdychat	impf	
vzdychnout	pf	vzdychat
vzdát	pf	vzdávat
vzdávat	impf	
vzdělat	pf	vzdělávat
vzdělávat	impf	vzdělat
vzedmout	pf	
vzejmout	pf	vznímat
vzkvétat	impf	
vzlykat	impf	vzlyknout
vzlétnout	pf	
vzlínat	impf	
vzmužit	pf	vzmužovat
vznikat	impf	
vzniknout	pf	vznikat
vznášet	impf	vznést
vznést	pf	vznášet
vznímat	impf	
vznítit	pf	vzněcovat
vzněcovat	impf	
vzorkovat	impf	
vzpamatovat	pf	
vzpomenout	pf	vzpomínat
vzpomínat	impf	
vzpouzet	impf	
vzpružit	pf	vzpružovat
vzpírat	impf	vzepřít
vzrušit	pf	vzrušovat
vzrušovat	impf	
vzrůst	pf	vzrůstat
vztahovat	impf	
vztekat	impf	
vztáhnout	pf	vztahovat
vzít	pf	brát
vábit	impf	
váhat	impf	
válet	impf	
válčit	impf	
vát	impf	
vázat	impf	
vážit	impf	
vést	impf	
vézt	impf	
vídat	impf	
vídávat	impf	
vískat	impf	povískat
vít	impf	
vítat	impf	přivítat
vítězit	impf	zvítězit
vířit	impf	
výskat	impf	
vědět	impf	dovědět
věstit	impf	vyvěstit
věstívat	impf	věstit
větit	impf	
větrat	impf	
větvit	impf	
větřit	impf	
věznit	impf	uvěznit
věřit	impf	uvěřit
věřivat	impf	
věšet	impf	pověsit
věštit	impf	vyvěštit
vřískat	impf	
vřísknout	pf	
vřít	impf	
všimnout	pf	všímat
vštípit	pf	vštěpovat
všímat	impf	všimnout
zabalit	pf	zabalovat
zabavit	pf	zabavovat
zabavovat	impf	zabavit
zabezpečit	pf	zabezpečovat
zabezpečovat	impf	
zablokovat	pf	blokovat
zabloudit	pf	bloudit
zabouchnout	pf	
zabořit	pf	
zabrat	pf	zabírat
zabraňovat	impf	zabránit
zabránit	pf	zabraňovat
zabzdít	pf	
zabíhat	impf	zaběhnout
zabíjet	impf	zabít
zabírat	impf	
zabít	pf	zabíjet
zabýt	pf	
zabývat	impf	
zaběhat	pf	
zaběhnout	pf	zabíhat,zaběhávat
zacelit	pf	zacelovat
zacelovat	impf	zacelit
zachovat	pf	zachovávat
zachovávat	impf	
zachraňovat	impf	zachránit
zachroptět	pf	chroptět
zachránit	pf	zachraňovat
zachtít	pf	
zachvívat	impf	zachvět
zachycovat	impf	
zachytit	pf	zachytávat
zacházet	impf	zajít
zacpat	pf	zacpávat
zacvakat	pf	
zacvičit	pf	cvičit
zacálovat	pf	
zadat	pf	zadávat
zadoufat	pf	doufat
zadržet	pf	zadržovat
zadávat	impf	
zahajovat	impf	
zahanbit	pf	
zahazovat	impf	zahodit
zahladit	pf	zahlazovat
zahlédnout	pf	
zahnat	pf	zahánět
zahnout	pf	zahýbat
zahodit	pf	zahazovat
zahojit	pf	zahojovat
zahrdlit	pf	
zahrnout	pf	zahrnovat
zahrnovat	impf	
zahubit	pf	hubit
zahustit	pf	zahušťovat
zahušťovat	impf	zahustit
zahynout	pf	
zahájit	pf	zahajovat
zaháknout	pf	
zahálet	impf	
zahřát	pf	zahřívat
zajistit	pf	zajišťovat
zajišťovat	impf	
zajmout	pf	zajímat
zajímat	impf	zajmout
zajít	pf	zacházet
zakazovat	impf	
zakládat	impf	založit
zaklínat	pf	
zaklít	pf	klít
zakokrhat	pf	kokrhat
zakomentovat	pf	
zakončit	pf	zakončovat
zakopat	pf	zakopávat
zakopnout	pf	zakopávat
zakotvit	pf	
zakoukat	pf	
zakouřit	pf	kouřit
zakrojit	pf	
zakročit	pf	zakročovat
zakrýt	pf	zakrývat
zakrývat	impf	zakrýt
zakusit	pf	zakoušet
zakutálet	pf	kutálet
zakázat	pf	zakazovat
zakódovat	pf	
zakřiknout	pf	
zalasovat	pf	zalasovávat
zalehnout	pf	zaléhat,zaléhávat
zalitovat	pf	litovat
zalovit	pf	
založit	pf	zakládat
zaláskovat	pf	
zalévat	impf	zalít
zalézt	pf	zalézat
zalít	pf	zalévat
zamalovat	pf	
zamazat	pf	mazat,zamazávat
zamazávat	impf	zamazat
zamezit	pf	zamezovat
zamilovat	pf	milovat
zaminovat	pf	
zamknout	pf	zamykat
zamluvit	pf	zamlouvat
zamlčet	pf	zamlčovat
zamordovat	pf	
zamotat	pf	zamotávat
zamotávat	impf	zamotat
zamořit	pf	zamořovat
zamračit	pf	mračit
zamykat	impf	zamknout
zamyslet	pf	zamýšlet
zamést	pf	zametat
zamíchat	pf	míchat
zamítat	impf	
zamítnout	pf	zamítat
zamířit	pf	mířit
zamýšlet	impf	zamyslet
zaměnit	pf	zaměňovat
zaměstnat	pf	zaměstnávat
zaměstnávat	impf	zaměstnat
zaměňovat	impf	zaměnit
zaměřit	pf	zaměřovat
zanechat	pf	zanechávat
zanechávat	impf	
zanedbat	pf	zanedbávat
zanevřít	pf	zanevírat
zanikat	impf	zaniknout
zaniknout	pf	zanikat
zanést	pf	zanášet
zanítit	pf	zaněcovat
zaokrouhlit	pf	zaokrouhlovat
zaonačit	pf	
zapadat	impf	
zapadnout	pf	zapadat
zapalovat	impf	zapálit
zapamatovat	pf	pamatovat
zaparkovat	pf	parkovat
zapisovat	impf	zapsat
zaplatit	pf	platit
zaplavat	pf	
zaplavit	pf	zaplavovat
zaplést	pf	zaplétat
zaplétat	impf	zaplést
zapnout	pf	zapínat
zapojit	pf	zapojovat
zapomenout	pf	zapomínat
zapomínat	impf	zapomenout
zapracovat	pf	zapracovávat
zapsat	pf	zapisovat
zapustit	pf	zapouštět
zapáchat	impf	
zapálit	pf	zapalovat
zapínat	impf	
zapírat	impf	
zapět	pf	
zapřáhnout	pf	zapřahat,zapřahovat
zapřít	pf	zapírat
zapříčinit	pf	
zarazit	pf	
zardousit	pf	
zareagovat	pf	reagovat
zarezervovat	pf	rezervovat
zarmoutit	pf	
zarovnat	pf	
zaručit	pf	zaručovat
zaručovat	impf	
zarůst	pf	zarůstat
zasadit	pf	sázet,zasazovat,sadit
zasahovat	impf	
zasedat	impf	zasednout
zaskakovat	impf	zaskočit
zasklít	pf	
zaskřípat	pf	skřípat
zasloužit	pf	zasluhovat
zasluhovat	impf	zasloužit
zasoutěžit	pf	soutěžit
zaspat	pf	zaspávat
zastavit	pf	zastavovat
zastavovat	impf	
zastihnout	pf	zastihovat
zastoupit	pf	zastupovat
zastrašit	pf	zastrašovat
zastrašovat	impf	
zastrkávat	impf	zastrčit
zastrčit	pf	zastrkávat
zastupovat	impf	
zastydět	pf	
zastínit	pf	
zastřelit	pf	
zastřít	pf	zastírat
zasunout	pf	zasouvat
zasvětit	pf	zasvěcovat
zasyčet	pf	
zasáhnout	pf	
zasílat	impf	zaslat
zatajit	pf	
zatancovat	pf	
zatarasit	pf	tarasit,zatarasovat
zatelefonovat	pf	telefonovat
zatemnit	pf	zatemňovat
zatemňovat	impf	zatemnit
zatknout	pf	zatýkat
zatloukat	impf	zatlouci,zatlouct
zatnout	pf	zatínat
zatopit	pf	zatápět
zatoužit	pf	toužit
zatočit	pf	
zatratit	pf	
zatvářit	pf	tvářit
zatáhnout	pf	zatahovat
zatřást	pf	třást
zaujmout	pf	zaujímat
zauzlovat	pf	
zavadit	pf	zavazet,zavaďovat
zavalit	pf	zavalovat
zavinit	pf	
zavinout	pf	zavíjet,zavinovat
zavinovat	impf	
zavlažovat	impf	zavlažit
zavolat	pf	volat
zavraždit	pf	vraždit
zavrhnout	pf	zavrhovat
zavrhovat	impf	
zavrávorat	pf	vrávorat
završit	pf	završovat
zavzdušnit	pf	
zavzít	pf	
zaváhat	pf	váhat
zavázat	pf	zavazovat
zavést	pf	zavádět
zavézt	pf	zavážet
zavíjet	impf	zavít
zavírat	impf	zavřít
zavěsit	pf	zavěšovat
zavřít	pf	zavírat
zazdít	pf	zazdívat
zazlívat	impf	
zaznamenat	pf	zaznamenávat
zaznamenávat	impf	
zazpívat	pf	zpívat
zaútočit	pf	útočit
začarovat	pf	
začlenit	pf	začleňovat
začínat	impf	začít
začít	pf	začínat
zařadit	pf	zařazovat
zařidit	pf	
zařizovat	impf	
zařvat	pf	
zařídit	pf	zařizovat
zaříkat	impf	
zaříkávat	impf	
zašeptat	pf	šeptat
zašifrovat	pf	
zaškrtit	pf	
zaškubat	pf	
zašroubovat	pf	šroubovat
zažít	pf	zažívat
zbabrat	pf	
zbavit	pf	zbavovat
zbavovat	impf	zbavit
zbičovat	pf	bičovat
zblbnout	pf	blbnout
zbloudit	pf	
zbláznit	pf	bláznit
zbohatnout	pf	bohatnout
zbouchnout	pf	
zbourat	pf	bourat
zbožňovat	impf	
zbrojit	impf	
zbrotit	pf	zbrocovat
zbrzdit	pf	
zbíhat	impf	zběhnout
zbít	pf	
zbýt	pf	zbývat
zbývat	impf	zbýt
zběhat	pf	
zběhnout	pf	zbíhat
zbělet	pf	
zchladit	pf	chladit
zchudnout	pf	chudnout
zchátrat	pf	
zcizoložit	pf	cizoložit
zcvokatět	pf	
zcvoknout	pf	
zdanit	pf	danit
zdařit	impf	dařit
zdechnout	pf	zdechat
zdeformovat	pf	
zdejchnout	pf	zdejchávat
zdejchávat	impf	zdejchnout
zdisgustovat	pf	disgustovat
zdobit	impf	
zdokonalit	pf	zdokonalovat
zdolat	pf	zdolávat
zdomácnět	pf	domácnět
zdravit	impf	pozdravit
zdražit	pf	zdražovat
zdražovat	impf	zdražit
zdrhnout	pf	zdrhat
zdrsnět	pf	drsnět
zdráhat	impf	
zdržet	pf	zdržovat
zdržovat	impf	
zduřet	pf	zduřovat
zdvihat	impf	zdvihnout
zdvihnout	pf	zdvihat
zdvojnásobit	pf	
zdát	impf	
zdít	impf	
zdědit	pf	dědit
zděsit	pf	děsit
zdůraznit	pf	
zdůrazňovat	impf	
zdůvodnit	pf	
zefektivnit	pf	
zelenat	impf	zezelenat
zemřít	pf	zmírat
zeptat	pf	ptát
zervat	pf	
zesinat	pf	
zeslábnout	pf	slábnout
zesnout	pf	
zestárnout	pf	stárnout
zesílit	pf	zesilovat
zet	impf	
zevlovat	impf	
zezelenat	pf	
zešeřet	pf	
zešeřit	pf	
zešílet	pf	
zežloutnout	pf	žloutnout
zfalšovat	pf	falšovat
zfilmovat	pf	filmovat
zfušovat	pf	fušovat
zhasnout	pf	zhasínat
zhasínat	impf	
zhatit	pf	hatit
zhebnout	pf	
zhloupnout	pf	hloupnout
zhltnout	pf	zhltávat
zhltávat	impf	zhltnout
zhlédnout	pf	zhlížet
zhnusit	pf	
zhnědnout	pf	hnědnout
zhodnotit	pf	
zhoršit	pf	zhoršovat
zhoršovat	impf	
zhotovit	impf	
zhovadit	pf	
zhrdat	impf	zhrdnout
zhroutit	pf	hroutit
zhrubnout	pf	hrubnout
zhubnout	pf	hubnout
zhudebnit	pf	hudebnit,zhudebňovat
zhudebňovat	impf	
zhypnotizovat	pf	hypnotizovat
zhýčkat	pf	
zhřešit	pf	hřešit
zjebat	pf	zjebávat
zjednodušit	pf	zjednodušovat
zjednodušovat	impf	zjednodušit
zjihnout	pf	
zjistit	pf	zjišťovat
zjizvit	pf	
zjišťovat	impf	
zkamenět	pf	kamenět
zkapat	pf	zkapávat
zkapávat	impf	zkapat
zkazit	pf	
zklamat	pf	zklamávat,klamat
zkombinovat	pf	kombinovat
zkompletovat	pf	kompletovat
zkomplikovat	pf	komplikovat
zkonfiskovat	pf	konfiskovat
zkonstruovat	pf	konstruovat
zkontrolovat	pf	kontrolovat
zkoprnět	pf	koprnět
zkopírovat	pf	kopírovat
zkorodovat	pf	korodovat
zkorumpovat	pf	korumpovat
zkosit	pf	
zkoumat	impf	
zkout	pf	
zkoušet	impf	zkusit,vyzkoušet,nazkoušet
zkrachovat	pf	
zkratovat	pf	zkratovávat
zkreslit	pf	zkreslovat
zkreslovat	impf	zkreslit
zkrmit	pf	zkrmovat
zkrotit	pf	
zkrouhnout	impf	
zkrátit	pf	zkracovat
zkrášlit	pf	zkrášlovat
zkurvit	pf	kurvit
zkusit	pf	zkoušet
zkvalitnit	pf	
zkřížit	pf	křížit
zlepšit	pf	zlepšovat
zlepšovat	impf	zlepšit
zlevnit	pf	zlevňovat
zlevňovat	impf	zlevnit
zlidovět	pf	
zlikvidovat	pf	likvidovat
zlobit	impf	rozzlobit
zlobívat	impf	
zlomit	pf	lomit,lámat
zlynčovat	pf	lynčovat
zlákat	pf	
zlézat	impf	
zlézt	pf	zlézat
zmastit	pf	
zmařit	pf	
zmenšit	pf	zmenšovat
zmenšovat	impf	zmenšit
zmeškat	pf	zmeškávat
zmeškávat	impf	zmeškat
zmizet	pf	mizet
zmiňovat	impf	
zmlátit	pf	
zmocnit	pf	zmocňovat
zmodernizovat	pf	modernizovat
zmodrat	pf	modrat
zmoknout	pf	moknout
zmoudřet	pf	
zmrazit	pf	
zmrvit	pf	mrvit
zmrzat	impf	
zmrzačit	pf	
zmrznout	pf	mrznout,zmrzat,zmrzávat
zmršit	pf	
zmuchlat	pf	
zmást	pf	mást
zmáčknout	pf	
zmínit	pf	zmiňovat
zmírnit	pf	
změknout	pf	měknout
změkčit	pf	změkčovat
změnit	pf	měnit
změřit	pf	
znamenat	impf	
značit	impf	označit
znechucovat	impf	znechutit
znechutit	pf	znechucovat
znecitlivit	pf	znecitlivovat
znecitlivovat	impf	znecitlivit
znectít	pf	znectívat
znehodnocovat	impf	znehodnotit
znehodnotit	pf	znehodnocovat
znehybnit	pf	znehybňovat
znehybňovat	impf	znehybnit
znejasnit	pf	znejasňovat
znejistit	pf	znejisťovat
zneklidnit	pf	zneklidňovat
znelíbit	pf	znelibovat
znemožnit	pf	znemožňovat
znemožňovat	impf	znemožnit
znemravnit	pf	znemravňovat
znemravňovat	impf	znemravnit
znepokojit	pf	znepokojovat
znepokojovat	impf	znepokojit
znervóznit	pf	znervózňovat
znervóznět	pf	
znesnadnit	pf	znesnadňovat
znesvářit	pf	
znesvěcovat	impf	znesvětit
znesvětit	pf	znesvěcovat
zneuctít	pf	zneuctívat
zneužít	pf	zneužívat
zneužívat	impf	zneužít
znevažovat	impf	znevážit
znevážit	pf	znevažovat
znečistit	pf	znečišťovat
znečišťovat	impf	znečistit
zneškodnit	pf	zneškodňovat
zneškodňovat	impf	zneškodnit
zničit	pf	ničit
znobit	impf	oznobit
znovunastolit	pf	
znárodnit	pf	znárodňovat
znárodňovat	impf	
znásilnit	pf	znásilňovat
znásilňovat	impf	
znásobit	pf	násobit
znát	impf	
znávat	impf	
znít	impf	
zobat	impf	
zobecnit	pf	zobecňovat
zodpovídat	impf	zodpovědět
zohlednit	pf	zohledňovat
zopakovat	pf	opakovat
zorat	pf	
zorganizovat	pf	organizovat
zosnovat	pf	zosnovávat
zostudit	pf	
zotavit	pf	zotavovat
zotročit	pf	zotročovat
zotročovat	impf	
zoufat	impf	zazoufat
zout	pf	zouvat
zouvat	impf	
zočit	pf	
zošklivit	pf	
zpackat	pf	
zpatlat	pf	
zpeněžit	pf	
zpečetit	impf	
zplacatit	pf	
zplesnivět	pf	plesnivět
zplodit	pf	plodit
zploštit	pf	
zpochybnit	pf	zpochybňovat
zpochybňovat	impf	
zpomalit	pf	zpomalovat
zpopularizovat	pf	popularizovat
zpotit	pf	potit
zpovykat	pf	
zpozdit	pf	zpožďovat
zpozorovat	pf	pozorovat
zpracovat	pf	zpracovávat
zpracovávat	impf	
zpravit	pf	zpravovat
zpronevěřit	pf	zpronevěřovat
zprznit	pf	prznit
zpustnout	pf	pustnout
zpytovat	impf	
zpívat	impf	zazpívat
zpívávat	impf	
zpěčovat	impf	
zpřístupnit	pf	zpřístupňovat
způsobit	pf	způsobovat
způsobovat	impf	
zradit	pf	zrazovat
zranit	pf	zraňovat
zrcadlit	impf	
zremizovat	pf	
zrenovovat	pf	renovovat
zrudnout	pf	rudnout
zruinovat	pf	
zrušit	pf	zrušovat
zrychlit	pf	zrychlovat
zrychlovat	impf	
zrát	impf	
zrýt	pf	zrývat
zsinat	pf	
ztichnout	pf	
ztišit	pf	
ztloustnout	pf	
ztlumit	pf	tlumit,ztlumovat
ztopořit	pf	
ztrapnit	pf	ztrapňovat
ztratit	pf	ztrácet
ztrhat	pf	trhat
ztrhnout	pf	
ztrojnásobit	pf	
ztropit	pf	
ztroskotat	pf	ztroskotávat
ztrácet	impf	ztratit
ztuhnout	pf	tuhnout
ztvrdnout	pf	tvrdnout
ztěžknout	pf	těžknout
ztěžovat	impf	ztížit
zubožit	pf	
zulíbat	pf	zulíbávat
zurčet	impf	
zurčit	impf	
zuřit	impf	rozzuřit
zušlechtit	pf	zušlechťovat
zužitkovat	pf	zužikovávat
zvažovat	impf	zvážit
zvedat	impf	zvednout
zvednout	pf	zvedat
zvelebit	pf	
zveřejnit	pf	
zveřejňovat	impf	
zvlhnout	pf	vlhnout
zvlhčit	pf	zvlhčovat
zvládnout	pf	zvládat
zvolat	pf	
zvolit	pf	
zvonit	impf	zazvonit
zvorat	pf	
zvracet	impf	
zvrhnout	pf	
zvyknout	pf	zvykat
zvyšovat	impf	zvýšit
zvát	impf	pozvat
zvážit	pf	zvažovat,vážit
zvítězit	pf	vítězit
zvýhodnit	pf	zvýhodňovat
zvýraznit	pf	zvýrazňovat
zvýrazňovat	impf	zvýraznit
zvýšit	pf	zvyšovat
zvědět	pf	zvídat
zvěstovat	impf	
zvětšit	pf	zvětšovat
zvětšovat	impf	zvětšit
zábnout	impf	
zábst	impf	
záležet	impf	
zápasit	impf	
zát	impf	
závidět	impf	
záviset	impf	
závodit	impf	
zářit	impf	
zírat	impf	
získat	pf	získávat
získávat	impf	
zívat	impf	zívnout
zívnout	pf	zívat
zúčastnit	pf	zúčastňovat
zúčtovat	pf	
zúžit	pf	zužovat
zčernat	pf	
zčervenat	pf	
zředit	pf	
zřetězit	pf	řetězit
zříci	pf	
zříct	pf	
zřít	impf	
zřítit	pf	
zšeřet	pf	
zšeřit	pf	
zůstat	pf	zůstávat
zůstávat	impf	
úkolovat	impf	zaúkolovat
úpět	impf	
úrokovat	impf	
ústit	impf	
útočit	impf	zaútočit
účastnit	impf	zúčastnit
účinkovat	impf	
účtovat	impf	naúčtovat
úžit	impf	
čadit	impf	
čajznout	pf	
čapnout	pf	
čarovat	impf	
časovat	impf	vyčasovat
čechrat	impf	načechrat
čekat	impf	počkat
čekávat	impf	
čelit	impf	
čenichat	impf	
čepýřit	impf	začepýřit
černat	impf	zčernat
černit	impf	
černět	impf	zčernět
čerpat	impf	načerpat
červenat	impf	zčervenat
červenit	impf	
česat	impf	očesat
čeřit	impf	
čichat	impf	čichnout
čichnout	pf	
činit	impf	učinit
čistit	impf	vyčistit
čišet	impf	
členit	impf	
čmajznout	pf	
čmuchat	impf	pročmuchat,vyčmuchat,začmuchat
čnít	impf	
čnět	impf	
čouhat	impf	
čpět	impf	
črtat	impf	načrtnout
čtvrtit	impf	rozčtvrtit
čubrnět	impf	
čuchat	impf	čuchnout
čuchnout	pf	čuchat
čumět	impf	
čurat	impf	vyčurat,počurat
čutat	impf	čutnout
čučet	impf	
čvachtat	impf	
číhat	impf	
číslovat	impf	očíslovat
číst	impf	přečíst
čít	impf	
čítávat	impf	
čórnout	pf	
čúrat	impf	
čůrat	impf	vyčurat,počurat
čůrinkat	impf	
řadit	impf	
ředit	impf	
řehtat	impf	
řetězit	impf	zřetězit
řevnit	impf	
řezat	impf	nařezat,pořezat,rozřezat,seřezat,říznout
řešit	impf	vyřešit
řinout	impf	
řinčet	impf	zařinčet
řičet	impf	
řvát	impf	zařvat
řádit	impf	
říci	pf	říkat
říct	pf	říkat
řídit	impf	
řídnout	impf	
říhat	impf	
říhnout	pf	říhat
říkat	impf	říct
říkávat	impf	
řítit	impf	
řízkovat	impf	
říznout	pf	řezat
šacovat	impf	
šanovat	impf	
šeplat	impf	zašeplat
šeptat	impf	zašeptat
šermovat	impf	
šetřit	impf	
ševelit	impf	
šeřit	impf	zešeřit
šidit	impf	ošidit
šikanovat	impf	
šiknout	pf	šikovat
šilhat	impf	
šimět	impf	
šišlat	impf	zašišlat
škemrat	impf	
šklebit	impf	
škodit	impf	uškodit
školit	impf	vyškolit
škorpit	impf	
škrabat	impf	
škrtit	impf	
škrtnout	pf	škrtat
škrábat	impf	škrábnout
škrábnout	pf	
škubat	impf	škubnout
škubnout	pf	
škudlit	impf	
škytat	impf	škytnout
škytnout	impf	
škádlit	impf	
šlapat	impf	pošlapat,šlápnout
šlechtit	impf	
šlehat	impf	
šlohnout	pf	
šlápnout	pf	
šmakovat	impf	
šmejdit	impf	
šmírovat	impf	
šoférovat	impf	
šokovat	impf	
šoupat	impf	
šoupnout	pf	šoupat
šourat	impf	
šoustat	impf	
špacírovat	impf	
špehovat	impf	
špiclovat	impf	
špinit	impf	
šplhat	impf	
šplhnout	pf	
šplouchat	impf	šplouchnout
šplouchnout	pf	
šponovat	impf	
šprechtit	pf	
špásovat	impf	
šrotovat	impf	
šroubovat	impf	zašroubovat
štengrovat	impf	
štkát	impf	zaštkát
štrachat	impf	vyštrachat
štupovat	impf	zaštupovat
šturmovat	impf	
štvát	impf	
štvávat	impf	
štymovat	impf	
štípat	impf	štípnout
štípnout	pf	štípat
štěbetat	impf	
štěkat	impf	štěknout
štěknout	pf	štěkat
štěpit	impf	
šukat	impf	
šukinkat	impf	
šumovat	impf	prošumovat
šumět	impf	
šustit	impf	zašustit
švadronit	impf	
švejkovat	impf	
švihat	impf	
švihnout	pf	švihat
švindlovat	impf	
šábnout	pf	
šálit	impf	ošálit
šíbovat	impf	
šílet	impf	zešílet
šít	impf	
šířit	impf	
šňupat	impf	šňupnout
ťukat	impf	
žadonit	impf	
žalovat	impf	zažalovat,obžalovat
žasnout	impf	
ždímat	impf	
žebrat	impf	
žehlit	impf	
žehnat	impf	
žehrat	impf	
želet	impf	
ženit	impf	oženit
žertovat	impf	zažertovat
žhnout	impf	
žinýrovat	impf	
živit	impf	
živořit	impf	
žloutnout	impf	zežloutnout
žluknout	impf	žluknout
žmoulat	impf	
žnout	impf	
žonglovat	impf	
žrát	impf	sežrat
žuchnout	pf	žuchat
žvanit	impf	
žvatlat	impf	zažvatlat
žvýkat	impf	
žádat	impf	požádat
žárlit	impf	
žíhat	impf	
žít	impf	
žíznit	impf	
