# lemma(infinitive)	V;PRS;1;SG	V;PRS;2;SG	V;PRS;3;SG	V;PRS;1;PL	V;PRS;2;PL	V;PRS;3;PL	V;PST;1;SG	V;PST;2;SG	V;PST;3;SG	V;PST;1;PL	V;PST;2;PL	V;PST;3;PL	V;FUT;1;SG	V;FUT;2;SG	V;FUT;3;SG	V;FUT;1;PL	V;FUT;2;PL	V;FUT;3;PL	V;AOR;1;SG	V;AOR;2;SG	V;AOR;3;SG	V;AOR;1;PL	V;AOR;2;PL	V;AOR;3;PL	V;IMP;2;SG	V;IMP;2;PL	V;NFIN
aldatmaq	aldadıram	aldadırsan	aldadır	aldadırıq	aldadırsınız	aldadırlar	-	-	-	-	-	-	aldadacağam	aldadacaqsan	aldadacaq	aldadacağıq	aldadacaqsınız	aldadacaqlar	aldadaram	aldadarsan	aldadar	aldadarıq	aldadarsınız	aldadarlar	-	aldadalım	-
alçaltmaq	alçaldıram	alçaldırsan	alçaldır	alçaldırıq	alçaldırsınız	alçaldırlar	-	-	-	-	-	-	alçaldacağam	alçaldacaqsan	alçaldacaq	alçaldacağıq	alçaldacaqsınız	alçaldacaqlar	alçaldaram	alçaldarsan	alçaldar	alçaldarıq	alçaldarsınız	alçaldarlar	-	alçaldalım	-
ayıtmaq	ayıdıram	ayıdırsan	ayıdır	ayıdırıq	ayıdırsınız	ayıdırlar	-	-	-	-	-	-	ayıdacağam	ayıdacaqsan	ayıdacaq	ayıdacağıq	ayıdacaqsınız	ayıdacaqlar	ayıdaram	ayıdarsan	ayıdar	ayıdarıq	ayıdarsınız	ayıdarlar	-	ayıdalım	-
azaltmaq	azaldıram	azaldırsan	azaldır	azaldırıq	azaldırsınız	azaldırlar	-	-	-	-	-	-	azaldacağam	azaldacaqsan	azaldacaq	azaldacağıq	azaldacaqsınız	azaldacaqlar	azaldaram	azaldarsan	azaldar	azaldarıq	azaldarsınız	azaldarlar	-	azaldalım	-
ağlatmaq	ağladıram	ağladırsan	ağladır	ağladırıq	ağladırsınız	ağladırlar	-	-	-	-	-	-	ağladacağam	ağladacaqsan	ağladacaq	ağladacağıq	ağladacaqsınız	ağladacaqlar	ağladaram	ağladarsan	ağladar	ağladarıq	ağladarsınız	ağladarlar	-	ağladalım	-
boğmaq	-	-	-	-	-	-	-	-	-	-	-	-	-	-	-	boğacağıq	boğacaqsınız	-	-	-	-	boğarıq	boğarsınız	-	-	-	-
boğulmaq	-	-	-	-	-	-	-	-	-	-	-	-	-	-	-	boğulacağıq	boğulacaqsınız	-	-	-	-	boğularıq	boğularsınız	-	-	-	-
boşaltmaq	boşaldıram	boşaldırsan	boşaldır	boşaldırıq	boşaldırsınız	boşaldırlar	-	-	-	-	-	-	boşaldacağam	boşaldacaqsan	boşaldacaq	boşaldacağıq	boşaldacaqsınız	boşaldacaqlar	boşaldaram	boşaldarsan	boşaldar	boşaldarıq	boşaldarsınız	boşaldarlar	-	boşaldalım	-
bulmaq	-	-	-	-	-	-	-	-	-	-	-	-	-	-	-	bulacağıq	bulacaqsınız	-	-	-	-	bularıq	bularsınız	-	-	-	-
bulunmaq	-	-	-	-	-	-	-	-	-	-	-	-	-	-	-	bulunacağıq	bulunacaqsınız	-	-	-	-	bulunarıq	bulunarsınız	-	-	-	-
burmaq	-	-	-	-	-	-	-	-	-	-	-	-	-	-	-	buracağıq	buracaqsınız	-	-	-	-	burarıq	burarsınız	-	-	-	-
burxutmaq	-	-	-	-	-	-	-	-	-	-	-	-	-	-	-	burxutacağıq	burxutacaqsınız	-	-	-	-	burxutarıq	burxutarsınız	-	-	-	-
buyurmaq	-	-	-	-	-	-	-	-	-	-	-	-	-	-	-	buyuracağıq	buyuracaqsınız	-	-	-	-	buyurarıq	buyurarsınız	-	-	-	-
buyurtmaq	buyurtıram	buyurtırsan	buyurtır	buyurtırıq	buyurtırsınız	buyurtırlar	buyurtdım	buyurtdın	buyurtdı	buyurtdıq	buyurtdınız	buyurtdılar	-	-	-	buyurtacağıq	buyurtacaqsınız	-	-	-	-	buyurtarıq	buyurtarsınız	-	-	buyurtalım	-
bölmək	-	-	-	-	-	-	-	-	-	-	-	-	-	-	-	böləcəyik	böləcəksiniz	-	-	-	-	bölərik	bölərsiniz	-	-	-	-
bölünmək	-	-	-	-	-	-	-	-	-	-	-	-	-	-	-	bölünəcəyik	bölünəcəksiniz	-	-	-	-	bölünərik	bölünərsiniz	-	-	-	-
bölüşmək	-	-	-	-	-	-	-	-	-	-	-	-	-	-	-	bölüşəcəyik	bölüşəcəksiniz	-	-	-	-	bölüşərik	bölüşərsiniz	-	-	-	-
böyümək	-	-	-	-	-	-	-	-	-	-	-	-	-	-	-	böyüyəcəyik	böyüyəcəksiniz	-	-	-	-	böyüyərik	böyüyərsiniz	-	-	-	-
böyürmək	-	-	-	-	-	-	-	-	-	-	-	-	-	-	-	böyürəcəyik	böyürəcəksiniz	-	-	-	-	böyürərik	böyürərsiniz	-	-	-	-
böyütmək	böyüdürəm	böyüdürsən	böyüdür	böyüdürük	böyüdürsünüz	böyüdürlər	-	-	-	-	-	-	böyüdəcəyəm	böyüdəcəksən	böyüdəcək	böyüdəcəyik	böyüdəcəksiniz	böyüdəcəklər	böyüdərəm	böyüdərsən	böyüdər	böyüdərik	böyüdərsiniz	böyüdərlər	-	böyüdün	-
bükmək	-	-	-	-	-	-	-	-	-	-	-	-	-	-	-	bükəcəyik	bükəcəksiniz	-	-	-	-	bükərik	bükərsiniz	-	-	-	-
bürümək	-	-	-	-	-	-	-	-	-	-	-	-	-	-	-	bürüyəcəyik	bürüyəcəksiniz	-	-	-	-	bürüyərik	bürüyərsiniz	-	-	-	-
bürünmək	-	-	-	-	-	-	-	-	-	-	-	-	-	-	-	bürünəcəyik	bürünəcəksiniz	-	-	-	-	bürünərik	bürünərsiniz	-	-	-	-
bürüşmək	-	-	-	-	-	-	-	-	-	-	-	-	-	-	-	bürüşəcəyik	bürüşəcəksiniz	-	-	-	-	bürüşərik	bürüşərsiniz	-	-	-	-
bərkitmək	bərkidirəm	bərkidirsən	bərkidir	bərkidirik	bərkidirsiniz	bərkidirlər	-	-	-	-	-	-	bərkidəcəyəm	bərkidəcəksən	bərkidəcək	bərkidəcəyik	bərkidəcəksiniz	bərkidəcəklər	bərkidərəm	bərkidərsən	bərkidər	bərkidərik	bərkidərsiniz	bərkidərlər	-	bərkidin	-
bəzəmək	bəzəyrm	bəzəyrsn	bəzəyr	bəzəyr	bəzəyrsnz	bəzəyrlr	bəzədm	bəzədn	bəzəd	bəzəd	bəzədnz	bəzədlr	bəzəycm	bəzəycsn	bəzəyc	bəzəyc	bəzəycsnz	bəzəyclr	bəzəyrm	bəzəyrsn	bəzəyr	bəzəyr	bəzəyrsnz	bəzəyrlr	-	bəzəsnlr	bəzəm
coşmaq	coşıram	coşırsan	coşır	coşırıq	coşırsınız	coşırlar	coşdım	coşdın	coşdı	coşdıq	coşdınız	coşdılar	-	-	-	coşacağıq	coşacaqsınız	-	-	-	-	coşarıq	coşarsınız	-	-	coşalım	-
dağıtmaq	dağıdıram	dağıdırsan	dağıdır	dağıdırıq	dağıdırsınız	dağıdırlar	-	-	-	-	-	-	dağıdacağam	dağıdacaqsan	dağıdacaq	dağıdacağıq	dağıdacaqsınız	dağıdacaqlar	dağıdaram	dağıdarsan	dağıdar	dağıdarıq	dağıdarsınız	dağıdarlar	-	dağıdalım	-
diriltmək	dirildirəm	dirildirsən	dirildir	dirildirik	dirildirsiniz	dirildirlər	-	-	-	-	-	-	dirildəcəyəm	dirildəcəksən	dirildəcək	dirildəcəyik	dirildəcəksiniz	dirildəcəklər	dirildərəm	dirildərsən	dirildər	dirildərik	dirildərsiniz	dirildərlər	-	dirildin	-
doldurmaq	-	-	-	-	-	-	-	-	-	-	-	-	-	-	-	dolduracağıq	dolduracaqsınız	-	-	-	-	doldurarıq	doldurarsınız	-	-	-	-
dolmaq	-	-	-	-	-	-	-	-	-	-	-	-	-	-	-	dolacağıq	dolacaqsınız	-	-	-	-	dolarıq	dolarsınız	-	-	-	-
dondurmaq	-	-	-	-	-	-	-	-	-	-	-	-	-	-	-	donduracağıq	donduracaqsınız	-	-	-	-	dondurarıq	dondurarsınız	-	-	-	-
donmaq	-	-	-	-	-	-	-	-	-	-	-	-	-	-	-	donacağıq	donacaqsınız	-	-	-	-	donarıq	donarsınız	-	-	-	-
doydurmaq	doydurıram	doydurırsan	doydurır	doydurırıq	doydurırsınız	doydurırlar	doydurdım	doydurdın	doydurdı	doydurdıq	doydurdınız	doydurdılar	-	-	-	doyduracağıq	doyduracaqsınız	-	-	-	-	doydurarıq	doydurarsınız	-	-	doyduralım	-
doymaq	-	-	-	-	-	-	-	-	-	-	-	-	-	-	-	doyacağıq	doyacaqsınız	-	-	-	-	doyarıq	doyarsınız	-	-	-	-
doyurmaq	-	-	-	-	-	-	-	-	-	-	-	-	-	-	-	doyuracağıq	doyuracaqsınız	-	-	-	-	doyurarıq	doyurarsınız	-	-	-	-
doğmaq	-	-	-	-	-	-	-	-	-	-	-	-	-	-	-	doğacağıq	doğacaqsınız	-	-	-	-	doğarıq	doğarsınız	-	-	-	-
doğrultmaq	-	-	-	-	-	-	-	-	-	-	-	-	-	-	-	doğrultacağıq	doğrultacaqsınız	-	-	-	-	doğrultarıq	doğrultarsınız	-	-	-	-
doğulmaq	-	-	-	-	-	-	-	-	-	-	-	-	-	-	-	doğulacağıq	doğulacaqsınız	-	-	-	-	doğularıq	doğularsınız	-	-	-	-
doğurmaq	-	-	-	-	-	-	-	-	-	-	-	-	-	-	-	doğuracağıq	doğuracaqsınız	-	-	-	-	doğurarıq	doğurarsınız	-	-	-	-
durdurmaq	-	-	-	-	-	-	-	-	-	-	-	-	-	-	-	durduracağıq	durduracaqsınız	-	-	-	-	durdurarıq	durdurarsınız	-	-	-	-
durmaq	-	-	-	-	-	-	-	-	-	-	-	-	-	-	-	duracağıq	duracaqsınız	-	-	-	-	durarıq	durarsınız	-	-	-	-
durultmaq	durulduram	duruldursan	duruldur	durulduruq	duruldursunuz	duruldurlar	-	-	-	-	-	-	duruldacağam	duruldacaqsan	duruldacaq	duruldacağıq	duruldacaqsınız	duruldacaqlar	duruldaram	duruldarsan	duruldar	duruldarıq	duruldarsınız	duruldarlar	-	duruldalım	-
duruxmaq	-	-	-	-	-	-	-	-	-	-	-	-	-	-	-	duruxacağıq	duruxacaqsınız	-	-	-	-	duruxarıq	duruxarsınız	-	-	-	-
durğuzmaq	durğuzirəm	durğuzirsən	durğuzir	durğuzirik	durğuzirsiniz	durğuzirlər	durğuzdim	durğuzdin	durğuzdi	durğuzdik	durğuzdiniz	durğuzdilər	durğuzəcəyəm	durğuzəcəksən	durğuzəcək	durğuzəcəyik	durğuzəcəksiniz	durğuzəcəklər	durğuzərəm	durğuzərsən	durğuzər	durğuzərik	durğuzərsiniz	durğuzərlər	-	durğuzin	durğuzmək
duymaq	-	-	-	-	-	-	-	-	-	-	-	-	-	-	-	duyacağıq	duyacaqsınız	-	-	-	-	duyarıq	duyarsınız	-	-	-	-
dönmək	-	-	-	-	-	-	-	-	-	-	-	-	-	-	-	dönəcəyik	dönəcəksiniz	-	-	-	-	dönərik	dönərsiniz	-	-	-	-
döydürmək	döydürirəm	döydürirsən	döydürir	döydüririk	döydürirsiniz	döydürirlər	döydürdim	döydürdin	döydürdi	döydürdik	döydürdiniz	döydürdilər	-	-	-	döydürəcəyik	döydürəcəksiniz	-	-	-	-	döydürərik	döydürərsiniz	-	-	döydürin	-
döymək	-	-	-	-	-	-	-	-	-	-	-	-	-	-	-	döyəcəyik	döyəcəksiniz	-	-	-	-	döyərik	döyərsiniz	-	-	-	-
döyülmək	-	-	-	-	-	-	-	-	-	-	-	-	-	-	-	döyüləcəyik	döyüləcəksiniz	-	-	-	-	döyülərik	döyülərsiniz	-	-	-	-
döyünmək	-	-	-	-	-	-	-	-	-	-	-	-	-	-	-	döyünəcəyik	döyünəcəksiniz	-	-	-	-	döyünərik	döyünərsiniz	-	-	-	-
döyüşmək	döyüşuram	döyüşursan	döyüşur	döyüşuruq	döyüşursunuz	döyüşurlar	döyüşdum	döyüşdun	döyüşdu	döyüşduq	döyüşdunuz	döyüşdular	döyüşacağam	döyüşacaqsan	döyüşacaq	döyüşacağıq	döyüşacaqsınız	döyüşacaqlar	döyüşaram	döyüşarsan	döyüşar	döyüşarıq	döyüşarsınız	döyüşarlar	-	döyüşalım	döyüşmaq
dözmək	-	-	-	-	-	-	-	-	-	-	-	-	-	-	-	dözəcəyik	dözəcəksiniz	-	-	-	-	dözərik	dözərsiniz	-	-	-	-
dözülmək	-	-	-	-	-	-	-	-	-	-	-	-	-	-	-	dözüləcəyik	dözüləcəksiniz	-	-	-	-	dözülərik	dözülərsiniz	-	-	-	-
dürtmək	-	-	-	-	-	-	-	-	-	-	-	-	-	-	-	dürtəcəyik	dürtəcəksiniz	-	-	-	-	dürtərik	dürtərsiniz	-	-	-	-
düymək	-	-	-	-	-	-	-	-	-	-	-	-	-	-	-	düyəcəyik	düyəcəksiniz	-	-	-	-	düyərik	düyərsiniz	-	-	-	-
düzmək	-	-	-	-	-	-	-	-	-	-	-	-	-	-	-	düzəcəyik	düzəcəksiniz	-	-	-	-	düzərik	düzərsiniz	-	-	-	-
düzəltmək	düzəldirəm	düzəldirsən	düzəldir	düzəldirik	düzəldirsiniz	düzəldirlər	-	-	-	-	-	-	düzəldəcəyəm	düzəldəcəksən	düzəldəcək	düzəldəcəyik	düzəldəcəksiniz	düzəldəcəklər	düzəldərəm	düzəldərsən	düzəldər	düzəldərik	düzəldərsiniz	düzəldərlər	-	düzəldin	-
düşmək	-	-	-	-	-	-	-	-	-	-	-	-	-	-	-	düşəcəyik	düşəcəksiniz	-	-	-	-	düşərik	düşərsiniz	-	-	-	-
düşünmək	-	-	-	-	-	-	-	-	-	-	-	-	-	-	-	düşünəcəyik	düşünəcəksiniz	-	-	-	-	düşünərik	düşünərsiniz	-	-	-	-
düşürmək	-	-	-	-	-	-	-	-	-	-	-	-	-	-	-	düşürəcəyik	düşürəcəksiniz	-	-	-	-	düşürərik	düşürərsiniz	-	-	-	-
etmək	edirəm	edirsən	edir	edirik	edirsiniz	edirlər	-	-	-	-	-	-	edəcəyəm	edəcəksən	edəcək	edəcəyik	edəcəksiniz	edəcəklər	edərəm	edərsən	edər	edərik	edərsiniz	edərlər	-	edin	-
eşitmək	eşidirəm	eşidirsən	eşidir	eşidirik	eşidirsiniz	eşidirlər	-	-	-	-	-	-	eşidəcəyəm	eşidəcəksən	eşidəcək	eşidəcəyik	eşidəcəksiniz	eşidəcəklər	eşidərəm	eşidərsən	eşidər	eşidərik	eşidərsiniz	eşidərlər	-	eşidin	-
eşələmək	eşələyıram	eşələyırsan	eşələyır	eşələyırıq	eşələyırsınız	eşələyırlar	eşələdım	eşələdın	eşələdı	eşələdıq	eşələdınız	eşələdılar	eşələyacağam	eşələyacaqsan	eşələyacaq	eşələyacağıq	eşələyacaqsınız	eşələyacaqlar	eşələyaram	eşələyarsan	eşələyar	eşələyarıq	eşələyarsınız	eşələyarlar	-	eşələsınlar	eşələmaq
fırlatmaq	fırladıram	fırladırsan	fırladır	fırladırıq	fırladırsınız	fırladırlar	-	-	-	-	-	-	fırladacağam	fırladacaqsan	fırladacaq	fırladacağıq	fırladacaqsınız	fırladacaqlar	fırladaram	fırladarsan	fırladar	fırladarıq	fırladarsınız	fırladarlar	-	fırladalım	-
getmək	gedirəm	gedirsən	gedir	gedirik	gedirsiniz	gedirlər	-	-	-	-	-	-	gedəcəyəm	gedəcəksən	gedəcək	gedəcəyik	gedəcəksiniz	gedəcəklər	gedərəm	gedərsən	gedər	gedərik	gedərsiniz	gedərlər	-	gedin	-
gizlətmək	gizlədirəm	gizlədirsən	gizlədir	gizlədirik	gizlədirsiniz	gizlədirlər	-	-	-	-	-	-	gizlədəcəyəm	gizlədəcəksən	gizlədəcək	gizlədəcəyik	gizlədəcəksiniz	gizlədəcəklər	gizlədərəm	gizlədərsən	gizlədər	gizlədərik	gizlədərsiniz	gizlədərlər	-	gizlədin	-
gömmək	-	-	-	-	-	-	-	-	-	-	-	-	-	-	-	göməcəyik	göməcəksiniz	-	-	-	-	gömərik	gömərsiniz	-	-	-	-
gördürmək	gördürirəm	gördürirsən	gördürir	gördüririk	gördürirsiniz	gördürirlər	gördürdim	gördürdin	gördürdi	gördürdik	gördürdiniz	gördürdilər	-	-	-	gördürəcəyik	gördürəcəksiniz	-	-	-	-	gördürərik	gördürərsiniz	-	-	gördürin	-
görmək	-	-	-	-	-	-	-	-	-	-	-	-	-	-	-	görəcəyik	görəcəksiniz	-	-	-	-	görərik	görərsiniz	-	-	-	-
görüb-götürmək	görüb-götürirəm	görüb-götürirsən	görüb-götürir	görüb-götüririk	görüb-götürirsiniz	görüb-götürirlər	görüb-götürdim	görüb-götürdin	görüb-götürdi	görüb-götürdik	görüb-götürdiniz	görüb-götürdilər	-	-	-	görüb-götürəcəyik	görüb-götürəcəksiniz	-	-	-	-	görüb-götürərik	görüb-götürərsiniz	-	-	görüb-götürin	-
görünmək	-	-	-	-	-	-	-	-	-	-	-	-	-	-	-	görünəcəyik	görünəcəksiniz	-	-	-	-	görünərik	görünərsiniz	-	-	-	-
görüşdürmək	-	-	-	-	-	-	-	-	-	-	-	-	-	-	-	görüşdürəcəyik	görüşdürəcəksiniz	-	-	-	-	görüşdürərik	görüşdürərsiniz	-	-	-	-
görüşmək	-	-	-	-	-	-	-	-	-	-	-	-	-	-	-	görüşəcəyik	görüşəcəksiniz	-	-	-	-	görüşərik	görüşərsiniz	-	-	-	-
götürmək	-	-	-	-	-	-	-	-	-	-	-	-	-	-	-	götürəcəyik	götürəcəksiniz	-	-	-	-	götürərik	götürərsiniz	-	-	-	-
güdmək	-	-	-	-	-	-	-	-	-	-	-	-	-	-	-	güdəcəyik	güdəcəksiniz	-	-	-	-	güdərik	güdərsiniz	-	-	-	-
güldürmək	-	-	-	-	-	-	-	-	-	-	-	-	-	-	-	güldürəcəyik	güldürəcəksiniz	-	-	-	-	güldürərik	güldürərsiniz	-	-	-	-
güllələnmək	güllələnıram	güllələnırsan	güllələnır	güllələnırıq	güllələnırsınız	güllələnırlar	güllələndım	güllələndın	güllələndı	güllələndıq	güllələndınız	güllələndılar	güllələnacağam	güllələnacaqsan	güllələnacaq	güllələnacağıq	güllələnacaqsınız	güllələnacaqlar	güllələnaram	güllələnarsan	güllələnar	güllələnarıq	güllələnarsınız	güllələnarlar	-	güllələnalım	güllələnmaq
gülmək	-	-	-	-	-	-	-	-	-	-	-	-	-	-	-	güləcəyik	güləcəksiniz	-	-	-	-	gülərik	gülərsiniz	-	-	-	-
hopdurmaq	-	-	-	-	-	-	-	-	-	-	-	-	-	-	-	hopduracağıq	hopduracaqsınız	-	-	-	-	hopdurarıq	hopdurarsınız	-	-	-	-
hopmaq	-	-	-	-	-	-	-	-	-	-	-	-	-	-	-	hopacağıq	hopacaqsınız	-	-	-	-	hoparıq	hoparsınız	-	-	-	-
hörmək	-	-	-	-	-	-	-	-	-	-	-	-	-	-	-	hörəcəyik	hörəcəksiniz	-	-	-	-	hörərik	hörərsiniz	-	-	-	-
hürkmək	-	-	-	-	-	-	-	-	-	-	-	-	-	-	-	hürkəcəyik	hürkəcəksiniz	-	-	-	-	hürkərik	hürkərsiniz	-	-	-	-
hürmək	-	-	-	-	-	-	-	-	-	-	-	-	-	-	-	hürəcəyik	hürəcəksiniz	-	-	-	-	hürərik	hürərsiniz	-	-	-	-
imək	deyiləm	deyilsən	deyildir	deyilik	deyilsiniz	deyildirlər	-	-	-	-	-	-	-	-	-	-	-	-	-	-	-	-	-	-	-	-	-
incitmək	incidirəm	incidirsən	incidir	incidirik	incidirsiniz	incidirlər	-	-	-	-	-	-	incidəcəyəm	incidəcəksən	incidəcək	incidəcəyik	incidəcəksiniz	incidəcəklər	incidərəm	incidərsən	incidər	incidərik	incidərsiniz	incidərlər	-	incidin	-
islatmaq	isladıram	isladırsan	isladır	isladırıq	isladırsınız	isladırlar	-	-	-	-	-	-	isladacağam	isladacaqsan	isladacaq	isladacağıq	isladacaqsınız	isladacaqlar	isladaram	isladarsan	isladar	isladarıq	isladarsınız	isladarlar	-	isladalım	-
işlətmək	işlədirəm	işlədirsən	işlədir	işlədirik	işlədirsiniz	işlədirlər	-	-	-	-	-	-	işlədəcəyəm	işlədəcəksən	işlədəcək	işlədəcəyik	işlədəcəksiniz	işlədəcəklər	işlədərəm	işlədərsən	işlədər	işlədərik	işlədərsiniz	işlədərlər	-	işlədin	-
kilidlətmək	kilidlədirəm	kilidlədirsən	kilidlədir	kilidlədirik	kilidlədirsiniz	kilidlədirlər	-	-	-	-	-	-	kilidlədəcəyəm	kilidlədəcəksən	kilidlədəcək	kilidlədəcəyik	kilidlədəcəksiniz	kilidlədəcəklər	kilidlədərəm	kilidlədərsən	kilidlədər	kilidlədərik	kilidlədərsiniz	kilidlədərlər	-	kilidlədin	-
kökləmək	kökləyıram	kökləyırsan	kökləyır	kökləyırıq	kökləyırsınız	kökləyırlar	köklədım	köklədın	köklədı	köklədıq	köklədınız	köklədılar	kökləyacağam	kökləyacaqsan	kökləyacaq	kökləyacağıq	kökləyacaqsınız	kökləyacaqlar	kökləyaram	kökləyarsan	kökləyar	kökləyarıq	kökləyarsınız	kökləyarlar	-	kökləsınlar	kökləmaq
köçmək	-	-	-	-	-	-	-	-	-	-	-	-	-	-	-	köçəcəyik	köçəcəksiniz	-	-	-	-	köçərik	köçərsiniz	-	-	-	-
köçürmək	-	-	-	-	-	-	-	-	-	-	-	-	-	-	-	köçürəcəyik	köçürəcəksiniz	-	-	-	-	köçürərik	köçürərsiniz	-	-	-	-
küsmək	-	-	-	-	-	-	-	-	-	-	-	-	-	-	-	küsəcəyik	küsəcəksiniz	-	-	-	-	küsərik	küsərsiniz	-	-	-	-
ləngitmək	ləngidirəm	ləngidirsən	ləngidir	ləngidirik	ləngidirsiniz	ləngidirlər	-	-	-	-	-	-	ləngidəcəyəm	ləngidəcəksən	ləngidəcək	ləngidəcəyik	ləngidəcəksiniz	ləngidəcəklər	ləngidərəm	ləngidərsən	ləngidər	ləngidərik	ləngidərsiniz	ləngidərlər	-	ləngidin	-
mürgüləmək	mürgüləyürəm	mürgüləyürsən	mürgüləyür	mürgüləyürük	mürgüləyürsünüz	mürgüləyürlər	mürgülədüm	mürgülədün	mürgülədü	mürgülədük	mürgülədünüz	mürgülədülər	-	-	-	-	-	-	-	-	-	-	-	-	-	mürgüləsünlər	-
məskunlaşdırmaq	məskunlaşdırrm	məskunlaşdırrsn	məskunlaşdırr	məskunlaşdırr	məskunlaşdırrsnz	məskunlaşdırrlr	məskunlaşdırdm	məskunlaşdırdn	məskunlaşdırd	məskunlaşdırd	məskunlaşdırdnz	məskunlaşdırdlr	məskunlaşdırcm	məskunlaşdırcsn	məskunlaşdırc	məskunlaşdırc	məskunlaşdırcsnz	məskunlaşdırclr	məskunlaşdırrm	məskunlaşdırrsn	məskunlaşdırr	məskunlaşdırr	məskunlaşdırrsnz	məskunlaşdırrlr	-	məskunlaşdır	məskunlaşdırm
olmaq	-	-	-	-	-	-	-	-	-	-	-	-	-	-	-	olacağıq	olacaqsınız	-	-	-	-	olarıq	olarsınız	-	-	-	-
osturmaq	-	-	-	-	-	-	-	-	-	-	-	-	-	-	-	osturacağıq	osturacaqsınız	-	-	-	-	osturarıq	osturarsınız	-	-	-	-
osurmaq	-	-	-	-	-	-	-	-	-	-	-	-	-	-	-	osuracağıq	osuracaqsınız	-	-	-	-	osurarıq	osurarsınız	-	-	-	-
oturmaq	-	-	-	-	-	-	-	-	-	-	-	-	-	-	-	oturacağıq	oturacaqsınız	-	-	-	-	oturarıq	oturarsınız	-	-	-	-
oturub-durmaq	oturub-durıram	oturub-durırsan	oturub-durır	oturub-durırıq	oturub-durırsınız	oturub-durırlar	oturub-durdım	oturub-durdın	oturub-durdı	oturub-durdıq	oturub-durdınız	oturub-durdılar	-	-	-	oturub-duracağıq	oturub-duracaqsınız	-	-	-	-	oturub-durarıq	oturub-durarsınız	-	-	oturub-duralım	-
oturuşmaq	-	-	-	-	-	-	-	-	-	-	-	-	-	-	-	oturuşacağıq	oturuşacaqsınız	-	-	-	-	oturuşarıq	oturuşarsınız	-	-	-	-
otuzdurmaq	-	-	-	-	-	-	-	-	-	-	-	-	-	-	-	otuzduracağıq	otuzduracaqsınız	-	-	-	-	otuzdurarıq	otuzdurarsınız	-	-	-	-
ovmaq	-	-	-	-	-	-	-	-	-	-	-	-	-	-	-	ovacağıq	ovacaqsınız	-	-	-	-	ovarıq	ovarsınız	-	-	-	-
ovundurmaq	ovundurıram	ovundurırsan	ovundurır	ovundurırıq	ovundurırsınız	ovundurırlar	ovundurdım	ovundurdın	ovundurdı	ovundurdıq	ovundurdınız	ovundurdılar	-	-	-	ovunduracağıq	ovunduracaqsınız	-	-	-	-	ovundurarıq	ovundurarsınız	-	-	ovunduralım	-
ovunmaq	-	-	-	-	-	-	-	-	-	-	-	-	-	-	-	ovunacağıq	ovunacaqsınız	-	-	-	-	ovunarıq	ovunarsınız	-	-	-	-
ovutmaq	ovuduram	ovudursan	ovudur	ovuduruq	ovudursunuz	ovudurlar	-	-	-	-	-	-	ovudacağam	ovudacaqsan	ovudacaq	ovudacağıq	ovudacaqsınız	ovudacaqlar	ovudaram	ovudarsan	ovudar	ovudarıq	ovudarsınız	ovudarlar	-	ovudalım	-
ovuşdurmaq	-	-	-	-	-	-	-	-	-	-	-	-	-	-	-	ovuşduracağıq	ovuşduracaqsınız	-	-	-	-	ovuşdurarıq	ovuşdurarsınız	-	-	-	-
oxumaq	-	-	-	-	-	-	-	-	-	-	-	-	-	-	-	oxuyacağıq	oxuyacaqsınız	-	-	-	-	oxuyarıq	oxuyarsınız	-	-	-	-
oxunmaq	-	-	-	-	-	-	-	-	-	-	-	-	-	-	-	oxunacağıq	oxunacaqsınız	-	-	-	-	oxunarıq	oxunarsınız	-	-	-	-
oxutdurmaq	-	-	-	-	-	-	-	-	-	-	-	-	-	-	-	oxutduracağıq	oxutduracaqsınız	-	-	-	-	oxutdurarıq	oxutdurarsınız	-	-	-	-
oxutmaq	oxuduram	oxudursan	oxudur	oxuduruq	oxudursunuz	oxudurlar	-	-	-	-	-	-	oxudacağam	oxudacaqsan	oxudacaq	oxudacağıq	oxudacaqsınız	oxudacaqlar	oxudaram	oxudarsan	oxudar	oxudarıq	oxudarsınız	oxudarlar	-	oxudalım	-
oxuşmaq	-	-	-	-	-	-	-	-	-	-	-	-	-	-	-	oxuşacağıq	oxuşacaqsınız	-	-	-	-	oxuşarıq	oxuşarsınız	-	-	-	-
oyatmaq	oyadıram	oyadırsan	oyadır	oyadırıq	oyadırsınız	oyadırlar	-	-	-	-	-	-	oyadacağam	oyadacaqsan	oyadacaq	oyadacağıq	oyadacaqsınız	oyadacaqlar	oyadaram	oyadarsan	oyadar	oyadarıq	oyadarsınız	oyadarlar	-	oyadalım	-
oymaq	-	-	-	-	-	-	-	-	-	-	-	-	-	-	-	oyacağıq	oyacaqsınız	-	-	-	-	oyarıq	oyarsınız	-	-	-	-
oynatmaq	oynadıram	oynadırsan	oynadır	oynadırıq	oynadırsınız	oynadırlar	-	-	-	-	-	-	oynadacağam	oynadacaqsan	oynadacaq	oynadacağıq	oynadacaqsınız	oynadacaqlar	oynadaram	oynadarsan	oynadar	oynadarıq	oynadarsınız	oynadarlar	-	oynadalım	-
partlatmaq	partladıram	partladırsan	partladır	partladırıq	partladırsınız	partladırlar	-	-	-	-	-	-	partladacağam	partladacaqsan	partladacaq	partladacağıq	partladacaqsınız	partladacaqlar	partladaram	partladarsan	partladar	partladarıq	partladarsınız	partladarlar	-	partladalım	-
paylamaq	paylayrm	paylayrsn	paylayr	paylayr	paylayrsnz	paylayrlr	payladm	payladn	paylad	paylad	payladnz	payladlr	paylaycm	paylaycsn	paylayc	paylayc	paylaycsnz	paylayclr	paylayrm	paylayrsn	paylayr	paylayr	paylayrsnz	paylayrlr	-	paylasnlr	paylam
pozmaq	-	-	-	-	-	-	-	-	-	-	-	-	-	-	-	pozacağıq	pozacaqsınız	-	-	-	-	pozarıq	pozarsınız	-	-	-	-
pozulmaq	-	-	-	-	-	-	-	-	-	-	-	-	-	-	-	pozulacağıq	pozulacaqsınız	-	-	-	-	pozularıq	pozularsınız	-	-	-	-
pusmaq	-	-	-	-	-	-	-	-	-	-	-	-	-	-	-	pusacağıq	pusacaqsınız	-	-	-	-	pusarıq	pusarsınız	-	-	-	-
qaynatmaq	qaynadıram	qaynadırsan	qaynadır	qaynadırıq	qaynadırsınız	qaynadırlar	-	-	-	-	-	-	qaynadacağam	qaynadacaqsan	qaynadacaq	qaynadacağıq	qaynadacaqsınız	qaynadacaqlar	qaynadaram	qaynadarsan	qaynadar	qaynadarıq	qaynadarsınız	qaynadarlar	-	qaynadalım	-
qayıtmaq	qayıdıram	qayıdırsan	qayıdır	qayıdırıq	qayıdırsınız	qayıdırlar	-	-	-	-	-	-	qayıdacağam	qayıdacaqsan	qayıdacaq	qayıdacağıq	qayıdacaqsınız	qayıdacaqlar	qayıdaram	qayıdarsan	qayıdar	qayıdarıq	qayıdarsınız	qayıdarlar	-	qayıdalım	-
qocaltmaq	qocaldıram	qocaldırsan	qocaldır	qocaldırıq	qocaldırsınız	qocaldırlar	-	-	-	-	-	-	qocaldacağam	qocaldacaqsan	qocaldacaq	qocaldacağıq	qocaldacaqsınız	qocaldacaqlar	qocaldaram	qocaldarsan	qocaldar	qocaldarıq	qocaldarsınız	qocaldarlar	-	qocaldalım	-
qonmaq	-	-	-	-	-	-	-	-	-	-	-	-	-	-	-	qonacağıq	qonacaqsınız	-	-	-	-	qonarıq	qonarsınız	-	-	-	-
qopmaq	-	-	-	-	-	-	-	-	-	-	-	-	-	-	-	qopacağıq	qopacaqsınız	-	-	-	-	qoparıq	qoparsınız	-	-	-	-
qorumaq	-	-	-	-	-	-	-	-	-	-	-	-	-	-	-	qoruyacağıq	qoruyacaqsınız	-	-	-	-	qoruyarıq	qoruyarsınız	-	-	-	-
qorunmaq	-	-	-	-	-	-	-	-	-	-	-	-	-	-	-	qorunacağıq	qorunacaqsınız	-	-	-	-	qorunarıq	qorunarsınız	-	-	-	-
qorxmaq	-	-	-	-	-	-	-	-	-	-	-	-	-	-	-	qorxacağıq	qorxacaqsınız	-	-	-	-	qorxarıq	qorxarsınız	-	-	-	-
qorxutmaq	qorxuduram	qorxudursan	qorxudur	qorxuduruq	qorxudursunuz	qorxudurlar	-	-	-	-	-	-	qorxudacağam	qorxudacaqsan	qorxudacaq	qorxudacağıq	qorxudacaqsınız	qorxudacaqlar	qorxudaram	qorxudarsan	qorxudar	qorxudarıq	qorxudarsınız	qorxudarlar	-	qorxudalım	-
qorxuzmaq	-	-	-	-	-	-	-	-	-	-	-	-	-	-	-	qorxuzacağıq	qorxuzacaqsınız	-	-	-	-	qorxuzarıq	qorxuzarsınız	-	-	-	-
qovmaq	-	-	-	-	-	-	-	-	-	-	-	-	-	-	-	qovacağıq	qovacaqsınız	-	-	-	-	qovarıq	qovarsınız	-	-	-	-
qovulmaq	-	-	-	-	-	-	-	-	-	-	-	-	-	-	-	qovulacağıq	qovulacaqsınız	-	-	-	-	qovularıq	qovularsınız	-	-	-	-
qovurmaq	-	-	-	-	-	-	-	-	-	-	-	-	-	-	-	qovuracağıq	qovuracaqsınız	-	-	-	-	qovurarıq	qovurarsınız	-	-	-	-
qovuşdurmaq	-	-	-	-	-	-	-	-	-	-	-	-	-	-	-	qovuşduracağıq	qovuşduracaqsınız	-	-	-	-	qovuşdurarıq	qovuşdurarsınız	-	-	-	-
qovuşmaq	-	-	-	-	-	-	-	-	-	-	-	-	-	-	-	qovuşacağıq	qovuşacaqsınız	-	-	-	-	qovuşarıq	qovuşarsınız	-	-	-	-
qoxulamaq	qoxulayuram	qoxulayursan	qoxulayur	qoxulayuruq	qoxulayursunuz	qoxulayurlar	qoxuladum	qoxuladun	qoxuladu	qoxuladuq	qoxuladunuz	qoxuladular	-	-	-	-	-	-	-	-	-	-	-	-	-	qoxulasunlar	-
qoxumaq	qoxuyıram	qoxuyırsan	qoxuyır	qoxuyırıq	qoxuyırsınız	qoxuyırlar	qoxudım	qoxudın	qoxudı	qoxudıq	qoxudınız	qoxudılar	-	-	-	qoxuyacağıq	qoxuyacaqsınız	-	-	-	-	qoxuyarıq	qoxuyarsınız	-	-	qoxusınlar	-
qoydurmaq	-	-	-	-	-	-	-	-	-	-	-	-	-	-	-	qoyduracağıq	qoyduracaqsınız	-	-	-	-	qoydurarıq	qoydurarsınız	-	-	-	-
qoymaq	-	-	-	-	-	-	-	-	-	-	-	-	-	-	-	qoyacağıq	qoyacaqsınız	-	-	-	-	qoyarıq	qoyarsınız	-	-	-	-
qoyulmaq	qoyulıram	qoyulırsan	qoyulır	qoyulırıq	qoyulırsınız	qoyulırlar	qoyuldım	qoyuldın	qoyuldı	qoyuldıq	qoyuldınız	qoyuldılar	-	-	-	qoyulacağıq	qoyulacaqsınız	-	-	-	-	qoyularıq	qoyularsınız	-	-	qoyulalım	-
qoşmaq	-	-	-	-	-	-	-	-	-	-	-	-	-	-	-	qoşacağıq	qoşacaqsınız	-	-	-	-	qoşarıq	qoşarsınız	-	-	-	-
qoşulmaq	-	-	-	-	-	-	-	-	-	-	-	-	-	-	-	qoşulacağıq	qoşulacaqsınız	-	-	-	-	qoşularıq	qoşularsınız	-	-	-	-
qudurmaq	-	-	-	-	-	-	-	-	-	-	-	-	-	-	-	quduracağıq	quduracaqsınız	-	-	-	-	qudurarıq	qudurarsınız	-	-	-	-
quraşmaq	quraşrm	quraşrsn	quraşr	quraşr	quraşrsnz	quraşrlr	quraşdm	quraşdn	quraşd	quraşd	quraşdnz	quraşdlr	quraşcm	quraşcsn	quraşc	quraşc	quraşcsnz	quraşclr	quraşrm	quraşrsn	quraşr	quraşr	quraşrsnz	quraşrlr	-	quraş	quraşm
qurmaq	-	-	-	-	-	-	-	-	-	-	-	-	-	-	-	quracağıq	quracaqsınız	-	-	-	-	qurarıq	qurarsınız	-	-	-	-
qurtulmaq	-	-	-	-	-	-	-	-	-	-	-	-	-	-	-	qurtulacağıq	qurtulacaqsınız	-	-	-	-	qurtularıq	qurtularsınız	-	-	-	-
qurumaq	-	-	-	-	-	-	-	-	-	-	-	-	-	-	-	quruyacağıq	quruyacaqsınız	-	-	-	-	quruyarıq	quruyarsınız	-	-	-	-
qurutmaq	quruduram	qurudursan	qurudur	quruduruq	qurudursunuz	qurudurlar	-	-	-	-	-	-	qurudacağam	qurudacaqsan	qurudacaq	qurudacağıq	qurudacaqsınız	qurudacaqlar	qurudaram	qurudarsan	qurudar	qurudarıq	qurudarsınız	qurudarlar	-	qurudalım	-
qusmaq	-	-	-	-	-	-	-	-	-	-	-	-	-	-	-	qusacağıq	qusacaqsınız	-	-	-	-	qusarıq	qusarsınız	-	-	-	-
qızartmaq	qızardıram	qızardırsan	qızardır	qızardırıq	qızardırsınız	qızardırlar	-	-	-	-	-	-	qızardacağam	qızardacaqsan	qızardacaq	qızardacağıq	qızardacaqsınız	qızardacaqlar	qızardaram	qızardarsan	qızardar	qızardarıq	qızardarsınız	qızardarlar	-	qızardalım	-
sarsıtmaq	sarsıdıram	sarsıdırsan	sarsıdır	sarsıdırıq	sarsıdırsınız	sarsıdırlar	-	-	-	-	-	-	sarsıdacağam	sarsıdacaqsan	sarsıdacaq	sarsıdacağıq	sarsıdacaqsınız	sarsıdacaqlar	sarsıdaram	sarsıdarsan	sarsıdar	sarsıdarıq	sarsıdarsınız	sarsıdarlar	-	sarsıdalım	-
satıb-sovmaq	-	-	-	-	-	-	-	-	-	-	-	-	-	-	-	satıb-sovacağıq	satıb-sovacaqsınız	-	-	-	-	satıb-sovarıq	satıb-sovarsınız	-	-	-	-
sazlamaq	sazlayrm	sazlayrsn	sazlayr	sazlayr	sazlayrsnz	sazlayrlr	sazladm	sazladn	sazlad	sazlad	sazladnz	sazladlr	sazlaycm	sazlaycsn	sazlayc	sazlayc	sazlaycsnz	sazlayclr	sazlayrm	sazlayrsn	sazlayr	sazlayr	sazlayrsnz	sazlayrlr	-	sazlasnlr	sazlam
sağaltmaq	sağaldıram	sağaldırsan	sağaldır	sağaldırıq	sağaldırsınız	sağaldırlar	-	-	-	-	-	-	sağaldacağam	sağaldacaqsan	sağaldacaq	sağaldacağıq	sağaldacaqsınız	sağaldacaqlar	sağaldaram	sağaldarsan	sağaldar	sağaldarıq	sağaldarsınız	sağaldarlar	-	sağaldalım	-
solmaq	-	-	-	-	-	-	-	-	-	-	-	-	-	-	-	solacağıq	solacaqsınız	-	-	-	-	solarıq	solarsınız	-	-	-	-
sormaq	-	-	-	-	-	-	-	-	-	-	-	-	-	-	-	soracağıq	soracaqsınız	-	-	-	-	sorarıq	sorarsınız	-	-	-	-
soruşmaq	-	-	-	-	-	-	-	-	-	-	-	-	-	-	-	soruşacağıq	soruşacaqsınız	-	-	-	-	soruşarıq	soruşarsınız	-	-	-	-
sovulmaq	-	-	-	-	-	-	-	-	-	-	-	-	-	-	-	sovulacağıq	sovulacaqsınız	-	-	-	-	sovularıq	sovularsınız	-	-	-	-
sovurmaq	-	-	-	-	-	-	-	-	-	-	-	-	-	-	-	sovuracağıq	sovuracaqsınız	-	-	-	-	sovurarıq	sovurarsınız	-	-	-	-
soxmaq	-	-	-	-	-	-	-	-	-	-	-	-	-	-	-	soxacağıq	soxacaqsınız	-	-	-	-	soxarıq	soxarsınız	-	-	-	-
soxulmaq	-	-	-	-	-	-	-	-	-	-	-	-	-	-	-	soxulacağıq	soxulacaqsınız	-	-	-	-	soxularıq	soxularsınız	-	-	-	-
soxuşdurmaq	-	-	-	-	-	-	-	-	-	-	-	-	-	-	-	soxuşduracağıq	soxuşduracaqsınız	-	-	-	-	soxuşdurarıq	soxuşdurarsınız	-	-	-	-
soymaq	-	-	-	-	-	-	-	-	-	-	-	-	-	-	-	soyacağıq	soyacaqsınız	-	-	-	-	soyarıq	soyarsınız	-	-	-	-
soyumaq	-	-	-	-	-	-	-	-	-	-	-	-	-	-	-	soyuyacağıq	soyuyacaqsınız	-	-	-	-	soyuyarıq	soyuyarsınız	-	-	-	-
soyunmaq	-	-	-	-	-	-	-	-	-	-	-	-	-	-	-	soyunacağıq	soyunacaqsınız	-	-	-	-	soyunarıq	soyunarsınız	-	-	-	-
soyutmaq	soyuduram	soyudursan	soyudur	soyuduruq	soyudursunuz	soyudurlar	-	-	-	-	-	-	soyudacağam	soyudacaqsan	soyudacaq	soyudacağıq	soyudacaqsınız	soyudacaqlar	soyudaram	soyudarsan	soyudar	soyudarıq	soyudarsınız	soyudarlar	-	soyudalım	-
susdurmaq	-	-	-	-	-	-	-	-	-	-	-	-	-	-	-	susduracağıq	susduracaqsınız	-	-	-	-	susdurarıq	susdurarsınız	-	-	-	-
susmaq	-	-	-	-	-	-	-	-	-	-	-	-	-	-	-	susacağıq	susacaqsınız	-	-	-	-	susarıq	susarsınız	-	-	-	-
sökmək	-	-	-	-	-	-	-	-	-	-	-	-	-	-	-	sökəcəyik	sökəcəksiniz	-	-	-	-	sökərik	sökərsiniz	-	-	-	-
söndürmək	-	-	-	-	-	-	-	-	-	-	-	-	-	-	-	söndürəcəyik	söndürəcəksiniz	-	-	-	-	söndürərik	söndürərsiniz	-	-	-	-
sönmək	-	-	-	-	-	-	-	-	-	-	-	-	-	-	-	sönəcəyik	sönəcəksiniz	-	-	-	-	sönərik	sönərsiniz	-	-	-	-
söymək	-	-	-	-	-	-	-	-	-	-	-	-	-	-	-	söyəcəyik	söyəcəksiniz	-	-	-	-	söyərik	söyərsiniz	-	-	-	-
sözləşmək	sözləşıram	sözləşırsan	sözləşır	sözləşırıq	sözləşırsınız	sözləşırlar	sözləşdım	sözləşdın	sözləşdı	sözləşdıq	sözləşdınız	sözləşdılar	sözləşacağam	sözləşacaqsan	sözləşacaq	sözləşacağıq	sözləşacaqsınız	sözləşacaqlar	sözləşaram	sözləşarsan	sözləşar	sözləşarıq	sözləşarsınız	sözləşarlar	-	sözləşalım	sözləşmaq
sümürmək	-	-	-	-	-	-	-	-	-	-	-	-	-	-	-	sümürəcəyik	sümürəcəksiniz	-	-	-	-	sümürərik	sümürərsiniz	-	-	-	-
süpürmək	-	-	-	-	-	-	-	-	-	-	-	-	-	-	-	süpürəcəyik	süpürəcəksiniz	-	-	-	-	süpürərik	süpürərsiniz	-	-	-	-
sürmək	-	-	-	-	-	-	-	-	-	-	-	-	-	-	-	sürəcəyik	sürəcəksiniz	-	-	-	-	sürərik	sürərsiniz	-	-	-	-
sürtmək	-	-	-	-	-	-	-	-	-	-	-	-	-	-	-	sürtəcəyik	sürtəcəksiniz	-	-	-	-	sürtərik	sürtərsiniz	-	-	-	-
sürtünmək	sürtünirəm	sürtünirsən	sürtünir	sürtünirik	sürtünirsiniz	sürtünirlər	sürtündim	sürtündin	sürtündi	sürtündik	sürtündiniz	sürtündilər	-	-	-	sürtünəcəyik	sürtünəcəksiniz	-	-	-	-	sürtünərik	sürtünərsiniz	-	-	sürtünin	-
sürümək	-	-	-	-	-	-	-	-	-	-	-	-	-	-	-	sürüyəcəyik	sürüyəcəksiniz	-	-	-	-	sürüyərik	sürüyərsiniz	-	-	-	-
sürünmək	-	-	-	-	-	-	-	-	-	-	-	-	-	-	-	sürünəcəyik	sürünəcəksiniz	-	-	-	-	sürünərik	sürünərsiniz	-	-	-	-
sürüşmək	-	-	-	-	-	-	-	-	-	-	-	-	-	-	-	sürüşəcəyik	sürüşəcəksiniz	-	-	-	-	sürüşərik	sürüşərsiniz	-	-	-	-
süzmək	-	-	-	-	-	-	-	-	-	-	-	-	-	-	-	süzəcəyik	süzəcəksiniz	-	-	-	-	süzərik	süzərsiniz	-	-	-	-
süzülmək	süzülirəm	süzülirsən	süzülir	süzülirik	süzülirsiniz	süzülirlər	süzüldim	süzüldin	süzüldi	süzüldik	süzüldiniz	süzüldilər	-	-	-	süzüləcəyik	süzüləcəksiniz	-	-	-	-	süzülərik	süzülərsiniz	-	-	süzülin	-
sənədləşdirmək	sənədləşdirıram	sənədləşdirırsan	sənədləşdirır	sənədləşdirırıq	sənədləşdirırsınız	sənədləşdirırlar	sənədləşdirdım	sənədləşdirdın	sənədləşdirdı	sənədləşdirdıq	sənədləşdirdınız	sənədləşdirdılar	sənədləşdiracağam	sənədləşdiracaqsan	sənədləşdiracaq	sənədləşdiracağıq	sənədləşdiracaqsınız	sənədləşdiracaqlar	sənədləşdiraram	sənədləşdirarsan	sənədləşdirar	sənədləşdirarıq	sənədləşdirarsınız	sənədləşdirarlar	-	sənədləşdiralım	sənədləşdirmaq
səpələmək	səpələyıram	səpələyırsan	səpələyır	səpələyırıq	səpələyırsınız	səpələyırlar	səpələdım	səpələdın	səpələdı	səpələdıq	səpələdınız	səpələdılar	səpələyacağam	səpələyacaqsan	səpələyacaq	səpələyacağıq	səpələyacaqsınız	səpələyacaqlar	səpələyaram	səpələyarsan	səpələyar	səpələyarıq	səpələyarsınız	səpələyarlar	-	səpələsınlar	səpələmaq
tanıtmaq	tanıdıram	tanıdırsan	tanıdır	tanıdırıq	tanıdırsınız	tanıdırlar	-	-	-	-	-	-	tanıdacağam	tanıdacaqsan	tanıdacaq	tanıdacağıq	tanıdacaqsınız	tanıdacaqlar	tanıdaram	tanıdarsan	tanıdar	tanıdarıq	tanıdarsınız	tanıdarlar	-	tanıdalım	-
toqquşmaq	-	-	-	-	-	-	-	-	-	-	-	-	-	-	-	toqquşacağıq	toqquşacaqsınız	-	-	-	-	toqquşarıq	toqquşarsınız	-	-	-	-
toxumaq	-	-	-	-	-	-	-	-	-	-	-	-	-	-	-	toxuyacağıq	toxuyacaqsınız	-	-	-	-	toxuyarıq	toxuyarsınız	-	-	-	-
toxunmaq	-	-	-	-	-	-	-	-	-	-	-	-	-	-	-	toxunacağıq	toxunacaqsınız	-	-	-	-	toxunarıq	toxunarsınız	-	-	-	-
toxunulmaq	-	-	-	-	-	-	-	-	-	-	-	-	-	-	-	toxunulacağıq	toxunulacaqsınız	-	-	-	-	toxunularıq	toxunularsınız	-	-	-	-
tutdurmaq	-	-	-	-	-	-	-	-	-	-	-	-	-	-	-	tutduracağıq	tutduracaqsınız	-	-	-	-	tutdurarıq	tutdurarsınız	-	-	-	-
tutmaq	-	-	-	-	-	-	-	-	-	-	-	-	-	-	-	tutacağıq	tutacaqsınız	-	-	-	-	tutarıq	tutarsınız	-	-	-	-
tutulmaq	-	-	-	-	-	-	-	-	-	-	-	-	-	-	-	tutulacağıq	tutulacaqsınız	-	-	-	-	tutularıq	tutularsınız	-	-	-	-
tutuşdurmaq	-	-	-	-	-	-	-	-	-	-	-	-	-	-	-	tutuşduracağıq	tutuşduracaqsınız	-	-	-	-	tutuşdurarıq	tutuşdurarsınız	-	-	-	-
tökmək	-	-	-	-	-	-	-	-	-	-	-	-	-	-	-	tökəcəyik	tökəcəksiniz	-	-	-	-	tökərik	tökərsiniz	-	-	-	-
törətmək	törədirəm	törədirsən	törədir	törədirik	törədirsiniz	törədirlər	-	-	-	-	-	-	törədəcəyəm	törədəcəksən	törədəcək	törədəcəyik	törədəcəksiniz	törədəcəklər	törədərəm	törədərsən	törədər	törədərik	törədərsiniz	törədərlər	-	törədin	-
tüpürmək	-	-	-	-	-	-	-	-	-	-	-	-	-	-	-	tüpürəcəyik	tüpürəcəksiniz	-	-	-	-	tüpürərik	tüpürərsiniz	-	-	-	-
tərgitmək	tərgidirəm	tərgidirsən	tərgidir	tərgidirik	tərgidirsiniz	tərgidirlər	-	-	-	-	-	-	tərgidəcəyəm	tərgidəcəksən	tərgidəcək	tərgidəcəyik	tərgidəcəksiniz	tərgidəcəklər	tərgidərəm	tərgidərsən	tərgidər	tərgidərik	tərgidərsiniz	tərgidərlər	-	tərgidin	-
tərifləmək	tərifləyıram	tərifləyırsan	tərifləyır	tərifləyırıq	tərifləyırsınız	tərifləyırlar	təriflədım	təriflədın	təriflədı	təriflədıq	təriflədınız	təriflədılar	tərifləyacağam	tərifləyacaqsan	tərifləyacaq	tərifləyacağıq	tərifləyacaqsınız	tərifləyacaqlar	tərifləyaram	tərifləyarsan	tərifləyar	tərifləyarıq	tərifləyarsınız	tərifləyarlar	-	tərifləsınlar	tərifləmaq
ucaltmaq	ucaldıram	ucaldırsan	ucaldır	ucaldırıq	ucaldırsınız	ucaldırlar	-	-	-	-	-	-	ucaldacağam	ucaldacaqsan	ucaldacaq	ucaldacağıq	ucaldacaqsınız	ucaldacaqlar	ucaldaram	ucaldarsan	ucaldar	ucaldarıq	ucaldarsınız	ucaldarlar	-	ucaldalım	-
uddurmaq	uddurıram	uddurırsan	uddurır	uddurırıq	uddurırsınız	uddurırlar	uddurdım	uddurdın	uddurdı	uddurdıq	uddurdınız	uddurdılar	-	-	-	udduracağıq	udduracaqsınız	-	-	-	-	uddurarıq	uddurarsınız	-	-	udduralım	-
udmaq	-	-	-	-	-	-	-	-	-	-	-	-	-	-	-	udacağıq	udacaqsınız	-	-	-	-	udarıq	udarsınız	-	-	-	-
uduzmaq	-	-	-	-	-	-	-	-	-	-	-	-	-	-	-	uduzacağıq	uduzacaqsınız	-	-	-	-	uduzarıq	uduzarsınız	-	-	-	-
ummaq	-	-	-	-	-	-	-	-	-	-	-	-	-	-	-	umacağıq	umacaqsınız	-	-	-	-	umarıq	umarsınız	-	-	-	-
unutdurmaq	-	-	-	-	-	-	-	-	-	-	-	-	-	-	-	unutduracağıq	unutduracaqsınız	-	-	-	-	unutdurarıq	unutdurarsınız	-	-	-	-
unutmaq	unuduram	unudursan	unudur	unuduruq	unudursunuz	unudurlar	-	-	-	-	-	-	unudacağam	unudacaqsan	unudacaq	unudacağıq	unudacaqsınız	unudacaqlar	unudaram	unudarsan	unudar	unudarıq	unudarsınız	unudarlar	-	unudalım	-
uydurmaq	-	-	-	-	-	-	-	-	-	-	-	-	-	-	-	uyduracağıq	uyduracaqsınız	-	-	-	-	uydurarıq	uydurarsınız	-	-	-	-
uymaq	-	-	-	-	-	-	-	-	-	-	-	-	-	-	-	uyacağıq	uyacaqsınız	-	-	-	-	uyarıq	uyarsınız	-	-	-	-
uyumaq	-	-	-	-	-	-	-	-	-	-	-	-	-	-	-	uyuyacağıq	uyuyacaqsınız	-	-	-	-	uyuyarıq	uyuyarsınız	-	-	-	-
uyuşmaq	-	-	-	-	-	-	-	-	-	-	-	-	-	-	-	uyuşacağıq	uyuşacaqsınız	-	-	-	-	uyuşarıq	uyuşarsınız	-	-	-	-
uzatmaq	uzadıram	uzadırsan	uzadır	uzadırıq	uzadırsınız	uzadırlar	-	-	-	-	-	-	uzadacağam	uzadacaqsan	uzadacaq	uzadacağıq	uzadacaqsınız	uzadacaqlar	uzadaram	uzadarsan	uzadar	uzadarıq	uzadarsınız	uzadarlar	-	uzadalım	-
uçmaq	-	-	-	-	-	-	-	-	-	-	-	-	-	-	-	uçacağıq	uçacaqsınız	-	-	-	-	uçarıq	uçarsınız	-	-	-	-
uçurmaq	uçurıram	uçurırsan	uçurır	uçurırıq	uçurırsınız	uçurırlar	uçurdım	uçurdın	uçurdı	uçurdıq	uçurdınız	uçurdılar	-	-	-	uçuracağıq	uçuracaqsınız	-	-	-	-	uçurarıq	uçurarsınız	-	-	uçuralım	-
varlanmaq	varlanirəm	varlanirsən	varlanir	varlanirik	varlanirsiniz	varlanirlər	varlandim	varlandin	varlandi	varlandik	varlandiniz	varlandilər	varlanəcəyəm	varlanəcəksən	varlanəcək	varlanəcəyik	varlanəcəksiniz	varlanəcəklər	varlanərəm	varlanərsən	varlanər	varlanərik	varlanərsiniz	varlanərlər	-	varlanin	varlanmək
vurdurmaq	-	-	-	-	-	-	-	-	-	-	-	-	-	-	-	vurduracağıq	vurduracaqsınız	-	-	-	-	vurdurarıq	vurdurarsınız	-	-	-	-
vurmaq	-	-	-	-	-	-	-	-	-	-	-	-	-	-	-	vuracağıq	vuracaqsınız	-	-	-	-	vurarıq	vurarsınız	-	-	-	-
vurnuxmaq	-	-	-	-	-	-	-	-	-	-	-	-	-	-	-	vurnuxacağıq	vurnuxacaqsınız	-	-	-	-	vurnuxarıq	vurnuxarsınız	-	-	-	-
vurulmaq	-	-	-	-	-	-	-	-	-	-	-	-	-	-	-	vurulacağıq	vurulacaqsınız	-	-	-	-	vurularıq	vurularsınız	-	-	-	-
vuruşmaq	-	-	-	-	-	-	-	-	-	-	-	-	-	-	-	vuruşacağıq	vuruşacaqsınız	-	-	-	-	vuruşarıq	vuruşarsınız	-	-	-	-
xatırlatmaq	xatırladıram	xatırladırsan	xatırladır	xatırladırıq	xatırladırsınız	xatırladırlar	-	-	-	-	-	-	xatırladacağam	xatırladacaqsan	xatırladacaq	xatırladacağıq	xatırladacaqsınız	xatırladacaqlar	xatırladaram	xatırladarsan	xatırladar	xatırladarıq	xatırladarsınız	xatırladarlar	-	xatırladalım	-
xudahafizləşmək	xudahafizləşıram	xudahafizləşırsan	xudahafizləşır	xudahafizləşırıq	xudahafizləşırsınız	xudahafizləşırlar	xudahafizləşdım	xudahafizləşdın	xudahafizləşdı	xudahafizləşdıq	xudahafizləşdınız	xudahafizləşdılar	xudahafizləşacağam	xudahafizləşacaqsan	xudahafizləşacaq	xudahafizləşacağıq	xudahafizləşacaqsınız	xudahafizləşacaqlar	xudahafizləşaram	xudahafizləşarsan	xudahafizləşar	xudahafizləşarıq	xudahafizləşarsınız	xudahafizləşarlar	-	xudahafizləşalım	xudahafizləşmaq
yanıltmaq	yanıldıram	yanıldırsan	yanıldır	yanıldırıq	yanıldırsınız	yanıldırlar	-	-	-	-	-	-	yanıldacağam	yanıldacaqsan	yanıldacaq	yanıldacağıq	yanıldacaqsınız	yanıldacaqlar	yanıldaram	yanıldarsan	yanıldar	yanıldarıq	yanıldarsınız	yanıldarlar	-	yanıldalım	-
yaratmaq	yaradıram	yaradırsan	yaradır	yaradırıq	yaradırsınız	yaradırlar	-	-	-	-	-	-	yaradacağam	yaradacaqsan	yaradacaq	yaradacağıq	yaradacaqsınız	yaradacaqlar	yaradaram	yaradarsan	yaradar	yaradarıq	yaradarsınız	yaradarlar	-	yaradalım	-
yayımlamaq	yayımlayrm	yayımlayrsn	yayımlayr	yayımlayr	yayımlayrsnz	yayımlayrlr	yayımladm	yayımladn	yayımlad	yayımlad	yayımladnz	yayımladlr	yayımlaycm	yayımlaycsn	yayımlayc	yayımlayc	yayımlaycsnz	yayımlayclr	yayımlayrm	yayımlayrsn	yayımlayr	yayımlayr	yayımlayrsnz	yayımlayrlr	-	yayımlasnlr	yayımlam
yeritmək	yeridirəm	yeridirsən	yeridir	yeridirik	yeridirsiniz	yeridirlər	-	-	-	-	-	-	yeridəcəyəm	yeridəcəksən	yeridəcək	yeridəcəyik	yeridəcəksiniz	yeridəcəklər	yeridərəm	yeridərsən	yeridər	yeridərik	yeridərsiniz	yeridərlər	-	yeridin	-
yolmaq	-	-	-	-	-	-	-	-	-	-	-	-	-	-	-	yolacağıq	yolacaqsınız	-	-	-	-	yolarıq	yolarsınız	-	-	-	-
yoluxmaq	-	-	-	-	-	-	-	-	-	-	-	-	-	-	-	yoluxacağıq	yoluxacaqsınız	-	-	-	-	yoluxarıq	yoluxarsınız	-	-	-	-
yonmaq	-	-	-	-	-	-	-	-	-	-	-	-	-	-	-	yonacağıq	yonacaqsınız	-	-	-	-	yonarıq	yonarsınız	-	-	-	-
yormaq	yorıram	yorırsan	yorır	yorırıq	yorırsınız	yorırlar	yordım	yordın	yordı	yordıq	yordınız	yordılar	-	-	-	yoracağıq	yoracaqsınız	-	-	-	-	yorarıq	yorarsınız	-	-	yoralım	-
yorulmaq	-	-	-	-	-	-	-	-	-	-	-	-	-	-	-	yorulacağıq	yorulacaqsınız	-	-	-	-	yorularıq	yorularsınız	-	-	-	-
yozmaq	-	-	-	-	-	-	-	-	-	-	-	-	-	-	-	yozacağıq	yozacaqsınız	-	-	-	-	yozarıq	yozarsınız	-	-	-	-
yoğurmaq	-	-	-	-	-	-	-	-	-	-	-	-	-	-	-	yoğuracağıq	yoğuracaqsınız	-	-	-	-	yoğurarıq	yoğurarsınız	-	-	-	-
yumaq	-	-	-	-	-	-	-	-	-	-	-	-	-	-	-	yuyacağıq	yuyacaqsınız	-	-	-	-	yuyarıq	yuyarsınız	-	-	-	-
yummaq	-	-	-	-	-	-	-	-	-	-	-	-	-	-	-	yumacağıq	yumacaqsınız	-	-	-	-	yumarıq	yumarsınız	-	-	-	-
yumşaltmaq	yumşaldıram	yumşaldırsan	yumşaldır	yumşaldırıq	yumşaldırsınız	yumşaldırlar	-	-	-	-	-	-	yumşaldacağam	yumşaldacaqsan	yumşaldacaq	yumşaldacağıq	yumşaldacaqsınız	yumşaldacaqlar	yumşaldaram	yumşaldarsan	yumşaldar	yumşaldarıq	yumşaldarsınız	yumşaldarlar	-	yumşaldalım	-
yuyunmaq	-	-	-	-	-	-	-	-	-	-	-	-	-	-	-	yuyunacağıq	yuyunacaqsınız	-	-	-	-	yuyunarıq	yuyunarsınız	-	-	-	-
yönəltmək	yönəldirəm	yönəldirsən	yönəldir	yönəldirik	yönəldirsiniz	yönəldirlər	-	-	-	-	-	-	yönəldəcəyəm	yönəldəcəksən	yönəldəcək	yönəldəcəyik	yönəldəcəksiniz	yönəldəcəklər	yönəldərəm	yönəldərsən	yönəldər	yönəldərik	yönəldərsiniz	yönəldərlər	-	yönəldin	-
yüksəltmək	yüksəldirəm	yüksəldirsən	yüksəldir	yüksəldirik	yüksəldirsiniz	yüksəldirlər	-	-	-	-	-	-	yüksəldəcəyəm	yüksəldəcəksən	yüksəldəcək	yüksəldəcəyik	yüksəldəcəksiniz	yüksəldəcəklər	yüksəldərəm	yüksəldərsən	yüksəldər	yüksəldərik	yüksəldərsiniz	yüksəldərlər	-	yüksəldin	-
yürümək	-	-	-	-	-	-	-	-	-	-	-	-	-	-	-	yürüyəcəyik	yürüyəcəksiniz	-	-	-	-	yürüyərik	yürüyərsiniz	-	-	-	-
yürütmək	yürüdürəm	yürüdürsən	yürüdür	yürüdürük	yürüdürsünüz	yürüdürlər	-	-	-	-	-	-	yürüdəcəyəm	yürüdəcəksən	yürüdəcək	yürüdəcəyik	yürüdəcəksiniz	yürüdəcəklər	yürüdərəm	yürüdərsən	yürüdər	yürüdərik	yürüdərsiniz	yürüdərlər	-	yürüdün	-
yüyürmək	-	-	-	-	-	-	-	-	-	-	-	-	-	-	-	yüyürəcəyik	yüyürəcəksiniz	-	-	-	-	yüyürərik	yüyürərsiniz	-	-	-	-
zəiflətmək	zəiflədirəm	zəiflədirsən	zəiflədir	zəiflədirik	zəiflədirsiniz	zəiflədirlər	-	-	-	-	-	-	zəiflədəcəyəm	zəiflədəcəksən	zəiflədəcək	zəiflədəcəyik	zəiflədəcəksiniz	zəiflədəcəklər	zəiflədərəm	zəiflədərsən	zəiflədər	zəiflədərik	zəiflədərsiniz	zəiflədərlər	-	zəiflədin	-
zərərsizləşmək	zərərsizləşrm	zərərsizləşrsn	zərərsizləşr	zərərsizləşr	zərərsizləşrsnz	zərərsizləşrlr	zərərsizləşdm	zərərsizləşdn	zərərsizləşd	zərərsizləşd	zərərsizləşdnz	zərərsizləşdlr	zərərsizləşcm	zərərsizləşcsn	zərərsizləşc	zərərsizləşc	zərərsizləşcsnz	zərərsizləşclr	zərərsizləşrm	zərərsizləşrsn	zərərsizləşr	zərərsizləşr	zərərsizləşrsnz	zərərsizləşrlr	-	zərərsizləş	zərərsizləşm
çoxaltmaq	çoxaldıram	çoxaldırsan	çoxaldır	çoxaldırıq	çoxaldırsınız	çoxaldırlar	-	-	-	-	-	-	çoxaldacağam	çoxaldacaqsan	çoxaldacaq	çoxaldacağıq	çoxaldacaqsınız	çoxaldacaqlar	çoxaldaram	çoxaldarsan	çoxaldar	çoxaldarıq	çoxaldarsınız	çoxaldarlar	-	çoxaldalım	-
çökmək	-	-	-	-	-	-	-	-	-	-	-	-	-	-	-	çökəcəyik	çökəcəksiniz	-	-	-	-	çökərik	çökərsiniz	-	-	-	-
çönmək	-	-	-	-	-	-	-	-	-	-	-	-	-	-	-	çönəcəyik	çönəcəksiniz	-	-	-	-	çönərik	çönərsiniz	-	-	-	-
çözələmək	çözələyürəm	çözələyürsən	çözələyür	çözələyürük	çözələyürsünüz	çözələyürlər	çözələdüm	çözələdün	çözələdü	çözələdük	çözələdünüz	çözələdülər	-	-	-	-	-	-	-	-	-	-	-	-	-	çözələsünlər	-
çürümək	-	-	-	-	-	-	-	-	-	-	-	-	-	-	-	çürüyəcəyik	çürüyəcəksiniz	-	-	-	-	çürüyərik	çürüyərsiniz	-	-	-	-
çırpışdırmaq	çırpışdırrm	çırpışdırrsn	çırpışdırr	çırpışdırr	çırpışdırrsnz	çırpışdırrlr	çırpışdırdm	çırpışdırdn	çırpışdırd	çırpışdırd	çırpışdırdnz	çırpışdırdlr	çırpışdırcm	çırpışdırcsn	çırpışdırc	çırpışdırc	çırpışdırcsnz	çırpışdırclr	çırpışdırrm	çırpışdırrsn	çırpışdırr	çırpışdırr	çırpışdırrsnz	çırpışdırrlr	-	çırpışdır	çırpışdırm
çıxartmaq	çıxardıram	çıxardırsan	çıxardır	çıxardırıq	çıxardırsınız	çıxardırlar	-	-	-	-	-	-	çıxardacağam	çıxardacaqsan	çıxardacaq	çıxardacağıq	çıxardacaqsınız	çıxardacaqlar	çıxardaram	çıxardarsan	çıxardar	çıxardarıq	çıxardarsınız	çıxardarlar	-	çıxardalım	-
öldürmək	-	-	-	-	-	-	-	-	-	-	-	-	-	-	-	öldürəcəyik	öldürəcəksiniz	-	-	-	-	öldürərik	öldürərsiniz	-	-	-	-
öldürtmək	öldürdürəm	öldürdürsən	öldürdür	öldürdürük	öldürdürsünüz	öldürdürlər	-	-	-	-	-	-	öldürdəcəyəm	öldürdəcəksən	öldürdəcək	öldürdəcəyik	öldürdəcəksiniz	öldürdəcəklər	öldürdərəm	öldürdərsən	öldürdər	öldürdərik	öldürdərsiniz	öldürdərlər	-	öldürdün	-
öldürülmək	-	-	-	-	-	-	-	-	-	-	-	-	-	-	-	öldürüləcəyik	öldürüləcəksiniz	-	-	-	-	öldürülərik	öldürülərsiniz	-	-	-	-
ölmək	-	-	-	-	-	-	-	-	-	-	-	-	-	-	-	öləcəyik	öləcəksiniz	-	-	-	-	ölərik	ölərsiniz	-	-	-	-
ölçmək	-	-	-	-	-	-	-	-	-	-	-	-	-	-	-	ölçəcəyik	ölçəcəksiniz	-	-	-	-	ölçərik	ölçərsiniz	-	-	-	-
önəlmək	önəlıram	önəlırsan	önəlır	önəlırıq	önəlırsınız	önəlırlar	önəldım	önəldın	önəldı	önəldıq	önəldınız	önəldılar	önəlacağam	önəlacaqsan	önəlacaq	önəlacağıq	önəlacaqsınız	önəlacaqlar	önəlaram	önəlarsan	önəlar	önəlarıq	önəlarsınız	önəlarlar	-	önəlalım	önəlmaq
öpmək	-	-	-	-	-	-	-	-	-	-	-	-	-	-	-	öpəcəyik	öpəcəksiniz	-	-	-	-	öpərik	öpərsiniz	-	-	-	-
öpüşmək	-	-	-	-	-	-	-	-	-	-	-	-	-	-	-	öpüşəcəyik	öpüşəcəksiniz	-	-	-	-	öpüşərik	öpüşərsiniz	-	-	-	-
örtmək	ördürəm	ördürsən	ördür	ördürük	ördürsünüz	ördürlər	-	-	-	-	-	-	ördəcəyəm	ördəcəksən	ördəcək	ördəcəyik	ördəcəksiniz	ördəcəklər	ördərəm	ördərsən	ördər	ördərik	ördərsiniz	ördərlər	-	ördün	-
örtünmək	-	-	-	-	-	-	-	-	-	-	-	-	-	-	-	örtünəcəyik	örtünəcəksiniz	-	-	-	-	örtünərik	örtünərsiniz	-	-	-	-
öskürmək	-	-	-	-	-	-	-	-	-	-	-	-	-	-	-	öskürəcəyik	öskürəcəksiniz	-	-	-	-	öskürərik	öskürərsiniz	-	-	-	-
öskürtmək	öskürdürəm	öskürdürsən	öskürdür	öskürdürük	öskürdürsünüz	öskürdürlər	-	-	-	-	-	-	öskürdəcəyəm	öskürdəcəksən	öskürdəcək	öskürdəcəyik	öskürdəcəksiniz	öskürdəcəklər	öskürdərəm	öskürdərsən	öskürdər	öskürdərik	öskürdərsiniz	öskürdərlər	-	öskürdün	-
ötmək	-	-	-	-	-	-	-	-	-	-	-	-	-	-	-	ötəcəyik	ötəcəksiniz	-	-	-	-	ötərik	ötərsiniz	-	-	-	-
ötürmək	-	-	-	-	-	-	-	-	-	-	-	-	-	-	-	ötürəcəyik	ötürəcəksiniz	-	-	-	-	ötürərik	ötürərsiniz	-	-	-	-
ötüşmək	-	-	-	-	-	-	-	-	-	-	-	-	-	-	-	ötüşəcəyik	ötüşəcəksiniz	-	-	-	-	ötüşərik	ötüşərsiniz	-	-	-	-
öymək	öyirəm	öyirsən	öyir	öyirik	öyirsiniz	öyirlər	öydim	öydin	öydi	öydik	öydiniz	öydilər	-	-	-	öyəcəyik	öyəcəksiniz	-	-	-	-	öyərik	öyərsiniz	-	-	öyin	-
öyrətmək	öyrədirəm	öyrədirsən	öyrədir	öyrədirik	öyrədirsiniz	öyrədirlər	-	-	-	-	-	-	öyrədəcəyəm	öyrədəcəksən	öyrədəcək	öyrədəcəyik	öyrədəcəksiniz	öyrədəcəklər	öyrədərəm	öyrədərsən	öyrədər	öyrədərik	öyrədərsiniz	öyrədərlər	-	öyrədin	-
öyümək	-	-	-	-	-	-	-	-	-	-	-	-	-	-	-	öyüyəcəyik	öyüyəcəksiniz	-	-	-	-	öyüyərik	öyüyərsiniz	-	-	-	-
öyünmək	-	-	-	-	-	-	-	-	-	-	-	-	-	-	-	öyünəcəyik	öyünəcəksiniz	-	-	-	-	öyünərik	öyünərsiniz	-	-	-	-
üfürmək	-	-	-	-	-	-	-	-	-	-	-	-	-	-	-	üfürəcəyik	üfürəcəksiniz	-	-	-	-	üfürərik	üfürərsiniz	-	-	-	-
üstələmək	üstələyıram	üstələyırsan	üstələyır	üstələyırıq	üstələyırsınız	üstələyırlar	üstələdım	üstələdın	üstələdı	üstələdıq	üstələdınız	üstələdılar	üstələyacağam	üstələyacaqsan	üstələyacaq	üstələyacağıq	üstələyacaqsınız	üstələyacaqlar	üstələyaram	üstələyarsan	üstələyar	üstələyarıq	üstələyarsınız	üstələyarlar	-	üstələsınlar	üstələmaq
ütmək	-	-	-	-	-	-	-	-	-	-	-	-	-	-	-	ütəcəyik	ütəcəksiniz	-	-	-	-	ütərik	ütərsiniz	-	-	-	-
üyütmək	üyüdürəm	üyüdürsən	üyüdür	üyüdürük	üyüdürsünüz	üyüdürlər	-	-	-	-	-	-	üyüdəcəyəm	üyüdəcəksən	üyüdəcək	üyüdəcəyik	üyüdəcəksiniz	üyüdəcəklər	üyüdərəm	üyüdərsən	üyüdər	üyüdərik	üyüdərsiniz	üyüdərlər	-	üyüdün	-
üyüşmək	-	-	-	-	-	-	-	-	-	-	-	-	-	-	-	üyüşəcəyik	üyüşəcəksiniz	-	-	-	-	üyüşərik	üyüşərsiniz	-	-	-	-
üzmək	-	-	-	-	-	-	-	-	-	-	-	-	-	-	-	üzəcəyik	üzəcəksiniz	-	-	-	-	üzərik	üzərsiniz	-	-	-	-
üşümək	-	-	-	-	-	-	-	-	-	-	-	-	-	-	-	üşüyəcəyik	üşüyəcəksiniz	-	-	-	-	üşüyərik	üşüyərsiniz	-	-	-	-
üşütmək	üşüdirəm	üşüdirsən	üşüdir	üşüdirik	üşüdirsiniz	üşüdirlər	üşütdim	üşütdin	üşütdi	üşütdik	üşütdiniz	üşütdilər	üşüdəcəyəm	üşüdəcəksən	üşüdəcək	üşüdəcəyik	üşüdəcəksiniz	üşüdəcəklər	üşüdərəm	üşüdərsən	üşüdər	üşüdərik	üşüdərsiniz	üşüdərlər	-	üşüdin	-
şişirtmək	şişirdirəm	şişirdirsən	şişirdir	şişirdirik	şişirdirsiniz	şişirdirlər	-	-	-	-	-	-	şişirdəcəyəm	şişirdəcəksən	şişirdəcək	şişirdəcəyik	şişirdəcəksiniz	şişirdəcəklər	şişirdərəm	şişirdərsən	şişirdər	şişirdərik	şişirdərsiniz	şişirdərlər	-	şişirdin	-
ələmək	ələyıram	ələyırsan	ələyır	ələyırıq	ələyırsınız	ələyırlar	ələdım	ələdın	ələdı	ələdıq	ələdınız	ələdılar	ələyacağam	ələyacaqsan	ələyacaq	ələyacağıq	ələyacaqsınız	ələyacaqlar	ələyaram	ələyarsan	ələyar	ələyarıq	ələyarsınız	ələyarlar	-	ələsınlar	ələmaq
əritmək	əridirəm	əridirsən	əridir	əridirik	əridirsiniz	əridirlər	-	-	-	-	-	-	əridəcəyəm	əridəcəksən	əridəcək	əridəcəyik	əridəcəksiniz	əridəcəklər	əridərəm	əridərsən	əridər	əridərik	əridərsiniz	əridərlər	-	əridin	-
