# lemma	present	past	past-participle	imperative	present-participle ("-" = class-1 default)
adlyde	-	adlød	adlydt	-	-
adskille	-	adskilte	adskilt	adskil	-
adsprede	-	adspredte	adspredt	-	-
adspørge	-	adspurgte	adspurgt	-	-	adspurgtes
ae	-	-	aet	a	-
afbage	-	afbagte	afbagt	-	-	afbagtes
afbenytte	-	-	-	afbenyt	-	-
afbeskikke	-	-	-	afbeskik	-	-
afbestille	-	afbestilte	afbestilt	afbestil	-
afbetale	-	afbetalte	afbetalt	-	-
afbinde	-	afbandt	afbundet	-	-	-
afblæse	-	afblæste	afblæst	-	-	afblæstes
afbryde	-	afbrød	afbrudt	-	-
afbrække	-	-	-	afbræk	-	-
afbrænde	-	afbrændte	afbrændt	-	-
afdrage	-	afdrog	-	-	-
afdrive	-	afdrev	afdrevet	-	-	-
afdryppe	-	-	-	afdryp	-	-
afdække	-	-	-	afdæk	-	-
affatte	-	-	-	affat	-	-
affinde	-	affandt	affundet	-	-
afføde	-	affødte	affødt	-	-
afføre	-	afførte	afført	-	-
afgasse	-	-	-	afgas	-	-
afgive	-	afgav	-	-	-
afglatte	-	-	-	afglat	-	-
afgnide	-	afgned	afgnedet	-	-	-
afgræsse	-	-	-	afgræs	-	-
afgå	-	afgik	-	-	-
afgøre	afgør	afgjorde	afgjort	-	-
afhjælpe	-	afhjalp	afhjulpet	-	-	-
afholde	-	afholdt	afholdt	-	-
afhugge	-	-	-	afhug	-	-
afhænge	-	afhang	afhængt	-	-
afhøre	-	afhørte	afhørt	-	-	afhørtes
afklæde	-	afklædte	afklædt	-	-
afkoge	-	afkogte	afkogt	-	-	afkogtes
aflede	-	afledte	-	-	-
aflokke	-	-	-	aflok	-	-
aflukke	-	-	-	afluk	-	-
aflyse	-	aflyste	aflyst	-	-
aflytte	-	-	-	aflyt	-	-
aflægge	-	aflagde	aflagt	aflæg	-	aflagdes
aflære	-	aflærte	aflært	-	-	aflærtes
aflæse	-	aflæste	aflæst	-	-
aflæsse	-	-	-	aflæs	-	-
aflønne	-	-	-	afløn	-
afløse	-	afløste	afløst	-	-	afløstes
afmatte	-	-	-	afmat	-	-
afmelde	-	afmeldte	afmeldt	-	-	afmeldtes
afmåle	-	afmålte	afmålt	-	-
afnakke	-	-	-	afnak	-	-
afpasse	-	-	-	afpas	-	-
afplukke	-	-	-	afpluk	-	-
afpresse	-	-	-	afpres	-	-
afproppe	-	-	-	afprop	-	-
afrejse	-	afrejste	afrejst	-	-
afrette	-	-	-	afret	-	-
afrigge	-	-	-	afrig	-	-
afrive	-	afrev	afrevet	-	-
afrydde	-	-	-	afryd	-	-
afrømme	-	-	-	afrøm	-	-
afse	-	afså	-	afse	afseende	afsås
afsende	-	afsendte	afsendt	-	-	afsendtes
afsige	-	afsagde	afsagt	-	-	afsagdes
afskaffe	-	-	-	afskaf	-
afskalle	-	-	-	afskal	-	-
afskrive	-	afskrev	afskrevet	-	-
afskrække	-	-	-	afskræk	-
afskumme	-	-	-	afskum	-	-
afskyde	-	afskød	afskudt	-	-	-
afskære	-	afskar	afskåret	-	-	-
afslappe	-	-	-	afslap	-
afslibe	-	afsleb	afslebet	-	-	-
afslutte	-	-	-	afslut	-
afslå	-	afslog	-	-	-
afsnubbe	-	-	-	afsnub	-
afspille	-	-	-	afspil	-
afspise	-	afspiste	afspist	-	-	afspistes
afspritte	-	-	-	afsprit	-	-
afspænde	-	afspændte	afspændt	-	-
afspærre	-	-	-	afspær	-	-
afstandsbedømme	-	afstandsbedømte	afstandsbedømt	afstandsbedøm	-	afstandsbedømtes
afstedkomme	-	afstedkom	-	afstedkom	-
afstemme	-	afstemte	afstemt	afstem	-
afstikke	-	afstak	afstukket	afstik	-	-
afstraffe	-	-	-	afstraf	-
afstå	-	afstod	-	-	-
afstøbe	-	afstøbte	afstøbt	-	-	afstøbtes
afstøde	-	afstødte	afstødt	-	-
afsvide	-	afsved	afsvedet	-	-	-
afsvække	-	-	-	afsvæk	-	-
afsynge	-	afsang	afsunget	-	-	-
afsætte	-	afsatte	afsat	afsæt	-
afsøge	-	afsøgte	afsøgt	-	-	afsøgtes
aftage	-	aftog	-	-	-
aftale	-	aftalte	aftalt	-	-
aftappe	-	-	-	aftap	-	-
aftjekke	-	-	-	aftjek	-	-
aftjene	-	aftjente	aftjent	-	-	aftjentes
aftrappe	-	-	-	aftrap	-	-
aftrykke	-	aftrykte	aftrykt	aftryk	-	aftryktes
aftræde	-	aftrådte	aftrådt	-	-	aftrådtes
aftvinge	-	aftvang	aftvunget	-	-	-
aftørre	-	-	-	aftør	-	-
afvende	-	afvendte	afvendt	-	-	afvendtes
afvige	-	afveg	afveget	-	-
afvise	-	afviste	afvist	-	-
afvænne	-	-	-	afvæn	-
ajourføre	-	ajourførte	ajourført	-	-	ajourførtes
albue	-	-	albuet	albu	-
aldersbestemme	-	aldersbestemte	aldersbestemt	aldersbestem	-	aldersbestemtes
almengøre	almengør	almengjorde	almengjort	-	-
almindeliggøre	almindeliggør	almindeliggjorde	almindeliggjort	-	-
amme	-	-	-	am	-
anbringe	-	anbragte	anbragt	-	-
andrage	-	androg	-	-	-	-
anerkende	-	anerkendte	anerkendt	-	-
anfalde	-	anfaldt	-	-	-	-
anflyve	-	anfløj	anfløjet	-	-	-
anføre	-	anførte	anført	-	-
angive	-	angav	-	-	-
angribe	-	angreb	angrebet	-	-
angå	-	angik	-	-	-
anholde	-	anholdt	anholdt	-	-
ankomme	-	ankom	-	ankom	-
anlægge	-	anlagde	anlagt	anlæg	-
anløbe	-	anløb	-	-	-	-
anmasse	-	-	-	anmas	-	-
anmelde	-	anmeldte	anmeldt	-	-
annamme	-	-	-	annam	-	-
anprise	-	anpriste	anprist	-	-	anpristes
anrette	-	-	-	anret	-	-
anråbe	-	anråbte	anråbt	-	-	anråbtes
anse	-	anså	-	anse	anseende
anskaffe	-	-	-	anskaf	-
anskue	-	-	anskuet	ansku	-
anskueliggøre	anskueliggør	anskueliggjorde	anskueliggjort	-	-
anskyde	-	anskød	anskudt	-	-	-
anslå	-	anslog	-	-	-
anspænde	-	anspændte	anspændt	-	-
anstille	-	-	-	anstil	-	-
anstrenge	-	anstrengte	anstrengt	-	-
anstå	-	anstod	-	-	-
ansætte	-	ansatte	ansat	ansæt	-
ansøge	-	ansøgte	ansøgt	-	-
antage	-	antog	-	-	-
antræffe	-	antraf	antruffet	antræf	-	-
antænde	-	antændte	antændt	-	-	antændtes
anvende	-	anvendte	anvendt	-	-
anvise	-	anviste	anvist	-	-	anvistes
arre	-	-	-	ar	-
artsbestemme	-	artsbestemte	artsbestemt	artsbestem	-	artsbestemtes
babysitte	-	-	-	babysit	-
bagbinde	-	bagbandt	bagbundet	-	-	-
bagtale	-	bagtalte	bagtalt	-	-	bagtaltes
baisse	-	-	-	bais	-	-
bakke	-	-	-	bak	-
bandlyse	-	bandlyste	bandlyst	-	-
bappe	-	-	-	bap	-	-
batte	-	-	-	bat	-
bebygge	-	-	-	bebyg	-
bede	-	bad	bedt	-	-	-
bedrive	-	bedrev	bedrevet	-	-
bedække	-	-	-	bedæk	-	-
bedømme	-	bedømte	bedømt	bedøm	-
befatte	-	-	-	befat	-	-
befinde	-	befandt	befundet	-	-
beflitte	-	-	-	beflit	-	-
beflyve	-	befløj	befløjet	-	-	-
beføle	-	befølte	befølt	-	-	beføltes
begitte	-	-	-	begit	-	-
begive	-	begav	-	-	-	-
begrebsliggøre	begrebsliggør	begrebsliggjorde	begrebsliggjort	-	-	begrebsliggjordes
begribe	-	begreb	begrebet	-	-
begræde	-	begræd	begrædt	-	-	-
begynde	-	begyndte	begyndt	-	-
begå	-	begik	-	-	-
beholde	-	beholdt	beholdt	-	-
behænge	-	behængte	behængt	-	-	behængtes
bejae	-	-	bejaet	beja	-
bekende	-	bekendte	bekendt	-	-
bekendtgøre	bekendtgør	bekendtgjorde	bekendtgjort	-	-
beklikke	-	-	-	beklik	-	-
beklippe	-	-	-	beklip	-	-
beklæde	-	beklædte	beklædt	-	-	beklædtes
bekomme	-	bekom	-	bekom	-
bekvemme	-	-	-	bekvem	-	-
belyse	-	belyste	belyst	-	-
belåne	-	belånte	belånt	-	-	belåntes
belægge	-	belagde	belagt	belæg	-
belære	-	belærte	belært	-	-	belærtes
belæsse	-	-	-	belæs	-	-
beløbe	-	beløb	-	-	-	-
belønne	-	-	-	beløn	-	-
benytte	-	-	-	benyt	-
beramme	-	-	-	beram	-	-
berappe	-	-	-	berap	-	-
berede	-	beredte	beredt	-	-
berejse	-	berejste	berejst	-	-
berette	-	-	-	beret	-
beråbe	-	beråbte	beråbt	-	-	beråbtes
berømme	-	-	-	berøm	-
berøre	-	berørte	berørt	-	-
bese	-	beså	-	bese	beseende	besås
besidde	-	besad	-	besid	-
beskatte	-	-	-	beskat	-	-
beskikke	-	-	-	beskik	-	-
beskinne	-	-	-	beskin	-	-
beskrive	-	beskrev	beskrevet	-	-
beskue	-	-	beskuet	besku	-
beskyde	-	beskød	beskudt	-	-	-
beskylde	-	beskyldte	beskyldt	-	-
beskytte	-	-	-	beskyt	-
beskæmme	-	-	-	beskæm	-	-
beskære	-	beskar	beskåret	-	-
beslaglægge	-	beslaglagde	beslaglagt	beslaglæg	-
beslutte	-	-	-	beslut	-
beslå	-	beslog	-	-	-	-
besmitte	-	-	-	besmit	-	-
besmykke	-	-	-	besmyk	-	-
besnakke	-	-	-	besnak	-	-
bespise	-	bespiste	bespist	-	-	bespistes
bespotte	-	-	-	bespot	-
bespænde	-	bespændte	bespændt	-	-	bespændtes
bestemme	-	bestemte	bestemt	bestem	-
bestige	-	besteg	besteget	-	-
bestikke	-	bestak	bestukket	bestik	-
bestille	-	bestilte	bestilt	bestil	-
bestjæle	-	bestjal	bestjålet	-	-
bestride	-	bestred	bestredet	-	-	-
bestryge	-	bestrøg	bestrøget	-	-	-
bestræbe	-	bestræbte	bestræbt	-	-
bestykke	-	-	-	bestyk	-	-
bestå	-	bestod	-	-	-
besvige	-	besveg	besveget	-	-	-
besværliggøre	besværliggør	besværliggjorde	besværliggjort	-	-
besynge	-	besang	besunget	-	-	-
besætte	-	besatte	besat	besæt	-
besøge	-	besøgte	besøgt	-	-	-
betage	-	betog	-	-	-
betakke	-	-	-	betak	-	-
betale	-	betalte	betalt	-	-
betjene	-	betjente	betjent	-	-
betrygge	-	-	-	betryg	-	-
betrykke	-	betrykte	betrykt	betryk	-	betryktes
betræde	-	betrådte	betrådt	-	-	betrådtes
betrække	-	betrak	betrukket	betræk	-
betvinge	-	betvang	betvunget	-	-	-
betænke	-	betænkte	betænkt	-	-
bevidstgøre	bevidstgør	bevidstgjorde	bevidstgjort	-	-
bevise	-	beviste	bevist	-	-
bibeholde	-	bibeholdt	bibeholdt	-	-	bibeholdtes
bibringe	-	bibragte	bibragt	-	-
bide	-	bed	bidt	-	-
bie	-	-	biet	bi	-
bifalde	-	bifaldt	-	-	-	-
bijobbe	-	-	-	bijob	-	-
bilde	-	bildte	bildt	-	-
billiggøre	billiggør	billiggjorde	billiggjort	-	-
bilægge	-	bilagde	bilagt	bilæg	-	bilagdes
binde	-	bandt	bundet	-	-
bippe	-	-	-	bip	-	-
bisse	-	-	-	bis	-	-
bistå	-	bistod	-	-	-
bisætte	-	bisatte	bisat	bisæt	-	bisattes
bjergtage	-	bjergtog	-	-	-	-
bjæffe	-	-	-	bjæf	-	-
blackliste	-	-	-	blackliste	-	-
blaffe	-	-	-	blaf	-	-
blindsmage	-	blindsmagte	blindsmagt	-	-	blindsmagtes
blive	-	blev	blevet	-	-
blogge	-	-	-	blog	-
blokke	-	-	-	blok	-	-
blotlægge	-	blotlagde	blotlagt	blotlæg	-
blotte	-	-	-	blot	-
bluffe	-	-	-	bluf	-	-
blusse	-	-	-	blus	-
blæse	-	blæste	blæst	-	-
bløde	-	blødte	blødt	-	-	blødtes
blødgøre	blødgør	blødgjorde	blødgjort	-	-
bobbe	-	-	-	bob	-	-
bogføre	-	bogførte	bogført	-	-	bogførtes
bolle	-	-	-	bol	-
bombesprænge	-	bombesprængte	bombesprængt	-	-	bombesprængtes
bomme	-	-	-	bom	-	-
borgerliggøre	borgerliggør	borgerliggjorde	borgerliggjort	-	-
bortdømme	-	bortdømte	bortdømt	bortdøm	-	bortdømtes
bortfalde	-	bortfaldt	-	-	-	-
bortføre	-	bortførte	bortført	-	-
bortgå	-	bortgik	-	-	-
bortkomme	-	bortkom	-	bortkom	-	-
bortlede	-	bortledte	bortledt	-	-	bortledtes
bortlodde	-	-	-	bortlod	-	-
bortrive	-	bortrev	bortrevet	-	-	-
bortse	-	bortså	-	bortse	bortseende	bortsås
bortskaffe	-	-	-	bortskaf	-
bortsælge	-	bortsolgte	bortsolgt	-	-	bortsolgtes
bortvende	-	bortvendte	bortvendt	-	-	bortvendtes
bortvise	-	bortviste	bortvist	-	-	bortvistes
bortvælge	-	bortvalgte	bortvalgt	-	-	bortvalgtes
bosse	-	-	-	bos	-	-
bosætte	-	bosatte	bosat	bosæt	-	bosattes
boykotte	-	-	-	boykot	-
brakke	-	-	-	brak	-	-
braklægge	-	braklagde	braklagt	braklæg	-	braklagdes
bramme	-	-	-	bram	-	-
brandbeskatte	-	-	-	brandbeskat	-	-
brandskatte	-	-	-	brandskat	-	-
brede	-	bredte	bredt	-	-
brevstemme	-	brevstemte	brevstemt	brevstem	-	brevstemtes
bringe	-	bragte	bragt	-	-
brodde	-	-	-	brod	-	-
brokke	-	-	-	brok	-	-
brolægge	-	brolagde	brolagt	brolæg	-	brolagdes
bruge	-	brugte	brugt	-	-
brumme	-	-	-	brum	-
bryde	-	brød	brudt	-	-
brygge	-	-	-	bryg	-
brække	-	-	-	bræk	-
bræmme	-	-	-	bræm	-	-
brænde	-	brændte	brændt	-	-
brætte	-	-	-	bræt	-	-
brødføde	-	brødfødte	brødfødt	-	-	brødfødtes
bue	-	-	buet	bu	-
bukke	-	-	-	buk	-
bulderkoge	-	bulderkogte	bulderkogt	-	-	bulderkogtes
bundfryse	-	bundfrøs	bundfrosset	-	-	-
burde	bør	burde	-	-	-
byde	-	bød	budt	-	-
bygge	-	-	-	byg	-
bytte	-	-	-	byt	-
båndlægge	-	båndlagde	båndlagt	båndlæg	-	båndlagdes
båndoptage	-	båndoptog	-	-	-	-
båtte	-	-	-	båt	-	-
bælle	-	-	-	bæl	-
bære	-	bar	båret	-	-
bøffe	-	-	-	bøf	-	-
bønfalde	-	bønfaldt	-	-	-	-
bønhøre	-	bønhørte	bønhørt	-	-
bøsse	-	-	-	bøs	-	-
chatte	-	-	-	chat	-	-
committe	-	-	-	commit	-	-
crowdsource	-	-	-	crowdsource	-	-
cruise	-	-	-	cruise	-	-
cutte	-	-	-	cut	-	-
dagdrømme	-	dagdrømte	dagdrømt	dagdrøm	-
dampkoge	-	dampkogte	dampkogt	-	-	dampkogtes
danne	-	-	-	dan	-
date	-	-	-	date	-
delagtiggøre	delagtiggør	delagtiggjorde	delagtiggjort	-	-
dele	-	delte	delt	-	-
delete	-	-	-	delete	-	-
deltage	-	deltog	-	-	-
diagonallæse	-	diagonallæste	diagonallæst	-	-	diagonallæstes
die	-	-	diet	di	-
dikke	-	-	-	dik	-	-
dirre	-	-	-	dir	-
dobbeltklikke	-	-	-	dobbeltklik	-	-
dobbeltskrive	-	dobbeltskrev	dobbeltskrevet	-	-	-
dobbelttjekke	-	-	-	dobbelttjek	-	-
dokke	-	-	-	dok	-	-
doksætte	-	doksatte	doksat	doksæt	-	doksattes
domfælde	-	domfældte	domfældt	-	-	domfældtes
drage	-	drog	-	-	-
dratte	-	-	-	drat	-
drikke	-	drak	drukket	drik	-
drille	-	-	-	dril	-
drive	-	drev	drevet	-	-
droppe	-	-	-	drop	-	-
dryppe	-	-	-	dryp	-
dryptørre	-	-	-	dryptør	-	-
drysse	-	-	-	drys	-	-
dræbe	-	dræbte	dræbt	-	-
drømme	-	drømte	drømt	drøm	-
drøvtygge	-	-	-	drøvtyg	-	-
dubbe	-	-	-	dub	-	-
dugge	-	-	-	dug	-	-
dukke	-	-	-	duk	-
dulle	-	-	-	dul	-	-
dumme	-	-	-	dum	-
duppe	-	-	-	dup	-	-
dutte	-	-	-	dut	-	-
dybdemåle	-	dybdemålte	dybdemålt	-	-	dybdemåltes
dybfryse	-	dybfrøs	dybfrosset	-	-	-
dygtiggøre	dygtiggør	dygtiggjorde	dygtiggjort	-	-
dykke	-	-	-	dyk	-
dyppe	-	-	-	dyp	-
dysse	-	-	-	dys	-
dytte	-	-	-	dyt	-	-
dægge	-	-	-	dæg	-	-
dække	-	-	-	dæk	-
dæmme	-	-	-	dæm	-
dø	-	døde	-	-	-
døbe	-	døbte	døbt	-	-
dødsdømme	-	dødsdømte	dødsdømt	dødsdøm	-
dølge	-	dulgte	dulgt	-	-
dølle	-	-	-	døl	-	-
dømme	-	dømte	dømt	døm	-
dønne	-	-	-	døn	-	-
ebbe	-	-	-	eb	-	-
efterbetale	-	efterbetalte	efterbetalt	-	-	efterbetaltes
efterfølge	-	efterfulgte	efterfulgt	-	-
eftergive	-	eftergav	-	-	-
eftergøre	eftergør	eftergjorde	eftergjort	-	-
efterkomme	-	efterkom	-	efterkom	-	-
efterlade	-	efterlod	efterladt	-	-	-
efterlyse	-	efterlyste	efterlyst	-	-
efterse	-	efterså	-	efterse	efterseende	eftersås
eftersende	-	eftersendte	eftersendt	-	-	eftersendtes
efterslukke	-	-	-	eftersluk	-	-
efterspænde	-	efterspændte	efterspændt	-	-	efterspændtes
efterspørge	-	efterspurgte	efterspurgt	-	-	efterspurgtes
efterstræbe	-	efterstræbte	efterstræbt	-	-	efterstræbtes
eftersætte	-	eftersatte	eftersat	eftersæt	-	eftersattes
eftersøge	-	eftersøgte	eftersøgt	-	-
efteruddanne	-	-	-	efteruddan	-	-
eftervise	-	efterviste	eftervist	-	-	eftervistes
egotrippe	-	-	-	egotrip	-	-
ekkoe	-	-	ekkoet	ekko	-	-
emme	-	-	-	em	-
ende	-	endte	endt	-	-
endevende	-	endevendte	endevendt	-	-	endevendtes
enmandsbetjene	-	enmandsbetjente	enmandsbetjent	-	-	enmandsbetjentes
ensrette	-	-	-	ensret	-	-
erholde	-	erholdt	erholdt	-	-
erkende	-	erkendte	erkendt	-	-
erlægge	-	erlagde	erlagt	erlæg	-	erlagdes
erstatte	-	-	-	erstat	-
fabriksfremstille	-	-	-	fabriksfremstil	-	-
fade	-	-	-	fade	-	-
fagfællebedømme	-	fagfællebedømte	fagfællebedømt	fagfællebedøm	-	fagfællebedømtes
fake	-	-	-	fake	-	-
faktatjekke	-	-	-	faktatjek	-	-
falbyde	-	falbød	falbudt	-	-	-
falde	-	faldt	-	-	-
familiesammenføre	-	familiesammenførte	familiesammenført	-	-	familiesammenførtes
farvelægge	-	farvelagde	farvelagt	farvelæg	-	farvelagdes
fastansætte	-	fastansatte	fastansat	fastansæt	-	fastansattes
fastfryse	-	fastfrøs	fastfrosset	-	-	-
fastgøre	fastgør	fastgjorde	fastgjort	-	-
fastholde	-	fastholdt	fastholdt	-	-	fastholdtes
fastlægge	-	fastlagde	fastlagt	fastlæg	-	fastlagdes
fastslå	-	fastslog	-	-	-	-
fastspænde	-	fastspændte	fastspændt	-	-	fastspændtes
fastsætte	-	fastsatte	fastsat	fastsæt	-	-
fatte	-	-	-	fat	-
fedtspille	-	-	-	fedtspil	-	-
fejlbedømme	-	fejlbedømte	fejlbedømt	fejlbedøm	-	fejlbedømtes
fejlmelde	-	fejlmeldte	fejlmeldt	-	-	fejlmeldtes
ferielukke	-	-	-	ferieluk	-	-
festligholde	-	festligholdt	festligholdt	-	-	festligholdtes
finde	-	fandt	fundet	-	-
findele	-	findelte	findelt	-	-	findeltes
finindstille	-	-	-	finindstil	-	-
finkæmme	-	-	-	finkæm	-	-
fintælle	-	fintalte	fintalt	fintæl	-	fintaltes
firdele	-	firdelte	firdelt	-	-	firdeltes
fjernbetjene	-	fjernbetjente	fjernbetjent	-	-	fjernbetjentes
fjolle	-	-	-	fjol	-	-
fjotte	-	-	-	fjot	-	-
flagsmykke	-	-	-	flagsmyk	-	-
flakke	-	-	-	flak	-
flamme	-	-	-	flam	-
flappe	-	-	-	flap	-	-
flette	-	-	-	flet	-
flikke	-	-	-	flik	-	-
flippe	-	-	-	flip	-
flokke	-	-	-	flok	-	-
flomme	-	-	-	flom	-	-
floppe	-	-	-	flop	-
flosse	-	-	-	flos	-	-
flotte	-	-	-	flot	-	-
flyde	-	flød	flydt	-	-
flytte	-	-	-	flyt	-
flyve	-	fløj	fløjet	-	-
flække	-	-	-	flæk	-
fnugge	-	-	-	fnug	-	-
folkeliggøre	folkeliggør	folkeliggjorde	folkeliggjort	-	-
forbage	-	forbagte	forbagt	-	-	forbagtes
forbeholde	-	forbeholdt	forbeholdt	-	-
forberede	-	forberedte	-	-	-
forbigå	-	forbigik	-	-	-
forbinde	-	forbandt	forbundet	-	-
forbise	-	forbiså	-	forbise	forbiseende	forbisås
forblive	-	forblev	forblevet	-	-
forbløde	-	forblødte	forblødt	-	-	forblødtes
forbløffe	-	-	-	forbløf	-	-
forbruge	-	forbrugte	forbrugt	-	-	forbrugtes
forbryde	-	forbrød	forbrudt	-	-	-
forbrænde	-	forbrændte	forbrændt	-	-
forbyde	-	forbød	forbudt	-	-
forbygge	-	-	-	forbyg	-	-
forbytte	-	-	-	forbyt	-	-
fordele	-	fordelte	fordelt	-	-
fordrive	-	fordrev	fordrevet	-	-
fordumme	-	-	-	fordum	-
fordømme	-	fordømte	fordømt	fordøm	-
forebringe	-	forebragte	forebragt	-	-	forebragtes
forebygge	-	-	-	forebyg	-
foredrage	-	foredrog	-	-	-	-
forefalde	-	forefaldt	-	-	-	-
forefinde	-	forefandt	forefundet	-	-	forefandtes
foregive	-	foregav	-	-	-	-
foregribe	-	foregreb	foregrebet	-	-	-
foregå	-	foregik	-	-	-
foreholde	-	foreholdt	foreholdt	-	-	foreholdtes
forekomme	-	forekom	-	forekom	-	-
foreligge	-	forelå	-	forelig	-	-
forelægge	-	forelagde	forelagt	forelæg	-
forelæse	-	forelæste	forelæst	-	-
foreskrive	-	foreskrev	foreskrevet	-	-	-
foreslå	-	foreslog	-	-	-
forespørge	-	forespurgte	forespurgt	-	-
forestille	-	-	-	forestil	-
forestå	-	forestod	-	-	-	-
foresætte	-	foresatte	foresat	foresæt	-	foresattes
foretage	-	foretog	-	-	-
foretrække	-	foretrak	foretrukket	foretræk	-
forevise	-	foreviste	forevist	-	-	forevistes
forfalde	-	forfaldt	-	-	-	-
forfatte	-	-	-	forfat	-
forflytte	-	-	-	forflyt	-	-
forfordele	-	forfordelte	forfordelt	-	-
forfremme	-	-	-	forfrem	-
forfølge	-	forfulgte	forfulgt	-	-
forføre	-	forførte	forført	-	-
forgasse	-	-	-	forgas	-	-
forgive	-	forgav	-	-	-
forglemme	-	forglemte	forglemt	forglem	-	-
forgribe	-	forgreb	forgrebet	-	-
forgrimme	-	-	-	forgrim	-	-
forgylde	-	forgyldte	forgyldt	-	-	forgyldtes
forgå	-	forgik	-	-	-
forgøre	forgør	forgjorde	forgjort	-	-
forholde	-	forholdt	forholdt	-	-
forhåndsgodkende	-	forhåndsgodkendte	forhåndsgodkendt	-	-	forhåndsgodkendtes
forhøre	-	forhørte	forhørt	-	-	forhørtes
forindstille	-	-	-	forindstil	-	-
forklæde	-	forklædte	forklædt	-	-
forkoge	-	forkogte	forkogt	-	-	forkogtes
forkrøppe	-	-	-	forkrøp	-	-
forkue	-	-	forkuet	forku	-	-
forkulle	-	-	-	forkul	-	-
forkynde	-	forkyndte	forkyndt	-	-	-
forkøbe	-	forkøbte	forkøbt	-	-	forkøbtes
forlade	-	forlod	forladt	-	-
forlange	-	forlangte	forlangt	-	-
forlede	-	forledte	forledt	-	-
forlise	-	forliste	forlist	-	-
forlokke	-	-	-	forlok	-	-
forlyde	-	forlød	forlydt	-	-
forlægge	-	forlagde	forlagt	forlæg	-
forlæse	-	forlæste	-	-	-
forløbe	-	forløb	-	-	-	-
forløse	-	forløste	forløst	-	-
formene	-	formente	forment	-	-
formgive	-	formgav	-	-	-	-
formpresse	-	-	-	formpres	-	-
formskære	-	formskar	formskåret	-	-	-
formtørre	-	-	-	formtør	-	-
formumme	-	-	-	formum	-	-
fornemme	-	-	-	fornem	-
foromtale	-	foromtalte	foromtalt	-	-	foromtaltes
forpasse	-	-	-	forpas	-	-
forpuppe	-	-	-	forpup	-	-
forpurre	-	-	-	forpur	-
forputte	-	-	-	forput	-	-
forrette	-	-	-	forret	-
forrykke	-	-	-	forryk	-
forråde	-	forrådte	forrådt	-	-
forse	-	forså	-	forse	forseende	-
forsende	-	forsendte	forsendt	-	-	forsendtes
forskaffe	-	-	-	forskaf	-
forskalle	-	-	-	forskal	-	-
forskrive	-	forskrev	forskrevet	-	-	-
forskrække	-	-	-	forskræk	-
forskubbe	-	-	-	forskub	-	-
forskyde	-	forskød	forskudt	-	-
forskylde	-	forskyldte	forskyldt	-	-	forskyldtes
forskylle	-	-	-	forskyl	-	-
forskære	-	forskar	forskåret	-	-	-
forskønne	-	-	-	forskøn	-
forsluge	-	forslugte	forslugt	-	-	forslugtes
forslumme	-	-	-	forslum	-	-
forslå	-	forslog	-	-	-
forslæbe	-	forslæbte	forslæbt	-	-	forslæbtes
forsnakke	-	-	-	forsnak	-	-
forspilde	-	forspildte	forspildt	-	-	forspildtes
forspise	-	forspiste	forspist	-	-	forspistes
forstemme	-	forstemte	forstemt	forstem	-	forstemtes
forstille	-	-	-	forstil	-
forstoppe	-	-	-	forstop	-	-
forstrække	-	forstrakte	forstrakt	forstræk	-	forstraktes
forstumme	-	-	-	forstum	-	-
forstyrre	-	-	-	forstyr	-	-
forstå	-	forstod	-	-	-
forstøde	-	forstødte	forstødt	-	-
forstørre	-	-	-	forstør	-
forsvinde	-	forsvandt	forsvundet	-	-
forsætte	-	forsatte	forsat	forsæt	-	forsattes
forsøge	-	forsøgte	forsøgt	-	-	-
forsømme	-	forsømte	forsømt	forsøm	-
fortabe	-	fortabte	fortabt	-	-	fortabtes
fortage	-	fortog	-	-	-
fortale	-	fortalte	fortalt	-	-
fortie	-	-	fortiet	forti	-	-
fortinne	-	-	-	fortin	-	-
fortjene	-	fortjente	fortjent	-	-	fortjentes
fortryde	-	fortrød	fortrudt	-	-
fortrylle	-	-	-	fortryl	-
fortrække	-	fortrak	fortrukket	fortræk	-
fortrænge	-	fortrængte	fortrængt	-	-	fortrængtes
fortsætte	-	fortsatte	fortsat	fortsæt	-
fortykke	-	-	-	fortyk	-	-
fortælle	-	fortalte	fortalt	fortæl	-
fortænke	-	fortænkte	fortænkt	-	-
fortætte	-	-	-	fortæt	-	-
forudbestemme	-	forudbestemte	forudbestemt	forudbestem	-	forudbestemtes
forudbestille	-	forudbestilte	forudbestilt	forudbestil	-	forudbestiltes
forudbetale	-	forudbetalte	forudbetalt	-	-	forudbetaltes
forudgå	-	forudgik	-	-	-
forudse	-	forudså	-	forudse	forudseende
forudsige	-	forudsagde	forudsagt	-	-
forudskikke	-	-	-	forudskik	-	-
forudsætte	-	forudsatte	forudsat	forudsæt	-	forudsattes
forulykke	-	-	-	forulyk	-
forunde	-	forundte	forundt	-	-	forundtes
forurette	-	-	-	foruret	-	-
forventningsafstemme	-	forventningsafstemte	forventningsafstemt	forventningsafstem	-	forventningsafstemtes
forvinde	-	forvandt	forvundet	-	-	-
forvirre	-	-	-	forvir	-
forvise	-	forviste	forvist	-	-	forvistes
forvisse	-	-	-	forvis	-	-
forvolde	-	forvoldte	forvoldt	-	-
forvride	-	forvred	forvredet	-	-
forvænne	-	-	forvænt	forvæn	-
forværre	-	-	-	forvær	-
foræde	-	foråd	forædt	-	-	-
forøde	-	forødte	forødt	-	-	forødtes
fosse	-	-	-	fos	-	-
fotosætte	-	fotosatte	fotosat	fotosæt	-	fotosattes
frabede	-	frabad	frabedt	-	-
fradrage	-	fradrog	-	-	-	-
fradømme	-	fradømte	fradømt	fradøm	-	fradømtes
frafalde	-	frafaldt	-	-	-	-
fraflytte	-	-	-	fraflyt	-	-
fragå	-	fragik	-	-	-
frakende	-	frakendte	frakendt	-	-	frakendtes
fraklippe	-	-	-	fraklip	-	-
fralokke	-	-	-	fralok	-	-
fralægge	-	fralagde	fralagt	fralæg	-	fralagdes
framelde	-	frameldte	frameldt	-	-	frameldtes
franarre	-	-	-	franar	-	-
franchise	-	-	-	franchise	-	-
frasige	-	frasagde	frasagt	-	-	frasagdes
fraskrive	-	fraskrev	fraskrevet	-	-	-
frastøde	-	frastødte	frastødt	-	-
frasælge	-	frasolgte	frasolgt	-	-	frasolgtes
fratage	-	fratog	-	-	-
fratræde	-	fratrådte	fratrådt	-	-	fratrådtes
fratrække	-	fratrak	fratrukket	fratræk	-
fravige	-	fraveg	fraveget	-	-
fravælge	-	fravalgte	fravalgt	-	-
fravænne	-	-	-	fravæn	-	-
fredeliggøre	fredeliggør	fredeliggjorde	fredeliggjort	-	-
fredlyse	-	fredlyste	fredlyst	-	-	fredlystes
freelance	-	-	-	freelance	-	-
frelse	-	frelste	frelst	-	-
frembringe	-	frembragte	frembragt	-	-	-
frembryde	-	frembrød	frembrudt	-	-	-
frembyde	-	frembød	frembudt	-	-	-
frembære	-	frembar	frembåret	-	-	-
fremdrage	-	fremdrog	-	-	-	-
fremføre	-	fremførte	fremført	-	-
fremgå	-	fremgik	-	-	-
fremholde	-	fremholdt	fremholdt	-	-	fremholdtes
fremkalde	-	fremkaldte	fremkaldt	-	-
fremkomme	-	fremkom	-	fremkom	-
fremlyse	-	fremlyste	fremlyst	-	-	fremlystes
fremlægge	-	fremlagde	fremlagt	fremlæg	-
fremme	-	-	-	frem	-
fremmedgøre	fremmedgør	fremmedgjorde	fremmedgjort	-	-
fremmøde	-	fremmødte	fremmødt	-	-	fremmødtes
fremrykke	-	-	-	fremryk	-	-
fremsende	-	fremsendte	fremsendt	-	-	fremsendtes
fremsige	-	fremsagde	fremsagt	-	-	fremsagdes
fremskaffe	-	-	-	fremskaf	-
fremskrive	-	fremskrev	fremskrevet	-	-	-
fremstamme	-	-	-	fremstam	-	-
fremstille	-	-	-	fremstil	-
fremstå	-	fremstod	-	-	-
fremsætte	-	fremsatte	fremsat	fremsæt	-	fremsattes
fremtrylle	-	-	-	fremtryl	-	-
fremtræde	-	fremtrådte	fremtrådt	-	-
fremtvinge	-	fremtvang	fremtvunget	-	-	-
fremvise	-	fremviste	fremvist	-	-	fremvistes
frifinde	-	frifandt	frifundet	-	-	frifandtes
frigive	-	frigav	-	-	-	-
frigøre	frigør	frigjorde	frigjort	-	-
friholde	-	friholdt	friholdt	-	-	friholdtes
frikende	-	frikendte	frikendt	-	-	frikendtes
frikøbe	-	frikøbte	frikøbt	-	-	frikøbtes
frilægge	-	frilagde	frilagt	frilæg	-	frilagdes
frisætte	-	frisatte	frisat	frisæt	-	frisattes
fritage	-	fritog	-	-	-
fritstille	-	-	-	fritstil	-	-
fritte	-	-	-	frit	-
friturekoge	-	friturekogte	friturekogt	-	-	friturekogtes
friturestege	-	friturestegte	friturestegt	-	-	friturestegtes
frugtbargøre	frugtbargør	frugtbargjorde	frugtbargjort	-	-
fryse	-	frøs	frosset	-	-
frysetørre	-	-	-	frysetør	-	-
fuldbringe	-	fuldbragte	fuldbragt	-	-	fuldbragtes
fuldende	-	fuldendte	fuldendt	-	-
fuldføre	-	fuldførte	fuldført	-	-
fuldkommengøre	fuldkommengør	fuldkommengjorde	fuldkommengjort	-	-
fuldstændiggøre	fuldstændiggør	fuldstændiggjorde	fuldstændiggjort	-	-
fundraise	-	-	-	fundraise	-	-
fuppe	-	-	-	fup	-
futte	-	-	-	fut	-	-
fylde	-	fyldte	fyldt	-	-
få	-	fik	-	-	-
færdigbygge	-	-	-	færdigbyg	-
færdiggøre	færdiggør	færdiggjorde	færdiggjort	-	-
færdiguddanne	-	-	-	færdiguddan	-	-
føle	-	følte	følt	-	-
følge	-	fulgte	fulgt	-	-
føntørre	-	-	-	føntør	-	-
føre	-	førte	ført	-	-
førsteopføre	-	førsteopførte	førsteopført	-	-	førsteopførtes
gaffe	-	-	-	gaf	-	-
game	-	-	-	game	-	-
gasse	-	-	-	gas	-	-
gemme	-	gemte	gemt	gem	-
genanbringe	-	genanbragte	genanbragt	-	-	genanbragtes
genanskaffe	-	-	-	genanskaf	-	-
genansætte	-	genansatte	genansat	genansæt	-
genanvende	-	genanvendte	genanvendt	-	-
genbesætte	-	genbesatte	genbesat	genbesæt	-	genbesattes
genbruge	-	genbrugte	genbrugt	-	-
gendanne	-	-	-	gendan	-
gendrive	-	gendrev	gendrevet	-	-	-
genfinde	-	genfandt	genfundet	-	-
genfortælle	-	genfortalte	genfortalt	genfortæl	-
genføde	-	genfødte	genfødt	-	-
gengive	-	gengav	-	-	-
gengælde	-	gengældte	gengældt	-	-
genhøre	-	genhørte	genhørt	-	-	genhørtes
genindføre	-	genindførte	genindført	-	-	genindførtes
genindkalde	-	genindkaldte	genindkaldt	-	-	genindkaldtes
genindspille	-	-	-	genindspil	-	-
genindsætte	-	genindsatte	genindsat	genindsæt	-	genindsattes
genindtræde	-	genindtrådte	genindtrådt	-	-	genindtrådtes
genindvinde	-	genindvandt	genindvundet	-	-	-
genkalde	-	genkaldte	genkaldt	-	-	genkaldtes
genkende	-	genkendte	genkendt	-	-
genlukke	-	-	-	genluk	-	-
genlyde	-	genlød	genlydt	-	-	-
genlæse	-	genlæste	genlæst	-	-
genne	-	-	-	gen	-
gennembage	-	gennembagte	gennembagt	-	-	gennembagtes
gennembløde	-	gennemblødte	gennemblødt	-	-	gennemblødtes
gennembryde	-	gennembrød	gennembrudt	-	-	-
gennemføre	-	gennemførte	gennemført	-	-
gennemgå	-	gennemgik	-	-	-
gennemhulle	-	-	-	gennemhul	-	-
gennemkøre	-	gennemkørte	gennemkørt	-	-	gennemkørtes
gennemlyse	-	gennemlyste	gennemlyst	-	-
gennemlytte	-	-	-	gennemlyt	-	-
gennemlæse	-	gennemlæste	gennemlæst	-	-	gennemlæstes
gennemløbe	-	gennemløb	-	-	-	-
gennemrejse	-	gennemrejste	gennemrejst	-	-	gennemrejstes
gennemse	-	gennemså	-	gennemse	gennemseende	-
gennemskinne	-	-	-	gennemskin	-	-
gennemskrive	-	gennemskrev	gennemskrevet	-	-	-
gennemskue	-	-	gennemskuet	gennemsku	-	-
gennemskyde	-	gennemskød	gennemskudt	-	-	-
gennemskære	-	gennemskar	gennemskåret	-	-	-
gennemspille	-	-	-	gennemspil	-	-
gennemstege	-	gennemstegte	gennemstegt	-	-	gennemstegtes
gennemstrømme	-	-	-	gennemstrøm	-	-
gennemsøge	-	gennemsøgte	gennemsøgt	-	-	gennemsøgtes
gennemtrække	-	gennemtrak	gennemtrukket	gennemtræk	-	-
gennemtrænge	-	gennemtrængte	gennemtrængt	-	-	gennemtrængtes
gennemtvinge	-	gennemtvang	gennemtvunget	-	-	-
gennemtænke	-	gennemtænkte	gennemtænkt	-	-	-
genopbygge	-	-	-	genopbyg	-
genopføre	-	genopførte	genopført	-	-	genopførtes
genoprette	-	-	-	genopret	-
genopslå	-	genopslog	-	-	-	-
genopstille	-	-	-	genopstil	-	-
genopstå	-	genopstod	-	-	-
genopsætte	-	genopsatte	genopsat	genopsæt	-	genopsattes
genoptage	-	genoptog	-	-	-	-
genoptjene	-	genoptjente	genoptjent	-	-	genoptjentes
genoptrykke	-	genoptrykte	genoptrykt	genoptryk	-	genoptryktes
genrejse	-	genrejste	genrejst	-	-
gense	-	genså	-	gense	genseende
genskabe	-	genskabte	genskabt	-	-
gensælge	-	gensolgte	gensolgt	-	-	gensolgtes
gentage	-	gentog	-	-	-
gentænke	-	gentænkte	gentænkt	-	-
genudgive	-	genudgav	-	-	-	-
genudsende	-	genudsendte	genudsendt	-	-
genudvinde	-	genudvandt	genudvundet	-	-	-
genvinde	-	genvandt	genvundet	-	-	-
genvælge	-	genvalgte	genvalgt	-	-
gibbe	-	-	-	gib	-	-
gide	-	gad	-	-	-
give	-	gav	-	-	-
glamme	-	-	-	glam	-
glatte	-	-	-	glat	-	-
glemme	-	glemte	glemt	glem	-
glide	-	gled	gledet	-	-
glippe	-	-	-	glip	-	-
glitte	-	-	-	glit	-	-
gnide	-	gned	gnedet	-	-
gnubbe	-	-	-	gnub	-	-
gnægge	-	-	-	gnæg	-
godkende	-	godkendte	godkendt	-	-
godskrive	-	godskrev	godskrevet	-	-	-
godtage	-	godtog	-	-	-
godtgøre	godtgør	godtgjorde	godtgjort	-	-
gokke	-	-	-	gok	-	-
grabbe	-	-	-	grab	-	-
gravlægge	-	gravlagde	gravlagt	gravlæg	-	gravlagdes
gravsætte	-	gravsatte	gravsat	gravsæt	-	gravsattes
gribe	-	greb	grebet	-	-
grillstege	-	grillstegte	grillstegt	-	-	grillstegtes
grubbe	-	-	-	grub	-	-
grue	-	-	gruet	gru	-	-
grundlægge	-	grundlagde	grundlagt	grundlæg	-
grundstøde	-	grundstødte	grundstødt	-	-	grundstødtes
grutte	-	-	-	grut	-	-
grydestege	-	grydestegte	grydestegt	-	-	grydestegtes
græde	-	græd	grædt	-	-
græmme	-	-	-	græm	-	-
græsse	-	-	-	græs	-
guddommeliggøre	guddommeliggør	guddommeliggjorde	guddommeliggjort	-	-
guffe	-	-	-	guf	-	-
gyde	-	-	gydt	-	-
gyse	-	gyste	gyst	-	-
gå	-	gik	-	-	-
gække	-	-	-	gæk	-
gælde	-	gjaldt	gjaldt	-	-
gældsætte	-	gældsatte	gældsat	gældsæt	-	gældsattes
gælle	-	-	-	gæl	-
gæsteforelæse	-	gæsteforelæste	gæsteforelæst	-	-	gæsteforelæstes
gæsteoptræde	-	gæsteoptrådte	gæsteoptrådt	-	-	gæsteoptrådtes
gæstespille	-	-	-	gæstespil	-	-
gætte	-	-	-	gæt	-
gøre	gør	gjorde	gjort	-	-
hakke	-	-	-	hak	-
halshugge	-	-	-	halshug	-
handicappe	-	-	-	handicap	-	-
handlingslamme	-	-	-	handlingslam	-	-
hangglide	-	-	-	hangglide	-	-
hashtagge	-	-	-	hashtag	-	-
hasteindkalde	-	hasteindkaldte	hasteindkaldt	-	-	hasteindkaldtes
hasteindlægge	-	hasteindlagde	hasteindlagt	hasteindlæg	-	hasteindlagdes
hausse	-	-	-	haus	-	-
have	har	havde	haft	-	-
hedde	-	hed	-	hed	-
helbrede	-	helbredte	helbredt	-	-
helliggøre	helliggør	helliggjorde	helliggjort	-	-
helligholde	-	helligholdt	helligholdt	-	-	helligholdtes
hemmeligholde	-	hemmeligholdt	hemmeligholdt	-	-
hendø	-	hendøde	-	-	-	hendødes
henfalde	-	henfaldt	-	-	-	-
henføre	-	henførte	henført	-	-
hengive	-	hengav	-	-	-
hengå	-	hengik	-	-	-
henholde	-	henholdt	henholdt	-	-	henholdtes
henhøre	-	henhørte	henhørt	-	-	henhørtes
henkoge	-	henkogte	henkogt	-	-
henligge	-	henlå	-	henlig	-	-
henlægge	-	henlagde	henlagt	henlæg	-	henlagdes
henrette	-	-	-	henret	-	-
henrive	-	henrev	henrevet	-	-	-
henrykke	-	-	-	henryk	-
hense	-	henså	-	hense	henseende
hensidde	-	hensad	-	hensid	-	-
henslæbe	-	henslæbte	henslæbt	-	-	henslæbtes
hensove	-	hensov	-	-	-	-
henstille	-	-	-	henstil	-	-
henstå	-	henstod	-	-	-	-
hensynke	-	hensank	hensunket	-	-	-
hensætte	-	hensatte	hensat	hensæt	-	hensattes
henvende	-	henvendte	henvendt	-	-	-
henvise	-	henviste	henvist	-	-
heppe	-	-	-	hep	-	-
herliggøre	herliggør	herliggjorde	herliggjort	-	-
hidføre	-	hidførte	hidført	-	-	hidførtes
hidkalde	-	hidkaldte	hidkaldt	-	-	hidkaldtes
hidrøre	-	hidrørte	hidrørt	-	-	hidrørtes
hidsætte	-	hidsatte	hidsat	hidsæt	-	hidsattes
hike	-	-	-	hike	-	-
hikke	-	-	-	hik	-
hilse	-	hilste	hilst	-	-
hisse	-	-	-	his	-	-
hitte	-	-	-	hit	-
hive	-	hev	hevet	-	-
hjembringe	-	hjembragte	hjembragt	-	-	hjembragtes
hjemfalde	-	hjemfaldt	-	-	-	-
hjemføre	-	hjemførte	hjemført	-	-	hjemførtes
hjemgive	-	hjemgav	-	-	-	-
hjemkalde	-	hjemkaldte	hjemkaldt	-	-	hjemkaldtes
hjemlåne	-	hjemlånte	hjemlånt	-	-	hjemlåntes
hjemmedøbe	-	hjemmedøbte	hjemmedøbt	-	-	hjemmedøbtes
hjemsende	-	hjemsendte	hjemsendt	-	-	hjemsendtes
hjemskrive	-	hjemskrev	hjemskrevet	-	-	-
hjemsøge	-	hjemsøgte	hjemsøgt	-	-
hjemtage	-	hjemtog	-	-	-	-
hjælpe	-	hjalp	hjulpet	-	-
holde	-	holdt	holdt	-	-
hoppe	-	-	-	hop	-
hospitalsindlægge	-	hospitalsindlagde	hospitalsindlagt	hospitalsindlæg	-	hospitalsindlagdes
hudflette	-	-	-	hudflet	-	-
hudstryge	-	hudstrøg	hudstrøget	-	-	-
hue	-	-	huet	hu	-
hugge	-	-	-	hug	-
hulle	-	-	-	hul	-	-
hulslibe	-	hulsleb	hulslebet	-	-	-
humme	-	-	-	hum	-	-
hvæsse	-	-	-	hvæs	-
hygge	-	-	-	hyg	-	-
hyggesnakke	-	-	-	hyggesnak	-	-
hylle	-	-	-	hyl	-
hype	-	-	-	hype	-	-
hyppe	-	-	-	hyp	-	-
hysse	-	-	-	hys	-	-
hytte	-	-	-	hyt	-
håndplukke	-	-	-	håndpluk	-
håndrulle	-	-	-	håndrul	-	-
hånle	-	hånlo	-	hånle	hånleende	-
hæmme	-	-	-	hæm	-
hænde	-	hændte	-	-	-
hænge	-	hang	hængt	-	-	hængtes
højreklikke	-	-	-	højreklik	-	-
højtideligholde	-	højtideligholdt	højtideligholdt	-	-	højtideligholdtes
høre	-	hørte	hørt	-	-
iagttage	-	iagttog	-	-	-
ibrugtage	-	ibrugtog	-	-	-
idriftsætte	-	idriftsatte	idriftsat	idriftsæt	-	idriftsattes
idømme	-	idømte	idømt	idøm	-	idømtes
ifalde	-	ifaldt	-	-	-	-
iføre	-	iførte	iført	-	-
igangsætte	-	igangsatte	igangsat	igangsæt	-	igangsattes
ihjelbide	-	ihjelbed	ihjelbidt	-	-	-
ihjelslå	-	ihjelslog	-	-	-	-
ihukomme	-	ihukom	-	ihukom	-
ikende	-	ikendte	ikendt	-	-	ikendtes
iklæde	-	iklædte	iklædt	-	-
ilandbringe	-	ilandbragte	ilandbragt	-	-	ilandbragtes
ilandsætte	-	ilandsatte	ilandsat	ilandsæt	-	ilandsattes
ilægge	-	ilagde	ilagt	ilæg	-	ilagdes
imødegå	-	imødegik	-	-	-
imødekomme	-	imødekom	-	imødekom	-
imødese	-	imødeså	-	imødese	imødeseende	imødesås
indbage	-	indbagte	indbagt	-	-	indbagtes
indbefatte	-	-	-	indbefat	-	-
indberette	-	-	-	indberet	-
indbetale	-	indbetalte	indbetalt	-	-	indbetaltes
indbilde	-	indbildte	indbildt	-	-
indbinde	-	indbandt	indbundet	-	-	-
indblæse	-	indblæste	indblæst	-	-	indblæstes
indbringe	-	indbragte	indbragt	-	-	indbragtes
indbyde	-	indbød	indbudt	-	-
indbygge	-	-	-	indbyg	-
indbytte	-	-	-	indbyt	-	-
inddele	-	inddelte	inddelt	-	-	inddeltes
inddrage	-	inddrog	-	-	-
inddrive	-	inddrev	inddrevet	-	-	-
inddække	-	-	-	inddæk	-	-
inddæmme	-	-	-	inddæm	-	-
indebrænde	-	indebrændte	indebrændt	-	-	indebrændtes
indebære	-	indebar	indebåret	-	-
indefryse	-	indefrøs	indefrosset	-	-	-
indeholde	-	indeholdt	indeholdt	-	-	indeholdtes
inderliggøre	inderliggør	inderliggjorde	inderliggjort	-	-
indeslutte	-	-	-	indeslut	-
indespærre	-	-	-	indespær	-	-
indestå	-	indestod	-	-	-	-
indfatte	-	-	-	indfat	-	-
indfinde	-	indfandt	indfundet	-	-	indfandtes
indflette	-	-	-	indflet	-	-
indflytte	-	-	-	indflyt	-	-
indflyve	-	indfløj	indfløjet	-	-	-
indforskrive	-	indforskrev	indforskrevet	-	-	-
indfryse	-	indfrøs	indfrosset	-	-	-
indføle	-	indfølte	indfølt	-	-	indføltes
indføre	-	indførte	indført	-	-	-
indgive	-	indgav	-	-	-	-
indgnide	-	indgned	indgnedet	-	-	-
indgyde	-	indgød	indgydt	-	-	-
indgå	-	indgik	-	-	-
indhakke	-	-	-	indhak	-	-
indhugge	-	-	-	indhug	-	-
indhylle	-	-	-	indhyl	-	-
indkalde	-	indkaldte	indkaldt	-	-	indkaldtes
indklamme	-	-	-	indklam	-	-
indklippe	-	-	-	indklip	-	-
indkoge	-	indkogte	indkogt	-	-	indkogtes
indkomme	-	indkom	-	indkom	-	-
indkøbe	-	indkøbte	indkøbt	-	-	indkøbtes
indkøre	-	indkørte	indkørt	-	-	indkørtes
indlemme	-	-	-	indlem	-
indlåne	-	indlånte	indlånt	-	-	indlåntes
indlægge	-	indlagde	indlagt	indlæg	-
indlære	-	indlærte	indlært	-	-	indlærtes
indlæse	-	indlæste	indlæst	-	-	indlæstes
indløbe	-	indløb	-	-	-	-
indløse	-	indløste	indløst	-	-	indløstes
indmelde	-	indmeldte	indmeldt	-	-	indmeldtes
indoptage	-	indoptog	-	-	-
indpakke	-	-	-	indpak	-	-
indpasse	-	-	-	indpas	-	-
indramme	-	-	-	indram	-	-
indrejse	-	indrejste	indrejst	-	-
indrette	-	-	-	indret	-
indrykke	-	-	-	indryk	-	-
indrømme	-	-	-	indrøm	-
indscanne	-	-	-	indscan	-	-
indse	-	indså	-	indse	indseende
indsende	-	indsendte	indsendt	-	-	indsendtes
indskrive	-	indskrev	indskrevet	-	-	-
indskyde	-	indskød	indskudt	-	-
indskære	-	indskar	indskåret	-	-	-
indslibe	-	indsleb	indslebet	-	-	-
indsmøre	-	indsmurte	indsmurt	-	-	indsmurtes
indsnige	-	indsneg	indsneget	-	-	-
indspille	-	-	-	indspil	-	-
indspinde	-	indspandt	indspundet	-	-	-
indstikke	-	indstak	indstukket	indstik	-	-
indstille	-	-	-	indstil	-
indstøbe	-	indstøbte	indstøbt	-	-	indstøbtes
indsvøbe	-	indsvøbte	indsvøbt	-	-	indsvøbtes
indsynge	-	indsang	indsunget	-	-	-
indsætte	-	indsatte	indsat	indsæt	-	-
indtage	-	indtog	-	-	-
indtale	-	indtalte	indtalt	-	-	-
indtjene	-	indtjente	indtjent	-	-	indtjentes
indtræde	-	indtrådte	indtrådt	-	-	indtrådtes
indtræffe	-	indtraf	indtruffet	indtræf	-	-
indtægtsføre	-	indtægtsførte	indtægtsført	-	-	indtægtsførtes
indtænke	-	indtænkte	indtænkt	-	-	indtænktes
indtørre	-	-	-	indtør	-	-
indvende	-	indvendte	indvendt	-	-
indvinde	-	indvandt	indvundet	-	-	-
indvælge	-	indvalgte	indvalgt	-	-	indvalgtes
instagramme	-	-	-	instagram	-	-
irettesætte	-	irettesatte	irettesat	irettesæt	-	irettesattes
irre	-	-	-	ir	-	-
irøre	-	irørte	irørt	-	-	irørtes
iscenesætte	-	iscenesatte	iscenesat	iscenesæt	-
islægge	-	islagde	islagt	islæg	-	islagdes
isprænge	-	isprængte	isprængt	-	-	isprængtes
istandbringe	-	istandbragte	istandbragt	-	-	istandbragtes
istandsætte	-	istandsatte	istandsat	istandsæt	-	istandsattes
istemme	-	istemte	istemt	istem	-	istemtes
isætte	-	isatte	isat	isæt	-	isattes
italesætte	-	italesatte	italesat	italesæt	-
iværksætte	-	iværksatte	iværksat	iværksæt	-
jabbe	-	-	-	jab	-	-
jamme	-	-	-	jam	-	-
jappe	-	-	-	jap	-	-
jobbe	-	-	-	job	-	-
jogge	-	-	-	jog	-	-
joke	-	-	-	joke	-
jokke	-	-	-	jok	-
jolle	-	-	-	jol	-
jævnføre	-	jævnførte	jævnført	-	-
kagstryge	-	kagstrøg	kagstrøget	-	-	-
kamme	-	-	-	kam	-	-
kantskære	-	kantskar	kantskåret	-	-	-
kappe	-	-	-	kap	-
kende	-	kendte	kendt	-	-
kidnappe	-	-	-	kidnap	-	-
kigge	-	-	-	kig	-
kindkysse	-	-	-	kindkys	-	-
kippe	-	-	-	kip	-
kissemisse	-	-	-	kissemis	-	-
kitte	-	-	-	kit	-	-
klappe	-	-	-	klap	-
klargøre	klargør	klargjorde	klargjort	-	-
klarlægge	-	klarlagde	klarlagt	klarlæg	-	klarlagdes
klatte	-	-	-	klat	-	-
klemme	-	klemte	klemt	klem	-
klientgøre	klientgør	klientgjorde	klientgjort	-	-
klikke	-	-	-	klik	-	-
klippe	-	-	-	klip	-
klirre	-	-	-	klir	-
klokke	-	-	-	klok	-	-
klukke	-	-	-	kluk	-	-
klukle	-	kluklo	-	klukle	klukleende	-
klæde	-	klædte	klædt	-	-
klække	-	-	-	klæk	-	-
knagfryse	-	knagfrøs	knagfrosset	-	-	-
knappe	-	-	-	knap	-	-
kneppe	-	-	-	knep	-
knibe	-	kneb	knebet	-	-	-
knopskyde	-	knopskød	knopskudt	-	-	-
knurre	-	-	-	knur	-
knuse	-	knuste	knust	-	-	-
knytte	-	-	-	knyt	-
knække	-	-	-	knæk	-
knæsætte	-	knæsatte	knæsat	knæsæt	-	knæsattes
koge	-	kogte	kogt	-	-
komme	-	kom	-	kom	-
kontraktansætte	-	kontraktansatte	kontraktansat	kontraktansæt	-	kontraktansattes
kopsætte	-	kopsatte	kopsat	kopsæt	-	kopsattes
kortlægge	-	kortlagde	kortlagt	kortlæg	-	kortlagdes
kortslutte	-	-	-	kortslut	-
kovende	-	kovendte	kovendt	-	-	kovendtes
krabbe	-	-	-	krab	-
krakke	-	-	-	krak	-	-
kramme	-	-	-	kram	-
kratte	-	-	-	krat	-	-
kreppe	-	-	-	krep	-	-
krille	-	-	-	kril	-	-
kropsliggøre	kropsliggør	kropsliggjorde	kropsliggjort	-	-
krukke	-	-	-	kruk	-	-
krumme	-	-	-	krum	-
krybe	-	krøb	krøbet	-	-
krydsforhøre	-	krydsforhørte	krydsforhørt	-	-	krydsforhørtes
krydsklippe	-	-	-	krydsklip	-	-
krydstjekke	-	-	-	krydstjek	-	-
krølle	-	-	-	krøl	-
kue	-	-	kuet	ku	-
kukke	-	-	-	kuk	-	-
kuldslå	-	kuldslog	-	-	-	-
kundgøre	kundgør	kundgjorde	kundgjort	-	-
kunne	kan	kunne	-	-	-
kuppe	-	-	-	kup	-	-
kurre	-	-	-	kur	-	-
kvie	-	-	kviet	kvi	-
kvikke	-	-	-	kvik	-	-
kvitte	-	-	-	kvit	-	-
kvæde	-	kvad	-	-	-
kvække	-	-	-	kvæk	-
kvæle	-	kvalte	kvalt	-	-
kysse	-	-	-	kys	-
kæderyge	-	kæderøg	kæderøget	-	-	-
kæmme	-	-	-	kæm	-
købe	-	købte	købt	-	-
købslå	-	købslog	-	-	-
kølsprænge	-	kølsprængte	kølsprængt	-	-	kølsprængtes
kønsbestemme	-	kønsbestemte	kønsbestemt	kønsbestem	-	kønsbestemtes
kønsopdele	-	kønsopdelte	kønsopdelt	-	-	kønsopdeltes
køre	-	kørte	kørt	-	-
labbe	-	-	-	lab	-	-
lagdele	-	lagdelte	lagdelt	-	-	lagdeltes
lagerføre	-	lagerførte	lagerført	-	-	lagerførtes
lakke	-	-	-	lak	-
lalle	-	-	-	lal	-	-
lamme	-	-	-	lam	-
lamslå	-	lamslog	-	-	-
landsforvise	-	landsforviste	landsforvist	-	-	landsforvistes
landsætte	-	landsatte	landsat	landsæt	-	landsattes
langtidsbage	-	langtidsbagte	langtidsbagt	-	-	langtidsbagtes
langtidsstege	-	langtidsstegte	langtidsstegt	-	-	langtidsstegtes
langtidssygemelde	-	langtidssygemeldte	langtidssygemeldt	-	-	langtidssygemeldtes
lappe	-	-	-	lap	-
lassoe	-	-	lassoet	lasso	-	-
latterliggøre	latterliggør	latterliggjorde	latterliggjort	-	-
le	-	lo	-	le	leende
leddele	-	leddelte	leddelt	-	-	leddeltes
legemliggøre	legemliggør	legemliggjorde	legemliggjort	-	-
lette	-	-	-	let	-
levendegøre	levendegør	levendegjorde	levendegjort	-	-
lide	-	led	ledet	-	-
ligestille	-	-	-	ligestil	-
ligge	-	lå	-	lig	-
like	-	-	-	like	-
line	-	-	-	line	-	-
lobbe	-	-	-	lob	-	-
lobbye	-	-	lobbyet	lobby	-	-
lodde	-	-	-	lod	-
logge	-	-	-	log	-	-
lokke	-	-	-	lok	-
loppe	-	-	-	lop	-
losse	-	-	-	los	-
lovgive	-	lovgav	-	-	-	-
lovliggøre	lovliggør	lovliggjorde	lovliggjort	-	-
lovprise	-	lovpriste	lovprist	-	-	lovpristes
lovsynge	-	lovsang	lovsunget	-	-	-
lue	-	-	luet	lu	-
lueforgylde	-	lueforgyldte	lueforgyldt	-	-	lueforgyldtes
luffe	-	-	-	luf	-
lufttørre	-	-	-	lufttør	-	-
lukke	-	-	-	luk	-
lulle	-	-	-	lul	-	-
lurepasse	-	-	-	lurepas	-	-
lyde	-	lød	lydt	-	-
lydskrive	-	lydskrev	lydskrevet	-	-	-
lyksaliggøre	lyksaliggør	lyksaliggjorde	lyksaliggjort	-	-
lynstege	-	lynstegte	lynstegt	-	-	lynstegtes
lyse	-	lyste	lyst	-	-
lytte	-	-	-	lyt	-
lyve	-	løj	løjet	-	-
låne	-	lånte	lånt	-	-	-
lægeundersøge	-	lægeundersøgte	lægeundersøgt	-	-	lægeundersøgtes
lægge	-	-	-	læg	-
lække	-	-	-	læk	-
læmme	-	-	-	læm	-
lære	-	lærte	lært	-	-
læse	-	læste	læst	-	-
læsse	-	-	-	læs	-
lønne	-	-	-	løn	-
løse	-	løste	løst	-	-
løsgøre	løsgør	løsgjorde	løsgjort	-	-
løskøbe	-	løskøbte	løskøbt	-	-	løskøbtes
løslade	-	løslod	løsladt	-	-	-
løsrive	-	løsrev	løsrevet	-	-	-
makke	-	-	-	mak	-	-
mandsopdække	-	-	-	mandsopdæk	-	-
mangfoldiggøre	mangfoldiggør	mangfoldiggjorde	mangfoldiggjort	-	-
markedsføre	-	markedsførte	markedsført	-	-	-
maskinklippe	-	-	-	maskinklip	-	-
maskinskrive	-	maskinskrev	maskinskrevet	-	-	-
medbringe	-	medbragte	medbragt	-	-
meddele	-	meddelte	meddelt	-	-
medfølge	-	medfulgte	medfulgt	-	-	medfulgtes
medføre	-	medførte	medført	-	-
medgive	-	medgav	-	-	-
medgå	-	medgik	-	-	-
medindbefatte	-	-	-	medindbefat	-	-
medtage	-	medtog	-	-	-
medtænke	-	medtænkte	medtænkt	-	-	medtænktes
melde	-	meldte	meldt	-	-
mene	-	mente	ment	-	-
menneskeliggøre	menneskeliggør	menneskeliggjorde	menneskeliggjort	-	-
mentalundersøge	-	mentalundersøgte	mentalundersøgt	-	-	mentalundersøgtes
messe	-	-	-	mes	-
minesprænge	-	minesprængte	minesprængt	-	-	minesprængtes
minestryge	-	minestrøg	minestrøget	-	-	-
minusse	-	-	-	minus	-
misbruge	-	misbrugte	misbrugt	-	-	-
misdanne	-	-	-	misdan	-	-
misforstå	-	misforstod	-	-	-
miskende	-	miskendte	miskendt	-	-
misklæde	-	misklædte	misklædt	-	-	misklædtes
misligholde	-	misligholdt	misligholdt	-	-	misligholdtes
misopfatte	-	-	-	misopfat	-	-
misse	-	-	-	mis	-
mistænke	-	mistænkte	mistænkt	-	-
mistænkeliggøre	mistænkeliggør	mistænkeliggjorde	mistænkeliggjort	-	-
misunde	-	misundte	misundt	-	-
mobbe	-	-	-	mob	-
modbevise	-	modbeviste	modbevist	-	-	modbevistes
modgå	-	modgik	-	-	-
modsige	-	modsagde	modsagt	-	-	-
modstille	-	-	-	modstil	-	-
modstå	-	modstod	-	-	-
modsætte	-	modsatte	modsat	modsæt	-	modsattes
modtage	-	modtog	-	-	-
mokke	-	-	-	mok	-	-
momsbelægge	-	momsbelagde	momsbelagt	momsbelæg	-	momsbelagdes
monne	-	-	-	mon	-	-
moppe	-	-	-	mop	-	-
morakke	-	-	-	morak	-	-
mukke	-	-	-	muk	-
muliggøre	muliggør	muliggjorde	muliggjort	-	-
mundblæse	-	mundblæste	mundblæst	-	-	mundblæstes
murre	-	-	-	mur	-
måle	-	målte	målt	-	-
målrette	-	-	-	målret	-	-
målsætte	-	målsatte	målsat	målsæt	-	målsattes
måtte	må	måtte	-	-	-
mætte	-	-	-	mæt	-	-
møde	-	mødte	mødt	-	-
møffe	-	-	-	møf	-	-
mønne	-	-	-	møn	-	-
mønsterbeskytte	-	-	-	mønsterbeskyt	-	-
mørkelægge	-	mørkelagde	mørkelagt	mørkelæg	-	mørkelagdes
nakke	-	-	-	nak	-
nappe	-	-	-	nap	-
narre	-	-	-	nar	-	-
nasse	-	-	-	nas	-	-
navngive	-	navngav	-	-	-	-
nedbringe	-	nedbragte	nedbragt	-	-	nedbragtes
nedbryde	-	nedbrød	nedbrudt	-	-
nedbrænde	-	nedbrændte	nedbrændt	-	-	nedbrændtes
neddyppe	-	-	-	neddyp	-	-
neddysse	-	-	-	neddys	-	-
nedfare	-	nedfor	-	-	-	-
nedfryse	-	nedfrøs	nedfrosset	-	-	-
nedføre	-	nedførte	nedført	-	-	nedførtes
nedgøre	nedgør	nedgjorde	nedgjort	-	-
nedkalde	-	nedkaldte	nedkaldt	-	-	nedkaldtes
nedkomme	-	nedkom	-	nedkom	-	-
nedlade	-	nedlod	nedladt	-	-
nedlægge	-	nedlagde	nedlagt	nedlæg	-	nedlagdes
nedrakke	-	-	-	nedrak	-	-
nedramme	-	-	-	nedram	-	-
nedrive	-	nedrev	nedrevet	-	-	-
nedrykke	-	-	-	nedryk	-	-
nedskrive	-	nedskrev	nedskrevet	-	-	-
nedskyde	-	nedskød	nedskudt	-	-	-
nedskære	-	nedskar	nedskåret	-	-	-
nedslide	-	nedsled	nedslidt	-	-	-
nedslå	-	nedslog	-	-	-	-
nedspille	-	-	-	nedspil	-	-
nedstamme	-	-	-	nedstam	-
nedstemme	-	nedstemte	nedstemt	nedstem	-	nedstemtes
nedstige	-	nedsteg	nedsteget	-	-	-
nedstirre	-	-	-	nedstir	-	-
nedsætte	-	nedsatte	nedsat	nedsæt	-	nedsattes
nedtage	-	nedtog	-	-	-
nedtrappe	-	-	-	nedtrap	-	-
nedtrykke	-	-	-	nedtryk	-
nemme	-	-	-	nem	-
nette	-	-	-	net	-	-
nidstirre	-	-	-	nidstir	-
nikke	-	-	-	nik	-
nippe	-	-	-	nip	-	-
nitte	-	-	-	nit	-
nive	-	nev	nevet	-	-	-
niveaudele	-	niveaudelte	niveaudelt	-	-	niveaudeltes
noppe	-	-	-	nop	-	-
nosse	-	-	-	nos	-
nulstille	-	-	-	nulstil	-	-
nuppe	-	-	-	nup	-	-
nusse	-	-	-	nus	-	-
nyanskaffe	-	-	-	nyanskaf	-	-
nybesætte	-	nybesatte	nybesat	nybesæt	-	nybesattes
nydanne	-	-	-	nydan	-	-
nyde	-	nød	nydt	-	-
nynne	-	-	-	nyn	-
nyopføre	-	nyopførte	nyopført	-	-	nyopførtes
nyoversætte	-	nyoversatte	nyoversat	nyoversæt	-	nyoversattes
nyse	-	nøs	nyst	-	-	nystes
nytte	-	-	-	nyt	-
nyttiggøre	nyttiggør	nyttiggjorde	nyttiggjort	-	-
nytænke	-	nytænkte	nytænkt	-	-
nyvælge	-	nyvalgte	nyvalgt	-	-	nyvalgtes
nænne	-	-	-	næn	-
nærlæse	-	nærlæste	nærlæst	-	-
nødvendiggøre	nødvendiggør	nødvendiggjorde	nødvendiggjort	-	-
offentliggøre	offentliggør	offentliggjorde	offentliggjort	-	-
ombestemme	-	ombestemte	ombestemt	ombestem	-	-
ombetrække	-	ombetrak	ombetrukket	ombetræk	-	-
ombinde	-	ombandt	ombundet	-	-	-
ombringe	-	ombragte	ombragt	-	-	ombragtes
ombryde	-	ombrød	ombrudt	-	-	-
ombukke	-	-	-	ombuk	-	-
ombygge	-	-	-	ombyg	-
ombytte	-	-	-	ombyt	-	-
ombære	-	ombar	ombåret	-	-	-
omdanne	-	-	-	omdan	-	-
omdele	-	omdelte	omdelt	-	-	omdeltes
omdøbe	-	omdøbte	omdøbt	-	-	omdøbtes
omfatte	-	-	-	omfat	-
omfordele	-	omfordelte	omfordelt	-	-
omgive	-	omgav	-	-	-
omgå	-	omgik	-	-	-
omgøre	omgør	omgjorde	omgjort	-	-
omhylle	-	-	-	omhyl	-	-
omkomme	-	omkom	-	omkom	-
omlægge	-	omlagde	omlagt	omlæg	-	omlagdes
omlæsse	-	-	-	omlæs	-	-
ompotte	-	-	-	ompot	-	-
omramme	-	-	-	omram	-	-
omrøre	-	omrørte	omrørt	-	-	omrørtes
omskabe	-	omskabte	omskabt	-	-	omskabtes
omskrive	-	omskrev	omskrevet	-	-
omskære	-	omskar	omskåret	-	-
omslutte	-	-	-	omslut	-
omspænde	-	omspændte	omspændt	-	-	omspændtes
omstille	-	-	-	omstil	-	-
omstøde	-	omstødte	omstødt	-	-
omsætte	-	omsatte	omsat	omsæt	-	omsattes
omtale	-	omtalte	omtalt	-	-
omvende	-	omvendte	omvendt	-	-
opbage	-	opbagte	opbagt	-	-	opbagtes
opbinde	-	opbandt	opbundet	-	-	-
opbringe	-	opbragte	opbragt	-	-	opbragtes
opbruge	-	opbrugte	opbrugt	-	-	opbrugtes
opbryde	-	opbrød	opbrudt	-	-	-
opbyde	-	opbød	opbudt	-	-	-
opbygge	-	-	-	opbyg	-
opdele	-	opdelte	opdelt	-	-	opdeltes
opdrive	-	opdrev	opdrevet	-	-	-
opdrætte	-	-	-	opdræt	-	-
opdæmme	-	-	-	opdæm	-	-
opfatte	-	-	-	opfat	-
opfinde	-	opfandt	opfundet	-	-
opflamme	-	-	-	opflam	-	-
opfylde	-	opfyldte	opfyldt	-	-
opføre	-	opførte	opført	-	-
opgive	-	opgav	-	-	-
opgøre	opgør	opgjorde	opgjort	-	-
ophjælpe	-	ophjalp	ophjulpet	-	-
opholde	-	opholdt	opholdt	-	-	opholdtes
ophugge	-	-	-	ophug	-	-
ophænge	-	ophængte	ophængt	-	-	ophængtes
ophøre	-	ophørte	ophørt	-	-
opkalde	-	opkaldte	opkaldt	-	-	opkaldtes
opkomme	-	opkom	-	opkom	-	-
opkøbe	-	opkøbte	opkøbt	-	-
oplyse	-	oplyste	oplyst	-	-
oplægge	-	oplagde	oplagt	oplæg	-	oplagdes
oplære	-	oplærte	oplært	-	-	oplærtes
oplæse	-	oplæste	oplæst	-	-	oplæstes
opløse	-	opløste	opløst	-	-
opmåle	-	opmålte	opmålt	-	-	opmåltes
oppe	-	-	-	op	-	-
oppebære	-	oppebar	oppebåret	-	-	-
opretholde	-	opretholdt	opretholdt	-	-
oprette	-	-	-	opret	-
oprinde	-	oprandt	-	-	-
oprulle	-	-	-	oprul	-	-
oprykke	-	-	-	opryk	-	-
opråbe	-	opråbte	opråbt	-	-	opråbtes
oprøre	-	oprørte	oprørt	-	-
opsende	-	opsendte	opsendt	-	-	opsendtes
opsige	-	opsagde	opsagt	-	-
opskrive	-	opskrev	opskrevet	-	-	-
opskrue	-	-	opskruet	opskru	-	-
opskræmme	-	opskræmte	opskræmt	opskræm	-	opskræmtes
opskære	-	opskar	opskåret	-	-	-
opsluge	-	opslugte	opslugt	-	-	opslugtes
opslå	-	opslog	-	-	-	-
opslæmme	-	-	-	opslæm	-	-
opsnappe	-	-	-	opsnap	-
opspinde	-	opspandt	opspundet	-	-	-
opsplitte	-	-	-	opsplit	-	-
opsprætte	-	-	-	opspræt	-	-
opspænde	-	opspændte	opspændt	-	-	opspændtes
opstamme	-	-	-	opstam	-	-
opstemme	-	-	-	opstem	-	-
opstige	-	opsteg	opsteget	-	-
opstille	-	-	-	opstil	-	-
opstramme	-	-	-	opstram	-	-
opstå	-	opstod	-	-	-
opsætte	-	opsatte	opsat	opsæt	-
opsøge	-	opsøgte	opsøgt	-	-	opsøgtes
optage	-	optog	-	-	-
optjene	-	optjente	optjent	-	-	optjentes
optrappe	-	-	-	optrap	-	-
optrykke	-	optrykte	optrykt	optryk	-	optryktes
optræde	-	optrådte	optrådt	-	-
optrække	-	optrak	optrukket	optræk	-	-
optælle	-	optalte	optalt	optæl	-	-
optænde	-	optændte	optændt	-	-	optændtes
opvise	-	opviste	opvist	-	-	opvistes
opvride	-	opvred	opvredet	-	-	-
opvække	-	-	-	opvæk	-
opæde	-	opåd	opædt	-	-	-
opægge	-	-	-	opæg	-	-
outsource	-	-	-	outsource	-	-
overanstrenge	-	overanstrengte	overanstrengt	-	-	overanstrengtes
overbelyse	-	overbelyste	overbelyst	-	-	overbelystes
overbelåne	-	overbelånte	overbelånt	-	-	overbelåntes
overbelægge	-	overbelagde	overbelagt	overbelæg	-	overbelagdes
overbeskytte	-	-	-	overbeskyt	-	-
overbetale	-	overbetalte	overbetalt	-	-	overbetaltes
overbevise	-	overbeviste	overbevist	-	-	overbevistes
overbringe	-	overbragte	overbragt	-	-
overbyde	-	overbød	overbudt	-	-	-
overbygge	-	-	-	overbyg	-
overdrage	-	overdrog	-	-	-
overdrive	-	overdrev	overdrevet	-	-
overdække	-	-	-	overdæk	-	-
overfalde	-	overfaldt	-	-	-	-
overflytte	-	-	-	overflyt	-	-
overflyve	-	overfløj	overfløjet	-	-	-
overflødiggøre	overflødiggør	overflødiggjorde	overflødiggjort	-	-
overforbruge	-	overforbrugte	overforbrugt	-	-	overforbrugtes
overfylde	-	overfyldte	overfyldt	-	-	overfyldtes
overføre	-	-	overført	-	-	overførtes
overgive	-	overgav	-	-	-	-
overgå	-	overgik	-	-	-
overholde	-	overholdt	overholdt	-	-
overhælde	-	overhældte	overhældt	-	-	overhældtes
overhøre	-	overhørte	overhørt	-	-
overklippe	-	-	-	overklip	-	-
overkomme	-	overkom	-	overkom	-
overlade	-	overlod	overladt	-	-
overlappe	-	-	-	overlap	-	-
overlægge	-	overlagde	overlagt	overlæg	-	-
overlæsse	-	-	-	overlæs	-	-
overnatte	-	-	-	overnat	-
overrende	-	overrendte	overrendt	-	-	overrendtes
overrække	-	overrakte	overrakt	overræk	-	overraktes
overse	-	overså	-	overse	overseende	oversås
oversende	-	oversendte	oversendt	-	-	oversendtes
overskride	-	overskred	overskredet	-	-
overskrive	-	overskrev	overskrevet	-	-	-
overskue	-	-	overskuet	oversku	-	-
overskygge	-	-	-	overskyg	-	-
overskylle	-	-	-	overskyl	-	-
overskære	-	overskar	overskåret	-	-	-
oversmøre	-	oversmurte	oversmurt	-	-	oversmurtes
overspille	-	-	-	overspil	-	-
overspise	-	overspiste	overspist	-	-	overspistes
overspringe	-	oversprang	oversprunget	-	-	-
overspænde	-	overspændte	overspændt	-	-	overspændtes
overstige	-	oversteg	oversteget	-	-
overstryge	-	overstrøg	overstrøget	-	-	-
overstå	-	overstod	-	-	-
oversvømme	-	-	-	oversvøm	-	-
oversælge	-	oversolgte	oversolgt	-	-	oversolgtes
oversætte	-	oversatte	oversat	oversæt	-
overtage	-	overtog	-	-	-
overtale	-	overtalte	overtalt	-	-
overtræde	-	overtrådte	overtrådt	-	-
overtræffe	-	overtraf	overtruffet	overtræf	-
overtrække	-	overtrak	overtrukket	overtræk	-	-
overvinde	-	overvandt	overvundet	-	-
ovnbage	-	ovnbagte	ovnbagt	-	-	ovnbagtes
ovnstege	-	ovnstegte	ovnstegt	-	-
ovntørre	-	-	-	ovntør	-	-
pace	-	-	-	pace	-	-
pakke	-	-	-	pak	-
palle	-	-	-	pal	-	-
panikke	-	-	-	panik	-	-
pantsætte	-	pantsatte	pantsat	pantsæt	-
paraglide	-	-	-	paraglide	-	-
parre	-	-	-	par	-
passe	-	-	-	pas	-
patte	-	-	-	pat	-
peppe	-	-	-	pep	-	-
permanentkrølle	-	-	-	permanentkrøl	-	-
personliggøre	personliggør	personliggjorde	personliggjort	-	-
pette	-	-	-	pet	-	-
pierce	-	-	-	pierce	-	-
piffe	-	-	-	pif	-	-
pikke	-	-	-	pik	-
pille	-	-	-	pil	-
pine	-	pinte	pint	-	-
pippe	-	-	-	pip	-	-
pirre	-	-	-	pir	-
pisse	-	-	-	pis	-
pjatte	-	-	-	pjat	-	-
pjokke	-	-	-	pjok	-	-
pjække	-	-	-	pjæk	-
plaffe	-	-	-	plaf	-	-
planlægge	-	planlagde	planlagt	planlæg	-
planslibe	-	plansleb	planslebet	-	-	-
platte	-	-	-	plat	-	-
please	-	-	-	please	-	-
plette	-	-	-	plet	-	-
plotte	-	-	-	plot	-	-
plukke	-	-	-	pluk	-
plusse	-	-	-	plus	-
plysse	-	-	-	plys	-	-
pløkke	-	-	-	pløk	-	-
politianmelde	-	politianmeldte	politianmeldt	-	-	politianmeldtes
poppe	-	-	-	pop	-	-
postomdele	-	postomdelte	postomdelt	-	-	postomdeltes
potte	-	-	-	pot	-
powernappe	-	-	-	powernap	-	-
powershoppe	-	-	-	powershop	-	-
prakke	-	-	-	prak	-	-
prelle	-	-	-	prel	-
presse	-	-	-	pres	-
prikke	-	-	-	prik	-	-
principgodkende	-	principgodkendte	principgodkendt	-	-	principgodkendtes
prisbelønne	-	-	-	prisbeløn	-	-
prise	-	priste	prist	-	-	-
prisgive	-	prisgav	-	-	-	-
prissætte	-	prissatte	prissat	prissæt	-	prissattes
programlægge	-	programlagde	programlagt	programlæg	-	programlagdes
programsætte	-	programsatte	programsat	programsæt	-	programsattes
proppe	-	-	-	prop	-	-
prutte	-	-	-	prut	-
prøveflyve	-	prøvefløj	prøvefløjet	-	-	-
prøvekøre	-	prøvekørte	prøvekørt	-	-
prøveløslade	-	prøveløslod	prøveløsladt	-	-	-
prøvesmage	-	prøvesmagte	prøvesmagt	-	-	prøvesmagtes
puffe	-	-	-	puf	-	-
pukke	-	-	-	puk	-	-
purre	-	-	-	pur	-
putte	-	-	-	put	-
påbegynde	-	påbegyndte	påbegyndt	-	-
påberåbe	-	påberåbte	påberåbt	-	-	påberåbtes
påbyde	-	påbød	påbudt	-	-
pådrage	-	pådrog	-	-	-	-
pådutte	-	-	-	pådut	-	-
pådømme	-	pådømte	pådømt	pådøm	-	pådømtes
påfylde	-	påfyldte	påfyldt	-	-	påfyldtes
påføre	-	påførte	påført	-	-
pågribe	-	pågreb	pågrebet	-	-
pågå	-	pågik	-	-	-
påhøre	-	påhørte	påhørt	-	-	påhørtes
påkalde	-	påkaldte	påkaldt	-	-
påkende	-	påkendte	påkendt	-	-	påkendtes
påklæde	-	påklædte	påklædt	-	-	påklædtes
påkomme	-	påkom	-	påkom	-	-
påkøre	-	påkørte	påkørt	-	-
påligge	-	pålå	-	pålig	-	-
pålægge	-	pålagde	pålagt	pålæg	-
påse	-	påså	-	påse	påseende
påskrive	-	påskrev	påskrevet	-	-	-
påskønne	-	-	-	påskøn	-
påsmøre	-	påsmurte	påsmurt	-	-	påsmurtes
påstå	-	påstod	-	-	-
påsætte	-	påsatte	påsat	påsæt	-
påtage	-	påtog	-	-	-
påtale	-	påtalte	påtalt	-	-
påtrykke	-	påtrykte	påtrykt	påtryk	-	påtryktes
påtræffe	-	påtraf	påtruffet	påtræf	-	-
påtvinge	-	påtvang	påtvunget	-	-	-
påtænke	-	påtænkte	påtænkt	-	-
påvise	-	påviste	påvist	-	-	påvistes
quizze	-	-	-	quiz	-	-
radbrække	-	-	-	radbræk	-
rakke	-	-	-	rak	-	-
ralle	-	-	-	ral	-	-
ramme	-	-	-	ram	-
rappe	-	-	-	rap	-
rappelle	-	-	-	rappel	-	-
raskmelde	-	raskmeldte	raskmeldt	-	-	raskmeldtes
redde	-	-	-	red	-
redegøre	redegør	redegjorde	redegjort	-	-
regelsætte	-	regelsatte	regelsat	regelsæt	-	regelsattes
rejse	-	rejste	rejst	-	-
release	-	-	-	release	-	-
rende	-	rendte	rendt	-	-
rengøre	rengør	rengjorde	rengjort	-	-
renholde	-	renholdt	renholdt	-	-	renholdtes
renskrive	-	renskrev	renskrevet	-	-	-
renskære	-	renskar	renskåret	-	-	-
rentrykke	-	rentrykte	rentrykt	rentryk	-	rentryktes
resette	-	-	-	reset	-	-
retfærdiggøre	retfærdiggør	retfærdiggjorde	retfærdiggjort	-	-
retningsbestemme	-	retningsbestemte	retningsbestemt	retningsbestem	-	retningsbestemtes
retsforfølge	-	retsforfulgte	retsforfulgt	-	-	retsforfulgtes
rette	-	-	-	ret	-
ribbe	-	-	-	rib	-
ride	-	red	redet	-	-
rigge	-	-	-	rig	-	-
rille	-	-	-	ril	-	-
rimeliggøre	rimeliggør	rimeliggjorde	rimeliggjort	-	-	rimeliggjordes
rinde	-	randt	-	-	-
rippe	-	-	-	rip	-	-
ritte	-	-	-	rit	-	-
rive	-	rev	revet	-	-
rokke	-	-	-	rok	-	-
rose	-	roste	rost	-	-
rotte	-	-	-	rot	-
rubbe	-	-	-	rub	-	-
rulle	-	-	-	rul	-
rumme	-	-	-	rum	-
rundsende	-	rundsendte	rundsendt	-	-	rundsendtes
rutte	-	-	-	rut	-	-
rydde	-	-	-	ryd	-
ryge	-	røg	røget	-	-
rykke	-	-	-	ryk	-
råbe	-	råbte	råbt	-	-
rådføre	-	rådførte	rådført	-	-	rådførtes
rådgive	-	rådgav	-	-	-
rådslå	-	rådslog	-	-	-
rådspørge	-	rådspurgte	rådspurgt	-	-
råhygge	-	-	-	råhyg	-	-
råstege	-	råstegte	råstegt	-	-	råstegtes
række	-	rakte	rakt	ræk	-
rødliste	-	-	-	rødliste	-	-
rømme	-	-	-	røm	-
røre	-	rørte	rørt	-	-
rørlægge	-	rørlagde	rørlagt	rørlæg	-	rørlagdes
røvrende	-	røvrendte	røvrendt	-	-	røvrendtes
sagsøge	-	sagsøgte	sagsøgt	-	-	sagsøgtes
sakke	-	-	-	sak	-	-
sambeskatte	-	-	-	sambeskat	-	-
samkøre	-	samkørte	samkørt	-	-	samkørtes
samlæse	-	samlæste	samlæst	-	-	samlæstes
sammenbinde	-	sammenbandt	sammenbundet	-	-	-
sammendrage	-	sammendrog	-	-	-	-
sammenfatte	-	-	-	sammenfat	-	-
sammenflette	-	-	-	sammenflet	-	-
sammenflikke	-	-	-	sammenflik	-	-
sammenføre	-	sammenførte	sammenført	-	-	sammenførtes
sammenholde	-	sammenholdt	sammenholdt	-	-	sammenholdtes
sammenkalde	-	sammenkaldte	sammenkaldt	-	-	sammenkaldtes
sammenklippe	-	-	-	sammenklip	-	-
sammenknytte	-	-	-	sammenknyt	-	-
sammenlægge	-	sammenlagde	sammenlagt	sammenlæg	-	sammenlagdes
sammenpresse	-	-	-	sammenpres	-	-
sammenrulle	-	-	-	sammenrul	-	-
sammenrykke	-	-	-	sammenryk	-	-
sammenskrive	-	sammenskrev	sammenskrevet	-	-	-
sammenslutte	-	-	-	sammenslut	-	-
sammenstikke	-	sammenstak	sammenstukket	sammenstik	-	-
sammenstille	-	-	-	sammenstil	-	-
sammenstykke	-	-	-	sammenstyk	-
sammensætte	-	sammensatte	sammensat	sammensæt	-	sammensattes
sammentræde	-	sammentrådte	sammentrådt	-	-	sammentrådtes
sammentrække	-	sammentrak	sammentrukket	sammentræk	-	-
sammentrænge	-	sammentrængte	sammentrængt	-	-	sammentrængtes
sammentælle	-	sammentalte	sammentalt	sammentæl	-	sammentaltes
sammentænke	-	sammentænkte	sammentænkt	-	-	sammentænktes
samsende	-	samsendte	samsendt	-	-	samsendtes
samstemme	-	samstemte	samstemt	samstem	-	samstemtes
samtykke	-	-	-	samtyk	-
sandblæse	-	sandblæste	sandblæst	-	-
sandsynliggøre	sandsynliggør	sandsynliggjorde	sandsynliggjort	-	-
scanne	-	-	-	scan	-	-
scrolle	-	-	-	scrol	-	-
se	-	så	-	se	seende
sejpine	-	sejpinte	sejpint	-	-	sejpintes
sejtrække	-	sejtrak	sejtrukket	sejtræk	-	-
selvangive	-	selvangav	-	-	-	-
selvantænde	-	selvantændte	selvantændt	-	-	selvantændtes
selvstændiggøre	selvstændiggør	selvstændiggjorde	selvstændiggjort	-	-
sende	-	sendte	sendt	-	-
serieforbinde	-	serieforbandt	serieforbundet	-	-	-
seriefremstille	-	-	-	seriefremstil	-	-
shine	-	-	-	shine	-	-
shoppe	-	-	-	shop	-	-
shortpasse	-	-	-	shortpas	-	-
sidde	-	sad	-	sid	-
sidesteppe	-	-	-	sidestep	-	-
sidestille	-	-	-	sidestil	-
sige	-	sagde	sagt	-	-
siksakke	-	-	-	siksak	-	-
sippe	-	-	-	sip	-	-
sjappe	-	-	-	sjap	-	-
sjatte	-	-	-	sjat	-	-
sjippe	-	-	-	sjip	-	-
sjokke	-	-	-	sjok	-	-
sjusse	-	-	-	sjus	-	-
sjutte	-	-	-	sjut	-	-
skaffe	-	-	-	skaf	-
skalle	-	-	-	skal	-
skambide	-	skambed	skambidt	-	-	-
skamme	-	-	-	skam	-
skamride	-	skamred	skamredet	-	-	-
skamrose	-	skamroste	skamrost	-	-	skamrostes
skamskyde	-	skamskød	skamskudt	-	-	-
skamslå	-	skamslog	-	-	-	-
skarre	-	-	-	skar	-	-
skate	-	-	-	skate	-	-
skatte	-	-	-	skat	-	-
skatteansætte	-	skatteansatte	skatteansat	skatteansæt	-	skatteansattes
ske	-	skete	-	ske	skeende	-
skemalægge	-	skemalagde	skemalagt	skemalæg	-	skemalagdes
skide	-	sked	skidt	-	-
skikke	-	-	-	skik	-
skille	-	skilte	skilt	skil	-
skimme	-	-	-	skim	-	-
skinne	-	-	-	skin	-
skippe	-	-	-	skip	-	-
skjule	-	skjulte	skjult	-	-
skodde	-	-	-	skod	-
skoggerle	-	skoggerlo	-	skoggerle	skoggerleende	-
skotte	-	-	-	skot	-
skralle	-	-	-	skral	-	-
skramme	-	-	-	skram	-	-
skratte	-	-	-	skrat	-	-
skride	-	skred	skredet	-	-
skrige	-	skreg	skreget	-	-
skrinlægge	-	skrinlagde	skrinlagt	skrinlæg	-	-
skrive	-	skrev	skrevet	-	-
skrotte	-	-	-	skrot	-
skrubbe	-	-	-	skrub	-
skrue	-	-	skruet	skru	-
skrukke	-	-	-	skruk	-	-
skråtstille	-	-	-	skråtstil	-	-
skrælle	-	-	-	skræl	-
skræmme	-	skræmte	skræmt	skræm	-
skræppe	-	-	-	skræp	-	-
skubbe	-	-	-	skub	-
skue	-	-	skuet	sku	-
skuffe	-	-	-	skuf	-
skulle	skal	skulle	-	-	-
skumlæse	-	skumlæste	skumlæst	-	-	skumlæstes
skumme	-	-	-	skum	-
skurre	-	-	-	skur	-	-
skutte	-	-	-	skut	-	-
skvatte	-	-	-	skvat	-
skvætte	-	-	-	skvæt	-	-
skyde	-	skød	skudt	-	-
skygge	-	-	-	skyg	-
skylde	-	skyldte	skyldt	-	-
skylle	-	-	-	skyl	-	-
skype	-	-	-	Skype	-	-
skælde	-	skældte	-	-	-	-
skælle	-	-	-	skæl	-	-
skæmme	-	-	-	skæm	-	-
skæppe	-	-	-	skæp	-	-
skære	-	skar	skåret	-	-	-
skætte	-	-	-	skæt	-	-
skævdele	-	skævdelte	skævdelt	-	-	skævdeltes
skævvride	-	skævvred	skævvredet	-	-	-
skønne	-	-	-	skøn	-
skøtte	-	-	-	skøt	-	-
slagge	-	-	-	slag	-	-
slappe	-	-	-	slap	-
slavebinde	-	slavebandt	slavebundet	-	-	-
slette	-	-	-	slet	-
slibe	-	sleb	slebet	-	-
slice	-	-	-	slice	-	-
slide	-	sled	slidt	-	-
slikke	-	-	-	slik	-
slippe	-	slap	sluppet	slip	-
sluge	-	slugte	slugt	-	-
slukke	-	-	-	sluk	-
slutte	-	-	-	slut	-
slå	-	slog	-	-	-
slæbe	-	slæbte	slæbt	-	-
slække	-	-	-	slæk	-	-
slæmme	-	-	-	slæm	-	-
smage	-	smagte	smagt	-	-
smagsætte	-	smagsatte	smagsat	smagsæt	-	smagsattes
smatte	-	-	-	smat	-	-
smide	-	smed	smidt	-	-
smidiggøre	smidiggør	smidiggjorde	smidiggjort	-	-
smitte	-	-	-	smit	-
smugdrikke	-	smugdrak	smugdrukket	smugdrik	-	-
smugkigge	-	-	-	smugkig	-	-
smuglæse	-	smuglæste	smuglæst	-	-	smuglæstes
smugryge	-	smugrøg	smugrøget	-	-	-
smutte	-	-	-	smut	-
smykke	-	-	-	smyk	-
småfryse	-	småfrøs	småfrosset	-	-	-
småkoge	-	småkogte	småkogt	-	-	småkogtes
småspise	-	småspiste	småspist	-	-
smække	-	-	-	smæk	-
smøre	-	smurte	smurt	-	-
snakke	-	-	-	snak	-
snappe	-	-	-	snap	-
sne	-	sneede	sneet	sne	sneende
snerre	-	-	-	sner	-
snerydde	-	-	-	sneryd	-	-
sniffe	-	-	-	snif	-	-
snige	-	sneg	sneget	-	-
snigløbe	-	snigløb	-	-	-	-
snitte	-	-	-	snit	-
snobbe	-	-	-	snob	-
snorksove	-	snorksov	-	-	-	-
snotte	-	-	-	snot	-	-
snubbe	-	-	-	snub	-
snue	-	-	snuet	snu	-	-
snuppe	-	-	-	snup	-
snurre	-	-	-	snur	-
snyde	-	snød	snydt	-	-
soppe	-	-	-	sop	-	-
sove	-	sov	-	-	-
spamme	-	-	-	spam	-
sparre	-	-	-	spar	-	-
specialfremstille	-	-	-	specialfremstil	-	-
spejlvende	-	spejlvendte	spejlvendt	-	-	spejlvendtes
spice	-	-	-	spice	-	-
spidde	-	-	-	spid	-
spidstege	-	spidstegte	spidstegt	-	-	spidstegtes
spilde	-	spildte	spildt	-	-	-
spilkoge	-	spilkogte	spilkogt	-	-	spilkogtes
spille	-	-	-	spil	-
spinde	-	spandt	spundet	-	-	spinnedes
spinne	-	-	-	spin	-
spise	-	spiste	spist	-	-
spjætte	-	-	-	spjæt	-
splatte	-	-	-	splat	-	-
splitte	-	-	-	split	-
spotte	-	-	-	spot	-
spraye	-	-	sprayet	spray	-	-
sprede	-	spredte	spredt	-	-
springe	-	sprang	sprunget	-	-
sprutte	-	-	-	sprut	-
sprække	-	-	-	spræk	-
sprælle	-	-	-	spræl	-	-
sprænge	-	sprængte	sprængt	-	-
sprætte	-	-	-	spræt	-	-
spytte	-	-	-	spyt	-
spække	-	-	-	spæk	-
spænde	-	spændte	spændt	-	-
spærre	-	-	-	spær	-
spørge	-	spurgte	spurgt	-	-
stagedive	-	-	-	stagedive	-	-
stagvende	-	stagvendte	stagvendt	-	-	stagvendtes
stakke	-	-	-	stak	-	-
stalle	-	-	-	stal	-	-
stamme	-	-	-	stam	-
stavnsbinde	-	stavnsbandt	stavnsbundet	-	-	-
stedsbestemme	-	stedsbestemte	stedsbestemt	stedsbestem	-	stedsbestemtes
stege	-	stegte	stegt	-	-
stemme	-	-	-	stem	-
steppe	-	-	-	step	-	-
stige	-	steg	steget	-	-
stikke	-	stak	stukket	stik	-
stille	-	-	-	stil	-
stinke	-	stank	-	-	-
stirre	-	-	-	stir	-
stjæle	-	stjal	stjålet	-	-
stoppe	-	-	-	stop	-
straffe	-	-	-	straf	-
strafforfølge	-	strafforfulgte	strafforfulgt	-	-	strafforfulgtes
stramme	-	-	-	stram	-
strejkelamme	-	-	-	strejkelam	-	-
stride	-	stred	stridt	-	-
strikke	-	-	-	strik	-
strippe	-	-	-	strip	-	-
stritte	-	-	-	strit	-	-
strutte	-	-	-	strut	-	-
stryge	-	strøg	-	-	-
stræbe	-	stræbte	stræbt	-	-
strække	-	strakte	strakt	stræk	-
strømme	-	-	-	strøm	-
stykke	-	-	-	styk	-
style	-	-	-	style	-	-
styrtbløde	-	styrtblødte	styrtblødt	-	-	styrtblødtes
styrtdykke	-	-	-	styrtdyk	-	-
stå	-	stod	-	-	-
stække	-	-	-	stæk	-
støbe	-	støbte	støbt	-	-
støde	-	stødte	stødt	-	-
stønne	-	-	-	støn	-
støtte	-	-	-	støt	-
sukke	-	-	-	suk	-
summe	-	-	-	sum	-	-
surre	-	-	-	sur	-	-
sutte	-	-	-	sut	-
svede	-	svedte	svedt	-	-	svedtes
svide	-	sved	svedet	-	-
svige	-	sveg	sveget	-	-
svinde	-	svandt	svundet	-	-
svinebinde	-	svinebandt	svinebundet	-	-	-
svippe	-	-	-	svip	-	-
svirre	-	-	-	svir	-
svumme	-	-	-	svum	-	-
svuppe	-	-	-	svup	-	-
svække	-	-	-	svæk	-
svøbe	-	svøbte	svøbt	-	-
svømme	-	-	-	svøm	-
swipe	-	-	-	swipe	-	-
sygehusindlægge	-	sygehusindlagde	sygehusindlagt	sygehusindlæg	-	sygehusindlagdes
sygeliggøre	sygeliggør	sygeliggjorde	sygeliggjort	-	-
sygemelde	-	sygemeldte	sygemeldt	-	-	sygemeldtes
synge	-	sang	sunget	-	-
synke	-	sank	sunket	-	-
synliggøre	synliggør	synliggjorde	synliggjort	-	-
sysselsætte	-	sysselsatte	sysselsat	sysselsæt	-	sysselsattes
sække	-	-	-	sæk	-	-
sælge	-	solgte	solgt	-	-
særbeskatte	-	-	-	særbeskat	-	-
særskrive	-	særskrev	særskrevet	-	-	-
sætte	-	satte	sat	sæt	-
søge	-	søgte	søgt	-	-
sømme	-	-	-	søm	-
sønderdele	-	sønderdelte	sønderdelt	-	-	sønderdeltes
sønderknuse	-	sønderknuste	sønderknust	-	-	sønderknustes
sønderlemme	-	-	-	sønderlem	-	-
sønderrive	-	sønderrev	sønderrevet	-	-	-
søsætte	-	søsatte	søsat	søsæt	-	søsattes
tabe	-	tabte	tabt	-	-
tage	-	tog	-	-	-
tagge	-	-	-	tag	-	-
takke	-	-	-	tak	-
tale	-	talte	talt	-	-
tangforløse	-	tangforløste	tangforløst	-	-	tangforløstes
tape	-	-	-	tape	-
tapløbe	-	tapløb	-	-	-	-
tappe	-	-	-	tap	-
taxie	-	-	taxiet	taxi	-	-
te	-	teede	teet	te	teende
tidsbestemme	-	tidsbestemte	tidsbestemt	tidsbestem	-	tidsbestemtes
tidsindstille	-	-	-	tidsindstil	-	-
tie	-	-	tiet	ti	-
tigge	-	-	-	tig	-
tikke	-	-	-	tik	-	-
tilbageføre	-	tilbageførte	tilbageført	-	-	tilbageførtes
tilbageholde	-	tilbageholdt	tilbageholdt	-	-	tilbageholdtes
tilbagekalde	-	tilbagekaldte	tilbagekaldt	-	-	tilbagekaldtes
tilbagelægge	-	tilbagelagde	tilbagelagt	tilbagelæg	-	tilbagelagdes
tilbagesende	-	tilbagesendte	tilbagesendt	-	-	tilbagesendtes
tilbagevise	-	tilbageviste	tilbagevist	-	-	tilbagevistes
tilbede	-	tilbad	tilbedt	-	-
tilberede	-	tilberedte	tilberedt	-	-
tilbinde	-	tilbandt	tilbundet	-	-	-
tilbringe	-	tilbragte	tilbragt	-	-	-
tilbyde	-	tilbød	tilbudt	-	-
tilbygge	-	-	-	tilbyg	-
tildanne	-	-	-	tildan	-	-
tildele	-	tildelte	tildelt	-	-
tildrage	-	tildrog	-	-	-	-
tildække	-	-	-	tildæk	-	-
tilendebringe	-	tilendebragte	tilendebragt	-	-	tilendebragtes
tilfalde	-	tilfaldt	-	-	-	-
tilflyde	-	tilflød	tilflydt	-	-	-
tilflytte	-	-	-	tilflyt	-	-
tilfredsstille	-	-	-	tilfredsstil	-
tilføre	-	tilførte	tilført	-	-
tilgive	-	tilgav	-	-	-
tilgodese	-	tilgodeså	-	tilgodese	tilgodeseende	tilgodesås
tilgodeskrive	-	tilgodeskrev	tilgodeskrevet	-	-	-
tilgå	-	tilgik	-	-	-
tilgængeliggøre	tilgængeliggør	tilgængeliggjorde	tilgængeliggjort	-	-
tilhugge	-	-	-	tilhug	-	-
tilhylle	-	-	-	tilhyl	-	-
tilhøre	-	tilhørte	tilhørt	-	-
tilintetgøre	tilintetgør	tilintetgjorde	tilintetgjort	-	-
tilkalde	-	tilkaldte	tilkaldt	-	-	tilkaldtes
tilkende	-	tilkendte	tilkendt	-	-
tilkendegive	-	tilkendegav	-	-	-
tilknytte	-	-	-	tilknyt	-
tilkomme	-	tilkom	-	tilkom	-	-
tilkøbe	-	tilkøbte	tilkøbt	-	-	tilkøbtes
tilkøre	-	tilkørte	tilkørt	-	-	tilkørtes
tillade	-	tillod	tilladt	-	-
tillokke	-	-	-	tillok	-	-
tillukke	-	-	-	tilluk	-	-
tillægge	-	tillagde	tillagt	tillæg	-	tillagdes
tillære	-	tillærte	tillært	-	-	tillærtes
tilmelde	-	tilmeldte	tilmeldt	-	-	tilmeldtes
tilmåle	-	tilmålte	tilmålt	-	-	tilmåltes
tilpasse	-	-	-	tilpas	-
tilproppe	-	-	-	tilprop	-	-
tilrette	-	-	-	tilret	-	-
tilrettelægge	-	tilrettelagde	tilrettelagt	tilrettelæg	-	tilrettelagdes
tilrettevise	-	tilretteviste	tilrettevist	-	-	tilrettevistes
tilride	-	tilred	tilredet	-	-	-
tilrive	-	tilrev	tilrevet	-	-	-
tilryge	-	tilrøg	tilrøget	-	-	-
tilråbe	-	tilråbte	tilråbt	-	-
tilse	-	tilså	-	tilse	tilseende	tilsås
tilsende	-	tilsendte	tilsendt	-	-	tilsendtes
tilsidesætte	-	tilsidesatte	tilsidesat	tilsidesæt	-
tilsige	-	tilsagde	tilsagt	-	-
tilskikke	-	-	-	tilskik	-	-
tilskodde	-	-	-	tilskod	-	-
tilskrive	-	tilskrev	tilskrevet	-	-	-
tilskære	-	tilskar	tilskåret	-	-	-
tilslutte	-	-	-	tilslut	-
tilsmage	-	tilsmagte	tilsmagt	-	-	tilsmagtes
tilsnige	-	tilsneg	tilsneget	-	-	-
tilspille	-	-	-	tilspil	-	-
tilspørge	-	tilspurgte	tilspurgt	-	-	tilspurgtes
tilstille	-	-	-	tilstil	-	-
tilstoppe	-	-	-	tilstop	-	-
tilstræbe	-	tilstræbte	tilstræbt	-	-	tilstræbtes
tilstå	-	tilstod	-	-	-
tilstøde	-	tilstødte	tilstødt	-	-
tilsætte	-	tilsatte	tilsat	tilsæt	-
tiltage	-	tiltog	-	-	-
tiltale	-	tiltalte	tiltalt	-	-
tiltræde	-	tiltrådte	tiltrådt	-	-	tiltrådtes
tiltrække	-	tiltrak	tiltrukket	tiltræk	-
tiltrænge	-	tiltrængte	tiltrængt	-	-	tiltrængtes
tiltvinge	-	tiltvang	tiltvunget	-	-	-
tiltænke	-	tiltænkte	tiltænkt	-	-	tiltænktes
tilvejebringe	-	tilvejebragte	tilvejebragt	-	-	tilvejebragtes
tilvende	-	tilvendte	tilvendt	-	-	tilvendtes
tilvælge	-	tilvalgte	tilvalgt	-	-	tilvalgtes
tilvænne	-	-	-	tilvæn	-	-
time	-	-	-	time	-
tinglyse	-	tinglyste	tinglyst	-	-	tinglystes
tingsliggøre	tingsliggør	tingsliggjorde	tingsliggjort	-	-
tippe	-	-	-	tip	-
tirre	-	-	-	tir	-
tisse	-	-	-	tis	-
titte	-	-	-	tit	-
tjatte	-	-	-	tjat	-	-
tjekke	-	-	-	tjek	-
tjene	-	tjente	tjent	-	-
tjenestegøre	tjenestegør	tjenestegjorde	tjenestegjort	-	-	tjenestegjordes
tjenestemandsansætte	-	tjenestemandsansatte	tjenestemandsansat	tjenestemandsansæt	-	tjenestemandsansattes
todele	-	todelte	todelt	-	-	todeltes
tonesætte	-	tonesatte	tonesat	tonesæt	-	tonesattes
toppe	-	-	-	top	-	-
tosse	-	-	-	tos	-
totalforbyde	-	totalforbød	totalforbudt	-	-	-
totte	-	-	-	tot	-	-
trafikdræbe	-	trafikdræbte	trafikdræbt	-	-	trafikdræbtes
tralle	-	-	-	tral	-	-
trappe	-	-	-	trap	-	-
tredele	-	tredelte	tredelt	-	-	tredeltes
trekke	-	-	-	trek	-
trigge	-	-	-	trig	-	-
trille	-	-	-	tril	-
trimme	-	-	-	trim	-	-
trindele	-	trindelte	trindelt	-	-	trindeltes
trippe	-	-	-	trip	-	-
trisse	-	-	-	tris	-	-
troldbinde	-	troldbandt	troldbundet	-	-	-
tromme	-	-	-	trom	-
troppe	-	-	-	trop	-	-
true	-	-	truet	tru	-
trutte	-	-	-	trut	-	-
trykke	-	-	-	tryk	-
trylle	-	-	-	tryl	-
tryllebinde	-	tryllebandt	tryllebundet	-	-
træde	-	trådte	trådt	-	-
træffe	-	traf	truffet	træf	-
trække	-	trak	trukket	træk	-
trælbinde	-	trælbandt	trælbundet	-	-	-
trælle	-	-	-	træl	-
trænge	-	trængte	trængt	-	-
trætte	-	-	-	træt	-
trøstespise	-	trøstespiste	trøstespist	-	-	trøstespistes
tulle	-	-	-	tul	-	-
tungekysse	-	-	-	tungekys	-	-
turde	tør	turde	-	-	-
tusse	-	-	-	tus	-	-
tutte	-	-	-	tut	-
tvangsanbringe	-	tvangsanbragte	tvangsanbragt	-	-	tvangsanbragtes
tvangsflytte	-	-	-	tvangsflyt	-	-
tvangsforflytte	-	-	-	tvangsforflyt	-	-
tvangsindlægge	-	tvangsindlagde	tvangsindlagt	tvangsindlæg	-
tvangsudskrive	-	tvangsudskrev	tvangsudskrevet	-	-	-
tvedele	-	tvedelte	tvedelt	-	-	tvedeltes
tvinde	-	tvandt	tvundet	-	-
tvinge	-	tvang	tvunget	-	-
tvætte	-	-	-	tvæt	-
tydeliggøre	tydeliggør	tydeliggjorde	tydeliggjort	-	-
tygge	-	-	-	tyg	-
tylle	-	-	-	tyl	-	-
tyndslide	-	tyndsled	tyndslidt	-	-	-
typebestemme	-	typebestemte	typebestemt	typebestem	-	typebestemtes
typegodkende	-	typegodkendte	typegodkendt	-	-	typegodkendtes
tysse	-	-	-	tys	-	-
tyvstjæle	-	tyvstjal	tyvstjålet	-	-	-
tåle	-	tålte	tålt	-	-
tække	-	-	-	tæk	-
tælle	-	talte	talt	tæl	-
tæmme	-	-	-	tæm	-
tænde	-	tændte	tændt	-	-
tænke	-	tænkte	tænkt	-	-
tæppe	-	-	-	tæp	-
tætte	-	-	-	tæt	-
tøffe	-	-	-	tøf	-	-
tømme	-	tømte	tømt	tøm	-
tørlægge	-	tørlagde	tørlagt	tørlæg	-	tørlagdes
tørre	-	-	-	tør	-
tørstege	-	tørstegte	tørstegt	-	-	tørstegtes
udbede	-	udbad	udbedt	-	-	-
udbetale	-	udbetalte	udbetalt	-	-	udbetaltes
udbinde	-	udbandt	udbundet	-	-	-
udblokke	-	-	-	udblok	-	-
udblæse	-	udblæste	udblæst	-	-	udblæstes
udbrede	-	udbredte	udbredt	-	-	udbredtes
udbringe	-	udbragte	udbragt	-	-	udbragtes
udbryde	-	udbrød	udbrudt	-	-	-
udbrænde	-	udbrændte	udbrændt	-	-	udbrændtes
udbyde	-	udbød	udbudt	-	-	-
udbygge	-	-	-	udbyg	-
udbytte	-	-	-	udbyt	-	-
udbære	-	udbar	udbåret	-	-	-
uddanne	-	-	-	uddan	-
uddele	-	uddelte	uddelt	-	-	-
uddrage	-	uddrog	-	-	-	-
uddrive	-	uddrev	uddrevet	-	-	-
uddykke	-	-	-	uddyk	-	-
uddø	-	uddøde	-	-	-
udeblive	-	udeblev	udeblevet	-	-
udelade	-	udelod	udeladt	-	-
udelukke	-	-	-	udeluk	-
udestå	-	udestod	-	-	-	-
udfinde	-	udfandt	udfundet	-	-	udfandtes
udflytte	-	-	-	udflyt	-	-
udfritte	-	-	-	udfrit	-	-
udfylde	-	udfyldte	udfyldt	-	-	udfyldtes
udføre	-	udførte	udført	-	-
udgive	-	udgav	-	-	-
udglatte	-	-	-	udglat	-	-
udgyde	-	udgød	udgydt	-	-	-
udgå	-	udgik	-	-	-
udgøre	udgør	udgjorde	udgjort	-	-
udholde	-	udholdt	udholdt	-	-
udhugge	-	-	-	udhug	-	-
udhænge	-	udhængte	udhængt	-	-	udhængtes
udklasse	-	-	-	udklas	-	-
udklippe	-	-	-	udklip	-	-
udklække	-	-	-	udklæk	-	-
udkoge	-	udkogte	udkogt	-	-	udkogtes
udkomme	-	udkom	-	udkom	-
udle	-	udlo	-	udle	udleende	-
udlede	-	udledte	udledt	-	-
udlodde	-	-	-	udlod	-	-
udlosse	-	-	-	udlos	-	-
udlåne	-	udlånte	udlånt	-	-	udlåntes
udlægge	-	udlagde	udlagt	udlæg	-	udlagdes
udlære	-	udlærte	udlært	-	-	udlærtes
udlæse	-	udlæste	udlæst	-	-	udlæstes
udløbe	-	udløb	-	-	-	-
udløse	-	udløste	udløst	-	-	udløstes
udmatte	-	-	-	udmat	-
udmelde	-	udmeldte	udmeldt	-	-
udmåle	-	udmålte	udmålt	-	-	udmåltes
udnytte	-	-	-	udnyt	-
udnævne	-	udnævnte	udnævnt	-	-
udpibe	-	udpeb	udpebet	-	-	-
udpine	-	udpinte	udpint	-	-	udpintes
udplukke	-	-	-	udpluk	-	-
udpresse	-	-	-	udpres	-	-
udrejse	-	udrejste	udrejst	-	-
udrette	-	-	-	udret	-
udrinde	-	udrandt	-	-	-	-
udrive	-	udrev	udrevet	-	-	-
udrulle	-	-	-	udrul	-	-
udrydde	-	-	-	udryd	-
udrykke	-	-	-	udryk	-	-
udråbe	-	udråbte	udråbt	-	-	udråbtes
udrømme	-	-	-	udrøm	-	-
udrøre	-	udrørte	udrørt	-	-	udrørtes
udse	-	udså	-	udse	udseende
udsende	-	udsendte	udsendt	-	-
udsige	-	udsagde	udsagt	-	-	udsagdes
udskamme	-	-	-	udskam	-	-
udskille	-	udskilte	udskilt	udskil	-	udskiltes
udskrige	-	udskreg	udskreget	-	-	-
udskrive	-	udskrev	udskrevet	-	-
udskyde	-	udskød	udskudt	-	-
udskylle	-	-	-	udskyl	-	-
udskære	-	udskar	udskåret	-	-	-
udslette	-	-	-	udslet	-
udslukke	-	-	-	udsluk	-	-
udsmide	-	udsmed	udsmidt	-	-	-
udsmykke	-	-	-	udsmyk	-	-
udspille	-	-	-	udspil	-	-
udspinde	-	udspandt	udspundet	-	-	-
udsprede	-	udspredte	udspredt	-	-	udspredtes
udspringe	-	udsprang	udsprunget	-	-	-
udsprænge	-	udsprængte	udsprængt	-	-	udsprængtes
udspænde	-	udspændte	udspændt	-	-	udspændtes
udspørge	-	udspurgte	udspurgt	-	-	udspurgtes
udstede	-	udstedte	udstedt	-	-	-
udstikke	-	udstak	udstukket	udstik	-	-
udstille	-	-	-	udstil	-	-
udstoppe	-	-	-	udstop	-	-
udstrække	-	udstrakte	udstrakt	udstræk	-	udstraktes
udstykke	-	-	-	udstyk	-
udstå	-	udstod	-	-	-	-
udstøde	-	udstødte	udstødt	-	-
udsvede	-	udsvedte	udsvedt	-	-	udsvedtes
udsætte	-	udsatte	udsat	udsæt	-
udsøge	-	udsøgte	udsøgt	-	-
udtage	-	udtog	-	-	-	-
udtale	-	udtalte	udtalt	-	-
udtrykke	-	udtrykte	udtrykt	udtryk	-	-
udtræde	-	udtrådte	udtrådt	-	-	udtrådtes
udtrække	-	udtrak	udtrukket	udtræk	-	-
udtrætte	-	-	-	udtræt	-	-
udtænke	-	udtænkte	udtænkt	-	-	udtænktes
udtømme	-	udtømte	udtømt	udtøm	-	udtømtes
udtørre	-	-	-	udtør	-	-
udvinde	-	udvandt	udvundet	-	-	-
udvise	-	udviste	udvist	-	-	-
udvælge	-	udvalgte	-	-	-
udødeliggøre	udødeliggør	udødeliggjorde	udødeliggjort	-	-
umenneskeliggøre	umenneskeliggør	umenneskeliggjorde	umenneskeliggjort	-	-
umuliggøre	umuliggør	umuliggjorde	umuliggjort	-	-
umyndiggøre	umyndiggør	umyndiggjorde	umyndiggjort	-	-
unddrage	-	unddrog	-	-	-
unde	-	undte	undt	-	-
underbelyse	-	underbelyste	underbelyst	-	-	underbelystes
underbetale	-	underbetalte	underbetalt	-	-	underbetaltes
underbinde	-	underbandt	underbundet	-	-	-
underbringe	-	underbragte	underbragt	-	-	underbragtes
underbyde	-	underbød	underbudt	-	-	-
underbygge	-	-	-	underbyg	-
underdrive	-	underdrev	underdrevet	-	-
underforstå	-	underforstod	-	-	-	-
undergive	-	undergav	-	-	-	-
undergå	-	undergik	-	-	-
underholde	-	underholdt	underholdt	-	-
underinddele	-	underinddelte	underinddelt	-	-	underinddeltes
underkende	-	underkendte	underkendt	-	-
underkue	-	-	underkuet	underku	-
underkøbe	-	underkøbte	underkøbt	-	-
underlægge	-	underlagde	underlagt	underlæg	-	underlagdes
underløbe	-	underløb	-	-	-	-
underopdele	-	underopdelte	underopdelt	-	-	underopdeltes
underprikke	-	-	-	underprik	-	-
underrette	-	-	-	underret	-
underskride	-	underskred	underskredet	-	-	-
underskrive	-	underskrev	underskrevet	-	-
underslå	-	underslog	-	-	-	-
underspille	-	-	-	underspil	-	-
understryge	-	understrøg	understrøget	-	-	-
understå	-	understod	-	-	-	-
understøtte	-	-	-	understøt	-	-
undersælge	-	undersolgte	undersolgt	-	-	undersolgtes
undersøge	-	undersøgte	undersøgt	-	-
undertippe	-	-	-	undertip	-	-
undertrykke	-	undertrykte	undertrykt	undertryk	-
undertvinge	-	undertvang	undertvunget	-	-	-
undervise	-	underviste	undervist	-	-
undgå	-	undgik	-	-	-
undkomme	-	undkom	-	undkom	-	-
undlade	-	undlod	undladt	-	-
undløbe	-	undløb	-	-	-	-
undse	-	undså	-	undse	undseende	-
undsige	-	undsagde	undsagt	-	-
undskylde	-	undskyldte	undskyldt	-	-
undslippe	-	undslap	undsluppet	undslip	-
undslå	-	undslog	-	-	-
undsætte	-	undsatte	undsat	undsæt	-
undtage	-	undtog	-	-	-
undvige	-	undveg	undveget	-	-
upersonliggøre	upersonliggør	upersonliggjorde	upersonliggjort	-	-	upersonliggjordes
uropføre	-	uropførte	uropført	-	-	uropførtes
uskadeliggøre	-	uskadeliggjorde	uskadeliggjort	-	-
vakuumpakke	-	-	-	vakuumpak	-	-
vandkæmme	-	-	-	vandkæm	-	-
vanskeliggøre	vanskeliggør	vanskeliggjorde	vanskeliggjort	-	-
vanskøtte	-	-	-	vanskøt	-	-
varetage	-	varetog	-	-	-
vedblive	-	vedblev	vedblevet	-	-
vederlægge	-	vederlagde	vederlagt	vederlæg	-	vederlagdes
vedgå	-	vedgik	-	-	-
vedkende	-	vedkendte	vedkendt	-	-	vedkendtes
vedkomme	-	vedkom	-	vedkom	-
vedligeholde	-	vedligeholdt	vedligeholdt	-	-
vedlægge	-	vedlagde	vedlagt	vedlæg	-	vedlagdes
vedrøre	-	vedrørte	vedrørt	-	-
vedstå	-	vedstod	-	-	-	-
vedtage	-	vedtog	-	-	-
vende	-	vendte	vendt	-	-
venstreklikke	-	-	-	venstreklik	-	-
verdsliggøre	verdsliggør	verdsliggjorde	verdsliggjort	-	-
vestliggøre	vestliggør	vestliggjorde	vestliggjort	-	-
vetoe	-	-	vetoet	veto	-	-
videndele	-	videndelte	videndelt	-	-	videndeltes
videnskabeliggøre	videnskabeliggør	videnskabeliggjorde	videnskabeliggjort	-	-
videreføre	-	videreførte	videreført	-	-	videreførtes
videregive	-	videregav	-	-	-	-
videresende	-	videresendte	videresendt	-	-
viderestille	-	-	-	viderestil	-	-
videresælge	-	videresolgte	videresolgt	-	-	videresolgtes
videreuddanne	-	-	-	videreuddan	-	-
vige	-	veg	veget	-	-
vildføre	-	vildførte	vildført	-	-	vildførtes
vildlede	-	vildledte	vildledt	-	-	vildledtes
ville	vil	ville	-	-	-
vinde	-	vandt	vundet	-	-
vindtørre	-	-	-	vindtør	-	-
vippe	-	-	-	vip	-
virkeliggøre	virkeliggør	virkeliggjorde	virkeliggjort	-	-
virre	-	-	-	vir	-	-
vise	-	viste	vist	-	-
visse	-	-	-	vis	-	-
visselulle	-	-	-	visselul	-	-
volde	-	voldte	-	-	-
voldføre	-	voldførte	voldført	-	-	voldførtes
voldtage	-	voldtog	-	-	-
vride	-	vred	vredet	-	-
vrikke	-	-	-	vrik	-
vrisse	-	-	-	vris	-
vugge	-	-	-	vug	-
vædde	-	-	-	væd	-
vække	-	-	-	væk	-
vælge	-	valgte	valgt	-	-
vænne	-	-	-	væn	-
værdisætte	-	værdisatte	værdisat	værdisæt	-	værdisattes
værdsætte	-	værdsatte	værdsat	værdsæt	-
være	er	var	-	-	-
yppe	-	-	-	yp	-
zappe	-	-	-	zap	-	-
åndeliggøre	åndeliggør	åndeliggjorde	åndeliggjort	-	-
årelade	-	årelod	-	-	-	-
åremålsansætte	-	åremålsansatte	åremålsansat	åremålsansæt	-	åremålsansattes
æde	-	åd	ædt	-	-
ægge	-	-	-	æg	-
ødelægge	-	ødelagde	ødelagt	ødelæg	-
øffe	-	-	-	øf	-
ømme	-	-	-	øm	-	-
