# Tamil verb stems, mined from the kaikki ∩ ThamizhiMorph agreement.
# Tamil conjugation class is lexical, so the stems are stored and the
# engine (src/tam.rs) only stacks the PNG endings.
# Regenerate: python3 scripts/tam/mine_verbs.py
#
# present is the கிற் stem, past the past stem, future the வ்/ப் stem;
# um is the -உம் form, inf the infinitive, imp_pl the plural imperative.
# A `-` cell falls through to the productive weak rule.
# lemma	present	past	future	um	inf	imp_pl
அகப்படு	அகப்படுகிற்	அகப்பட்ட்	அகப்படுவ்	அகப்படும்	அகப்பட	அகப்படுங்கள்
அகற்று	அகற்றுகிற்	அகற்றின்	அகற்றுவ்	அகற்றும்	அகற்ற	அகற்றுங்கள்
அகல்	அகல்கிற்	அகன்ற்	அகல்வ்	அகலும்	அகல	அகலுங்கள்
அகழ்	அகழ்கிற்	அகழ்ந்த்	அகழ்வ்	அகழும்	அகழ	அகழுங்கள்
அகை	அகைகிற்	அகைத்த்	அகைப்ப்	அகையும்	அகைக்க	அகையுங்கள்
அச	அசருகிற்	அசந்த்	அசருவ்	அசரும்	அசர	அசருங்கள்
அசர்	அசர்கிற்	அசர்ந்த்	அசர்வ்	அசரும்	அசர	அசருங்கள்
அசர்த்து	அசர்த்துகிற்	அசர்த்தின்	அசர்த்துவ்	அசர்த்தும்	அசர்த்த	அசர்த்துங்கள்
அசும்பு	அசும்புகிற்	அசும்பின்	அசும்புவ்	அசும்பும்	அசும்ப	அசும்புங்கள்
அசை	அசைகிற்	அசைத்த்	அசைப்ப்	அசையும்	அசைக்க	அசையுங்கள்
அஞ்சு	அஞ்சுகிற்	அஞ்சின்	அஞ்சுவ்	அஞ்சும்	அஞ்ச	அஞ்சுங்கள்
அடக்கு	அடக்குகிற்	அடக்கின்	அடக்குவ்	அடக்கும்	அடக்க	அடக்குங்கள்
அடங்கு	அடங்குகிற்	அடங்கின்	அடங்குவ்	அடங்கும்	அடங்க	அடங்குங்கள்
அடர்	அடர்கிற்	அடர்த்த்	அடர்ப்ப்	அடரும்	அடர்க்க	அடருங்கள்
அடி	அடிக்கிற்	அடித்த்	அடிப்ப்	அடிக்கும்	அடிக்க	அடியுங்கள்
அடு	அடுகிற்	அடுத்த்	அடுப்ப்	அடுக்கும்	அட	அடுங்கள்
அடுக்கு	அடுக்குகிற்	அடுக்கின்	அடுக்குவ்	அடுக்கும்	அடுக்க	அடுக்குங்கள்
அடை	அடைகிற்	அடைத்த்	அடைப்ப்	அடையும்	அடைக்க	அடையுங்கள்
அடைச்சு	அடைச்சுகிற்	அடைச்சின்	அடைச்சுவ்	அடைச்சும்	அடைச்ச	அடைச்சுங்கள்
அணி	அணிகிற்	அணிந்த்	அணிவ்	அணியும்	அணிய	அணியுங்கள்
அணுகு	அணுகுகிற்	அணுகின்	அணுகுவ்	அணுகும்	அணுக	அணுகுங்கள்
அணை	அணைகிற்	அணைத்த்	அணைப்ப்	அணையும்	அணைக்க	அணையுங்கள்
அண்டு	அண்டுகிற்	அண்டின்	அண்டுவ்	அண்டும்	அண்ட	அண்டுங்கள்
அண்ணா	அண்ணாக்கிற்	அண்ணாந்த்	அண்ணாப்ப்	அண்ணாக்கும்	அண்ணாக்க	அண்ணாவுங்கள்
அண்ணு	அண்ணுகிற்	அண்ணின்	அண்ணுவ்	அண்ணும்	அண்ண	அண்ணுங்கள்
அதட்டு	அதட்டுகிற்	அதட்டின்	அதட்டுவ்	அதட்டும்	அதட்ட	அதட்டுங்கள்
அதிகரி	அதிகரிக்கிற்	அதிகரித்த்	அதிகரிப்ப்	அதிகரிக்கும்	அதிகரிக்க	அதிகரியுங்கள்
அதிர்	அதிர்கிற்	அதிர்த்த்	அதிர்ப்ப்	அதிரும்	அதிர்க்க	அதிருங்கள்
அத்துமீறு	அத்துமீறுகிற்	அத்துமீறின்	அத்துமீறுவ்	அத்துமீறும்	அத்துமீற	அத்துமீறுங்கள்
அனல்	அனல்கிற்	அனலின்	அனல்வ்	அனலும்	அனல	அனலுங்கள்
அனுபவி	அனுபவிக்கிற்	அனுபவித்த்	அனுபவிப்ப்	அனுபவிக்கும்	அனுபவிக்க	அனுபவியுங்கள்
அனுப்பு	அனுப்புகிற்	அனுப்பின்	அனுப்புவ்	அனுப்பும்	அனுப்ப	அனுப்புங்கள்
அனுமதி	அனுமதிக்கிற்	அனுமதித்த்	அனுமதிப்ப்	அனுமதிக்கும்	அனுமதிக்க	அனுமதியுங்கள்
அன்று	அன்றுகிற்	அன்றின்	அன்றுவ்	அன்றும்	அன்ற	அன்றுங்கள்
அப்பு	அப்புகிற்	அப்பின்	அப்புவ்	அப்பும்	அப்ப	அப்புங்கள்
அமர்	அமர்கிற்	அமர்த்த்	அமர்ப்ப்	அமரும்	அமர்க்க	அமருங்கள்
அமுக்கு	அமுக்குகிற்	அமுக்கின்	அமுக்குவ்	அமுக்கும்	அமுக்க	அமுக்குங்கள்
அமை	அமைகிற்	அமைத்த்	அமைப்ப்	அமையும்	அமைக்க	அமையுங்கள்
அயர்	அயர்கிற்	அயர்ந்த்	அயர்வ்	அயரும்	அயர	அயருங்கள்
அரள்	அரள்கிற்	அரண்ட்	அரள்வ்	அரளும்	அரள	அரளுங்கள்
அரி	அரிகிற்	அரித்த்	அரிப்ப்	அரியும்	அரிக்க	அரியுங்கள்
அருகு	அருகுகிற்	அருகின்	அருகுவ்	அருகும்	அருக	அருகுங்கள்
அருச்சி	அருச்சிக்கிற்	அருச்சித்த்	அருச்சிப்ப்	அருச்சிக்கும்	அருச்சிக்க	அருச்சியுங்கள்
அருந்து	அருந்துகிற்	அருந்தின்	அருந்துவ்	அருந்தும்	அருந்த	அருந்துங்கள்
அருள்	அருள்கிற்	அருளின்	அருள்வ்	அருளும்	அருள	அருளுங்கள்
அரை	அரைகிற்	அரைத்த்	அரைப்ப்	அரையும்	அரைக்க	அரையுங்கள்
அறி	அறிகிற்	அறிந்த்	அறிவ்	அறியும்	அறிய	அறியுங்கள்
அறிவுறுத்து	அறிவுறுத்துகிற்	அறிவுறுத்தின்	அறிவுறுத்துவ்	அறிவுறுத்தும்	அறிவுறுத்த	அறிவுறுத்துங்கள்
அறு	அறுகிற்	அறுத்த்	அறுப்ப்	அறுக்கும்	அற	அறுங்கள்
அறை	அறைகிற்	அறைந்த்	அறைவ்	அறையும்	அறைய	அறையுங்கள்
அலங்கரி	அலங்கரிக்கிற்	அலங்கரித்த்	அலங்கரிப்ப்	அலங்கரிக்கும்	அலங்கரிக்க	அலங்கரியுங்கள்
அலங்கு	அலங்குகிற்	அலங்கின்	அலங்குவ்	அலங்கும்	அலங்க	அலங்குங்கள்
அலம்பு	அலம்புகிற்	அலம்பின்	அலம்புவ்	அலம்பும்	அலம்ப	அலம்புங்கள்
அலர்	அலர்கிற்	அலர்ந்த்	அலர்வ்	அலரும்	அலர	அலருங்கள்
அலர்த்து	அலர்த்துகிற்	அலர்த்தின்	அலர்த்துவ்	அலர்த்தும்	அலர்த்த	அலர்த்துங்கள்
அலறு	அலறுகிற்	அலறின்	அலறுவ்	அலறும்	அலற	அலறுங்கள்
அலு	அலுக்கிற்	அலுத்த்	அலுப்ப்	அலுக்கும்	அலுக்க	அலுங்கள்
அலுங்கு	அலுங்குகிற்	அலுங்கின்	அலுங்குவ்	அலுங்கும்	அலுங்க	அலுங்குங்கள்
அலை	அலைகிற்	அலைத்த்	அலைப்ப்	அலையும்	அலைக்க	அலையுங்கள்
அள	அளக்கிற்	அளந்த்	அளப்ப்	அளக்கும்	அளக்க	அளவுங்கள்
அளி	அளிக்கிற்	அளித்த்	அளிப்ப்	அளிக்கும்	அளிக்க	அளியுங்கள்
அள்ளு	அள்ளுகிற்	அள்ளின்	அள்ளுவ்	அள்ளும்	அள்ள	அள்ளுங்கள்
அழி	அழிகிற்	அழித்த்	அழிப்ப்	அழியும்	அழிக்க	அழியுங்கள்
அழு	அழுகிற்	அழுத்	அழுவ்	அழும்	அழ	அழுங்கள்
அழுகு	அழுகுகிற்	அழுகின்	அழுகுவ்	அழுகும்	அழுக	அழுகுங்கள்
அழுத்து	அழுத்துகிற்	அழுத்தின்	அழுத்துவ்	அழுத்தும்	அழுத்த	அழுத்துங்கள்
அழை	அழைக்கிற்	அழைத்த்	அழைப்ப்	அழைக்கும்	அழைக்க	அழையுங்கள்
அவி	அவிகிற்	அவித்த்	அவிப்ப்	அவியும்	அவிக்க	அவியுங்கள்
அவிழ்	அவிழ்கிற்	அவிழ்த்த்	அவிழ்ப்ப்	அவிழும்	அவிழ	அவிழுங்கள்
அவை	அவைக்கிற்	அவைத்த்	அவைப்ப்	அவைக்கும்	அவைக்க	அவையுங்கள்
ஆகு	ஆகிற்	ஆகின்	ஆகுவ்	ஆகும்	ஆக	ஆகுங்கள்
ஆக்கிரமி	ஆக்கிரமிக்கிற்	ஆக்கிரமித்த்	ஆக்கிரமிப்ப்	ஆக்கிரமிக்கும்	ஆக்கிரமிக்க	ஆக்கிரமியுங்கள்
ஆக்கு	ஆக்குகிற்	ஆக்கின்	ஆக்குவ்	ஆக்கும்	ஆக்க	ஆக்குங்கள்
ஆடு	ஆடுகிற்	ஆடின்	ஆடுவ்	ஆடும்	ஆட	ஆடுங்கள்
ஆட்டு	ஆட்டுகிற்	ஆட்டின்	ஆட்டுவ்	ஆட்டும்	ஆட்ட	ஆட்டுங்கள்
ஆமோதி	ஆமோதிக்கிற்	ஆமோதித்த்	ஆமோதிப்ப்	ஆமோதிக்கும்	ஆமோதிக்க	ஆமோதியுங்கள்
ஆரம்பி	ஆரம்பிக்கிற்	ஆரம்பித்த்	ஆரம்பிப்ப்	ஆரம்பிக்கும்	ஆரம்பிக்க	ஆரம்பியுங்கள்
ஆராய்	ஆராய்கிற்	ஆராய்ந்த்	ஆராய்வ்	ஆராயும்	ஆராய	ஆராயுங்கள்
ஆர்	ஆர்கிற்	ஆர்த்த்	ஆர்ப்ப்	ஆரும்	ஆர்க்க	ஆருங்கள்
ஆறு	ஆறுகிற்	ஆறின்	ஆறுவ்	ஆறும்	ஆற	ஆறுங்கள்
ஆற்று	ஆற்றுகிற்	ஆற்றின்	ஆற்றுவ்	ஆற்றும்	ஆற்ற	ஆற்றுங்கள்
ஆலோசி	ஆலோசிக்கிற்	ஆலோசித்த்	ஆலோசிப்ப்	ஆலோசிக்கும்	ஆலோசிக்க	ஆலோசியுங்கள்
ஆள்	ஆள்கிற்	ஆண்ட்	ஆள்வ்	ஆளும்	ஆள	ஆளுங்கள்
ஆழ்	ஆழ்கிற்	ஆழ்ந்த்	ஆழ்வ்	ஆழும்	ஆழ	ஆழுங்கள்
ஆழ்த்து	ஆழ்த்துகிற்	ஆழ்த்தின்	ஆழ்த்துவ்	ஆழ்த்தும்	ஆழ்த்த	ஆழ்த்துங்கள்
ஆவி	ஆவிக்கிற்	ஆவித்த்	ஆவிப்ப்	ஆவிக்கும்	ஆவிக்க	ஆவியுங்கள்
இகழ்	இகழ்கிற்	இகழ்ந்த்	இகழ்வ்	இகழும்	இகழ	இகழுங்கள்
இங்கு	இங்குகிற்	இங்கின்	இங்குவ்	இங்கும்	இங்க	இங்குங்கள்
இசை	இசைக்கிற்	இசைத்த்	இசைப்ப்	இசைக்கும்	இசைக்க	இசையுங்கள்
இடி	இடிகிற்	இடித்த்	இடிப்ப்	இடியும்	இடிக்க	இடியுங்கள்
இடு	இடுகிற்	இட்ட்	இடுவ்	இடும்	இட	இடுங்கள்
இடை	இடைகிற்	இடைந்த்	இடைவ்	இடையும்	இடைய	இடையுங்கள்
இணக்கு	இணக்குகிற்	இணக்கின்	இணக்குவ்	இணக்கும்	இணக்க	இணக்குங்கள்
இணங்கு	இணங்குகிற்	இணங்கின்	இணங்குவ்	இணங்கும்	இணங்க	இணங்குங்கள்
இணை	இணைகிற்	இணைத்த்	இணைப்ப்	இணையும்	இணைக்க	இணையுங்கள்
இனி	இனிக்கிற்	இனித்த்	இனிப்ப்	இனிக்கும்	இனிக்க	இனியுங்கள்
இயக்கு	இயக்குகிற்	இயக்கின்	இயக்குவ்	இயக்கும்	இயக்க	இயக்குங்கள்
இயங்கு	இயங்குகிற்	இயங்கின்	இயங்குவ்	இயங்கும்	இயங்க	இயங்குங்கள்
இயற்று	இயற்றுகிற்	இயற்றின்	இயற்றுவ்	இயற்றும்	இயற்ற	இயற்றுங்கள்
இயலு	இயலுகிற்	இயன்ற்	இயலுவ்	இயலும்	இயல	இயலுங்கள்
இயல்	இயல்கிற்	இயன்ற்	இயல்வ்	இயலும்	இயல	இயலுங்கள்
இர	இரக்கிற்	இரந்த்	இரப்ப்	இரக்கும்	இரக்க	இரவுங்கள்
இரங்கு	இரங்குகிற்	இரங்கின்	இரங்குவ்	இரங்கும்	இரங்க	இரங்குங்கள்
இரட்சி	இரட்சிக்கிற்	இரட்சித்த்	இரட்சிப்ப்	இரட்சிக்கும்	இரட்சிக்க	இரட்சியுங்கள்
இரட்டி	இரட்டிக்கிற்	இரட்டித்த்	இரட்டிப்ப்	இரட்டிக்கும்	இரட்டிக்க	இரட்டியுங்கள்
இரு	இருக்கிற்	இருந்த்	இருப்ப்	இருக்கும்	இருக்க	இருங்கள்
இருள்	இருள்கிற்	இருண்ட்	இருள்வ்	இருளும்	இருள	இருளுங்கள்
இரை	இரைகிற்	இரைத்த்	இரைப்ப்	இரையும்	இரைக்க	இரையுங்கள்
இற	இறக்கிற்	இறந்த்	இறப்ப்	இறக்கும்	இறக்க	இறவுங்கள்
இறக்கு	இறக்குகிற்	இறக்கின்	இறக்குவ்	இறக்கும்	இறக்க	இறக்குங்கள்
இறங்கு	இறங்குகிற்	இறங்கின்	இறங்குவ்	இறங்கும்	இறங்க	இறங்குங்கள்
இறு	இறுகிற்	இறுத்த்	இறுப்ப்	இறுக்கும்	இற	இறுங்கள்
இறுகு	இறுகுகிற்	இறுகின்	இறுகுவ்	இறுகும்	இறுக	இறுகுங்கள்
இறுக்கு	இறுக்குகிற்	இறுக்கின்	இறுக்குவ்	இறுக்கும்	இறுக்க	இறுக்குங்கள்
இறை	இறைகிற்	இறைத்த்	இறைப்ப்	இறையும்	இறைக்க	இறையுங்கள்
இலை	இலைக்கிற்	இலைத்த்	இலைப்ப்	இலைக்கும்	இலைக்க	இலையுங்கள்
இளி	இளிக்கிற்	இளித்த்	இளிப்ப்	இளிக்கும்	இளிக்க	இளியுங்கள்
இழ	இழக்கிற்	இழந்த்	இழப்ப்	இழக்கும்	இழக்க	இழவுங்கள்
இழி	இழிகிற்	இழித்த்	இழிப்ப்	இழியும்	இழிக்க	இழியுங்கள்
இழிசு	இழிசுகிற்	இழிசின்	இழிசுவ்	இழிசும்	இழிச	இழிசுங்கள்
இழு	இழுக்கிற்	இழுத்த்	இழுப்ப்	இழுக்கும்	இழுக்க	இழுங்கள்
இழுகு	இழுகுகிற்	இழுகின்	இழுகுவ்	இழுகும்	இழுக	இழுகுங்கள்
இழுக்கு	இழுக்குகிற்	இழுக்கின்	இழுக்குவ்	இழுக்கும்	இழுக்க	இழுக்குங்கள்
இழை	இழைகிற்	இழைத்த்	இழைப்ப்	இழையும்	இழைக்க	இழையுங்கள்
ஈ	ஈகிற்	ஈந்த்	ஈவ்	ஈயும்	ஈய	ஈயுங்கள்
ஈன்	ஈன்கிற்	ஈன்ற்	ஈனுவ்	ஈனும்	ஈன	ஈனுங்கள்
ஈர்	ஈர்கிற்	ஈர்த்த்	ஈர்ப்ப்	ஈரும்	ஈர்க்க	ஈருங்கள்
உடு	உடுக்கிற்	உடுத்த்	உடுப்ப்	உடுக்கும்	உடுக்க	உடுங்கள்
உடை	உடைகிற்	உடைத்த்	உடைப்ப்	உடையும்	உடைக்க	உடையுங்கள்
உட்கார்	உட்கார்கிற்	உட்கார்ந்த்	உட்கார்வ்	உட்காரும்	உட்கார	உட்காருங்கள்
உணர்	உணர்கிற்	உணர்ந்த்	உணர்வ்	உணரும்	உணர	உணருங்கள்
உண்	உண்கிற்	உண்ட்	உண்ணுவ்	உண்ணும்	உண்ண	உண்ணுங்கள்
உண்டாகு	உண்டாகிற்	உண்டாகின்	உண்டாகுவ்	உண்டாகும்	உண்டாக	உண்டாகுங்கள்
உதி	உதிக்கிற்	உதித்த்	உதிப்ப்	உதிக்கும்	உதிக்க	உதியுங்கள்
உதிர்	உதிர்கிற்	உதிர்த்த்	உதிர்ப்ப்	உதிரும்	உதிர்க்க	உதிருங்கள்
உதை	உதைக்கிற்	உதைத்த்	உதைப்ப்	உதைக்கும்	உதைக்க	உதையுங்கள்
உன்னு	உன்னுகிற்	உன்னின்	உன்னுவ்	உன்னும்	உன்ன	உன்னுங்கள்
உபயோகி	உபயோகிக்கிற்	உபயோகித்த்	உபயோகிப்ப்	உபயோகிக்கும்	உபயோகிக்க	உபயோகியுங்கள்
உமி	உமிகிற்	உமித்த்	உமிப்ப்	உமியும்	உமிக்க	உமியுங்கள்
உமிழ்	உமிழ்கிற்	உமிழ்ந்த்	உமிழ்வ்	உமிழும்	உமிழ	உமிழுங்கள்
உயர்	உயர்க்கிற்	உயர்த்த்	உயர்ப்ப்	உயரும்	உயர்க்க	உயருங்கள்
உயிர்	உயிர்க்கிற்	உயிர்த்த்	உயிர்ப்ப்	உயிர்க்கும்	உயிர்க்க	உயிருங்கள்
உய்	உய்கிற்	உய்த்த்	உய்ப்ப்	உய்க்கும்	உய்க்க	உயுங்கள்
உரசு	உரசுகிற்	உரசின்	உரசுவ்	உரசும்	உரச	உரசுங்கள்
உராய்	உராய்கிற்	உராய்ந்த்	உராய்வ்	உராயும்	உராய	உராயுங்கள்
உரி	உரிகிற்	உரித்த்	உரிப்ப்	உரியும்	உரிக்க	உரியுங்கள்
உரு	உருக்கிற்	உருத்த்	உருப்ப்	உருக்கும்	உருக்க	உருங்கள்
உருகு	உருகுகிற்	உருகின்	உருகுவ்	உருகும்	உருக	உருகுங்கள்
உருக்கு	உருக்குகிற்	உருக்கின்	உருக்குவ்	உருக்கும்	உருக்க	உருக்குங்கள்
உருட்டு	உருட்டுகிற்	உருட்டின்	உருட்டுவ்	உருட்டும்	உருட்ட	உருட்டுங்கள்
உருள்	உருள்கிற்	உருண்ட்	உருள்வ்	உருளும்	உருள	உருளுங்கள்
உருவு	உருவுகிற்	உருவின்	உருவுவ்	உருவும்	உருவ	உருவுங்கள்
உரை	உரைகிற்	உரைத்த்	உரைப்ப்	உரையும்	உரைக்க	உரையுங்கள்
உறங்கு	உறங்குகிற்	உறங்கின்	உறங்குவ்	உறங்கும்	உறங்க	உறங்குங்கள்
உறழ்	உறழ்கிற்	உறழ்ந்த்	உறழ்வ்	உறழும்	உறழ	உறழுங்கள்
உறி	உறிகிற்	உறிந்த்	உறிவ்	உறியும்	உறிய	உறியுங்கள்
உறிஞ்சு	உறிஞ்சுகிற்	உறிஞ்சின்	உறிஞ்சுவ்	உறிஞ்சும்	உறிஞ்ச	உறிஞ்சுங்கள்
உறு	உறுகிற்	உற்ற்	உறுவ்	உறும்	உற	உறுங்கள்
உறுத்து	உறுத்துகிற்	உறுத்தின்	உறுத்துவ்	உறுத்தும்	உறுத்த	உறுத்துங்கள்
உறுமு	உறுமுகிற்	உறுமின்	உறுமுவ்	உறுமும்	உறும	உறுமுங்கள்
உறை	உறைகிற்	உறைந்த்	உறைவ்	உறையும்	உறைய	உறையுங்கள்
உலாவு	உலாவுகிற்	உலாவின்	உலாவுவ்	உலாவும்	உலாவ	உலாவுங்கள்
உலுக்கு	உலுக்குகிற்	உலுக்கின்	உலுக்குவ்	உலுக்கும்	உலுக்க	உலுக்குங்கள்
உலை	உலைகிற்	உலைந்த்	உலைவ்	உலையும்	உலைய	உலையுங்கள்
உளறு	உளறுகிற்	உளறின்	உளறுவ்	உளறும்	உளற	உளறுங்கள்
உளை	உளைகிற்	உளைத்த்	உளைப்ப்	உளையும்	உளைக்க	உளையுங்கள்
உழு	உழுகிற்	உழுத்	உழுவ்	உழும்	உழ	உழுங்கள்
உழை	உழைக்கிற்	உழைத்த்	உழைப்ப்	உழைக்கும்	உழைக்க	உழையுங்கள்
உவர்	உவர்க்கிற்	உவர்த்த்	உவர்ப்ப்	உவர்க்கும்	உவர்க்க	உவருங்கள்
ஊங்கு	ஊங்குகிற்	ஊங்கின்	ஊங்குவ்	ஊங்கும்	ஊங்க	ஊங்குங்கள்
ஊசு	ஊசுகிற்	ஊசின்	ஊசுவ்	ஊசும்	ஊச	ஊசுங்கள்
ஊடு	ஊடுகிற்	ஊடின்	ஊடுவ்	ஊடும்	ஊட	ஊடுங்கள்
ஊது	ஊதுகிற்	ஊதின்	ஊதுவ்	ஊதும்	ஊத	ஊதுங்கள்
ஊன்று	ஊன்றுகிற்	ஊன்றின்	ஊன்றுவ்	ஊன்றும்	ஊன்ற	ஊன்றுங்கள்
ஊம்பு	ஊம்புகிற்	ஊம்பின்	ஊம்புவ்	ஊம்பும்	ஊம்ப	ஊம்புங்கள்
ஊர்	ஊர்கிற்	ஊர்ந்த்	ஊர்வ்	ஊரும்	ஊர	ஊருங்கள்
ஊறு	ஊறுகிற்	ஊறின்	ஊறுவ்	ஊறும்	ஊற	ஊறுங்கள்
ஊற்று	ஊற்றுகிற்	ஊற்றின்	ஊற்றுவ்	ஊற்றும்	ஊற்ற	ஊற்றுங்கள்
எக்கு	எக்குகிற்	எக்கின்	எக்குவ்	எக்கும்	எக்க	எக்குங்கள்
எச்சரி	எச்சரிக்கிற்	எச்சரித்த்	எச்சரிப்ப்	எச்சரிக்கும்	எச்சரிக்க	எச்சரியுங்கள்
எஞ்சு	எஞ்சுகிற்	எஞ்சின்	எஞ்சுவ்	எஞ்சும்	எஞ்ச	எஞ்சுங்கள்
எடு	எடுக்கிற்	எடுத்த்	எடுப்ப்	எடுக்கும்	எடுக்க	எடுங்கள்
எட்டு	எட்டுகிற்	எட்டின்	எட்டுவ்	எட்டும்	எட்ட	எட்டுங்கள்
எண்ணு	எண்ணுகிற்	எண்ணின்	எண்ணுவ்	எண்ணும்	எண்ண	எண்ணுங்கள்
எதிர்	எதிர்கிற்	எதிர்த்த்	எதிர்ப்ப்	எதிரும்	எதிர்க்க	எதிருங்கள்
எத்து	எத்துகிற்	எத்துந்த்	எத்துவ்	எத்தும்	எத்த	எத்துங்கள்
என்	என்கிற்	என்ற்	என்ப்	எனும்	என	என்னுங்கள்
எய்	எய்கிற்	எய்த்	எய்ப்ப்	எய்யும்	எய்க்க	எயுங்கள்
எய்து	எய்துகிற்	எய்தின்	எய்துவ்	எய்தும்	எய்த	எய்துங்கள்
எரி	எரிகிற்	எரித்த்	எரிப்ப்	எரியும்	எரிக்க	எரியுங்கள்
எறி	எறிகிற்	எறிந்த்	எறிவ்	எறியும்	எறிய	எறியுங்கள்
எழு	எழுகிற்	எழுந்த்	எழுவ்	எழும்	எழ	எழுங்கள்
எழுது	எழுதுகிற்	எழுதின்	எழுதுவ்	எழுதும்	எழுத	எழுதுங்கள்
எழுப்பு	எழுப்புகிற்	எழுப்பின்	எழுப்புவ்	எழுப்பும்	எழுப்ப	எழுப்புங்கள்
எழும்பு	எழும்புகிற்	எழும்பின்	எழும்புவ்	எழும்பும்	எழும்ப	எழும்புங்கள்
எழுவு	எழுவுகிற்	எழுவின்	எழுவுவ்	எழுவும்	எழுவ	எழுவுங்கள்
ஏங்கு	ஏங்குகிற்	ஏங்கின்	ஏங்குவ்	ஏங்கும்	ஏங்க	ஏங்குங்கள்
ஏசு	ஏசுகிற்	ஏசின்	ஏசுவ்	ஏசும்	ஏச	ஏசுங்கள்
ஏத்து	ஏத்துகிற்	ஏத்தின்	ஏத்துவ்	ஏத்தும்	ஏத்த	ஏத்துங்கள்
ஏந்து	ஏந்துகிற்	ஏந்தின்	ஏந்துவ்	ஏந்தும்	ஏந்த	ஏந்துங்கள்
ஏமாறு	ஏமாறுகிற்	ஏமாந்த்	ஏமாறுவ்	ஏமாறும்	ஏமாற	ஏமாறுங்கள்
ஏமாற்று	ஏமாற்றுகிற்	ஏமாற்றின்	ஏமாற்றுவ்	ஏமாற்றும்	ஏமாற்ற	ஏமாற்றுங்கள்
ஏர்	ஏர்கிற்	ஏர்ந்த்	ஏர்வ்	ஏரும்	ஏர	ஏருங்கள்
ஏறு	ஏறுகிற்	ஏறின்	ஏறுவ்	ஏறும்	ஏற	ஏறுங்கள்
ஏற்று	ஏற்றுகிற்	ஏற்றின்	ஏற்றுவ்	ஏற்றும்	ஏற்ற	ஏற்றுங்கள்
ஏவு	ஏவுகிற்	ஏவின்	ஏவுவ்	ஏவும்	ஏவ	ஏவுங்கள்
ஒடி	ஒடிகிற்	ஒடித்த்	ஒடிப்ப்	ஒடியும்	ஒடிக்க	ஒடியுங்கள்
ஒடுக்கு	ஒடுக்குகிற்	ஒடுக்கின்	ஒடுக்குவ்	ஒடுக்கும்	ஒடுக்க	ஒடுக்குங்கள்
ஒட்டு	ஒட்டுகிற்	ஒட்டின்	ஒட்டுவ்	ஒட்டும்	ஒட்ட	ஒட்டுங்கள்
ஒதுக்கு	ஒதுக்குகிற்	ஒதுக்கின்	ஒதுக்குவ்	ஒதுக்கும்	ஒதுக்க	ஒதுக்குங்கள்
ஒதுங்கு	ஒதுங்குகிற்	ஒதுங்கின்	ஒதுங்குவ்	ஒதுங்கும்	ஒதுங்க	ஒதுங்குங்கள்
ஒத்து	ஒத்துகிற்	ஒத்தின்	ஒத்துவ்	ஒத்தும்	ஒத்த	ஒத்துங்கள்
ஒன்று	ஒன்றுகிற்	ஒன்றின்	ஒன்றுவ்	ஒன்றும்	ஒன்ற	ஒன்றுங்கள்
ஒப்பி	ஒப்பிக்கிற்	ஒப்பித்த்	ஒப்பிப்ப்	ஒப்பிக்கும்	ஒப்பிக்க	ஒப்பியுங்கள்
ஒப்பு	ஒப்புகிற்	ஒப்பின்	ஒப்புவ்	ஒப்பும்	ஒப்ப	ஒப்புங்கள்
ஒப்புவி	ஒப்புவிக்கிற்	ஒப்புவித்த்	ஒப்புவிப்ப்	ஒப்புவிக்கும்	ஒப்புவிக்க	ஒப்புவியுங்கள்
ஒற்று	ஒற்றுகிற்	ஒற்றின்	ஒற்றுவ்	ஒற்றும்	ஒற்ற	ஒற்றுங்கள்
ஒலி	ஒலிக்கிற்	ஒலித்த்	ஒலிப்ப்	ஒலிக்கும்	ஒலிக்க	ஒலியுங்கள்
ஒளி	ஒளிகிற்	ஒளித்த்	ஒளிப்ப்	ஒளியும்	ஒளிக்க	ஒளியுங்கள்
ஒளிர்	ஒளிர்கிற்	ஒளிர்ந்த்	ஒளிர்வ்	ஒளிரும்	ஒளிர	ஒளிருங்கள்
ஒழி	ஒழிகிற்	ஒழித்த்	ஒழிப்ப்	ஒழியும்	ஒழிக்க	ஒழியுங்கள்
ஒழுகு	ஒழுகுகிற்	ஒழுகின்	ஒழுகுவ்	ஒழுகும்	ஒழுக	ஒழுகுங்கள்
ஒழுக்கு	ஒழுக்குகிற்	ஒழுக்கின்	ஒழுக்குவ்	ஒழுக்கும்	ஒழுக்க	ஒழுக்குங்கள்
ஒழுங்கு	ஒழுங்குகிற்	ஒழுங்கின்	ஒழுங்குவ்	ஒழுங்கும்	ஒழுங்க	ஒழுங்குங்கள்
ஓங்கு	ஓங்குகிற்	ஓங்கின்	ஓங்குவ்	ஓங்கும்	ஓங்க	ஓங்குங்கள்
ஓடு	ஓடுகிற்	ஓடின்	ஓடுவ்	ஓடும்	ஓட	ஓடுங்கள்
ஓட்டு	ஓட்டுகிற்	ஓட்டின்	ஓட்டுவ்	ஓட்டும்	ஓட்ட	ஓட்டுங்கள்
ஓது	ஓதுகிற்	ஓதின்	ஓதுவ்	ஓதும்	ஓத	ஓதுங்கள்
ஓய்	ஓய்கிற்	ஓய்ந்த்	ஓய்வ்	ஓயும்	ஓய	ஓயுங்கள்
ஓர்	ஓர்கிற்	ஓர்த்த்	ஓர்ப்ப்	ஓரும்	ஓர்க்க	ஓருங்கள்
கக்கு	கக்குகிற்	கக்கின்	கக்குவ்	கக்கும்	கக்க	கக்குங்கள்
கச	கசக்கிற்	கசந்த்	கசப்ப்	கசக்கும்	கசக்க	கசவுங்கள்
கசக்கு	கசக்குகிற்	கசக்கின்	கசக்குவ்	கசக்கும்	கசக்க	கசக்குங்கள்
கசங்கு	கசங்குகிற்	கசங்கின்	கசங்குவ்	கசங்கும்	கசங்க	கசங்குங்கள்
கசி	கசிகிற்	கசிந்த்	கசிவ்	கசியும்	கசிய	கசியுங்கள்
கட	கடக்கிற்	கடந்த்	கடப்ப்	கடக்கும்	கடக்க	கடவுங்கள்
கடத்து	கடத்துகிற்	கடத்தின்	கடத்துவ்	கடத்தும்	கடத்த	கடத்துங்கள்
கடி	கடிக்கிற்	கடித்த்	கடிப்ப்	கடிக்கும்	கடிக்க	கடியுங்கள்
கடு	கடுகிற்	கடுத்த்	கடுப்ப்	கடுக்கும்	கட	கடுங்கள்
கடை	கடைகிற்	கடைந்த்	கடைவ்	கடையும்	கடைய	கடையுங்கள்
கட்டு	கட்டுகிற்	கட்டின்	கட்டுவ்	கட்டும்	கட்ட	கட்டுங்கள்
கணி	கணிக்கிற்	கணித்த்	கணிப்ப்	கணிக்கும்	கணிக்க	கணியுங்கள்
கண்காணி	கண்காணிக்கிற்	கண்காணித்த்	கண்காணிப்ப்	கண்காணிக்கும்	கண்காணிக்க	கண்காணியுங்கள்
கண்டி	கண்டிக்கிற்	கண்டித்த்	கண்டிப்ப்	கண்டிக்கும்	கண்டிக்க	கண்டியுங்கள்
கதறு	கதறுகிற்	கதறின்	கதறுவ்	கதறும்	கதற	கதறுங்கள்
கதிர்	கதிர்க்கிற்	கதிர்த்த்	கதிர்ப்ப்	கதிர்க்கும்	கதிர்க்க	கதிருங்கள்
கதை	கதைக்கிற்	கதைத்த்	கதைப்ப்	கதைக்கும்	கதைக்க	கதையுங்கள்
கத்தரி	கத்தரிக்கிற்	கத்தரித்த்	கத்தரிப்ப்	கத்தரிக்கும்	கத்தரிக்க	கத்தரியுங்கள்
கத்து	கத்துகிற்	கத்தின்	கத்துவ்	கத்தும்	கத்த	கத்துங்கள்
கனி	கனிகிற்	கனிந்த்	கனிவ்	கனியும்	கனிய	கனியுங்கள்
கனை	கனைகிற்	கனைந்த்	கனைவ்	கனையும்	கனைய	கனையுங்கள்
கமழ்	கமழ்கிற்	கமழ்ந்த்	கமழ்வ்	கமழும்	கமழ	கமழுங்கள்
கருக்கு	கருக்குகிற்	கருக்கின்	கருக்குவ்	கருக்கும்	கருக்க	கருக்குங்கள்
கருது	கருதுகிற்	கருதின்	கருதுவ்	கருதும்	கருத	கருதுங்கள்
கரை	கரைகிற்	கரைத்த்	கரைப்ப்	கரையும்	கரைக்க	கரையுங்கள்
கற	கறக்கிற்	கறந்த்	கறப்ப்	கறக்கும்	கறக்க	கறவுங்கள்
கறுவு	கறுவுகிற்	கறுவின்	கறுவுவ்	கறுவும்	கறுவ	கறுவுங்கள்
கற்பி	கற்பிக்கிற்	கற்பித்த்	கற்பிப்ப்	கற்பிக்கும்	கற்பிக்க	கற்பியுங்கள்
கலக்கு	கலக்குகிற்	கலக்கின்	கலக்குவ்	கலக்கும்	கலக்க	கலக்குங்கள்
கலங்கு	கலங்குகிற்	கலங்கின்	கலங்குவ்	கலங்கும்	கலங்க	கலங்குங்கள்
கலாய்	கலாய்க்கிற்	கலாய்த்த்	கலாய்ப்ப்	கலாய்க்கும்	கலாய்க்க	கலாயுங்கள்
கலை	கலைகிற்	கலைத்த்	கலைப்ப்	கலையும்	கலைக்க	கலையுங்கள்
கல்	கற்கிற்	கற்ற்	கற்ப்	கற்கும்	கற்க	கல்லுங்கள்
களி	களிக்கிற்	களித்த்	களிப்ப்	களிக்கும்	களிக்க	களியுங்கள்
களை	களைகிற்	களைத்த்	களைப்ப்	களையும்	களைக்க	களையுங்கள்
கள்	கட்கிற்	கட்ட்	கட்ப்	கட்கும்	கட்க	கள்ளுங்கள்
கழற்று	கழற்றுகிற்	கழற்றின்	கழற்றுவ்	கழற்றும்	கழற்ற	கழற்றுங்கள்
கழல்	கழல்கிற்	கழன்ற்	கழல்வ்	கழலும்	கழல	கழலுங்கள்
கழி	கழிகிற்	கழித்த்	கழிப்ப்	கழியும்	கழிக்க	கழியுங்கள்
கழுவு	கழுவுகிற்	கழுவின்	கழுவுவ்	கழுவும்	கழுவ	கழுவுங்கள்
கவர்	கவர்கிற்	கவர்த்த்	கவர்ப்ப்	கவரும்	கவர்க்க	கவருங்கள்
கவிழ்	கவிழ்கிற்	கவிழ்த்த்	கவிழ்ப்ப்	கவிழும்	கவிழ	கவிழுங்கள்
கா	காக்கிற்	காத்த்	காப்ப்	காக்கும்	காக்க	காவுங்கள்
காட்டு	காட்டுகிற்	காட்டின்	காட்டுவ்	காட்டும்	காட்ட	காட்டுங்கள்
காண்	காண்கிற்	கண்ட்	காண்ப்	காணும்	காண	காணுங்கள்
காதலி	காதலிக்கிற்	காதலித்த்	காதலிப்ப்	காதலிக்கும்	காதலிக்க	காதலியுங்கள்
காது	காதுகிற்	காதின்	காதுவ்	காதும்	காத	காதுங்கள்
காமி	காமிக்கிற்	காமித்த்	காமிப்ப்	காமிக்கும்	காமிக்க	காமியுங்கள்
காய்	காய்கிற்	காய்த்த்	காய்ப்ப்	காயும்	காய்க்க	காயுங்கள்
காய்ச்சு	காய்ச்சுகிற்	காய்ச்சின்	காய்ச்சுவ்	காய்ச்சும்	காய்ச்ச	காய்ச்சுங்கள்
கார்	கார்க்கிற்	கார்த்த்	கார்ப்ப்	கார்க்கும்	கார்க்க	காருங்கள்
கிட	கிடக்கிற்	கிடந்த்	கிடப்ப்	கிடக்கும்	கிடக்க	கிடவுங்கள்
கிடப்பு	கிடப்புகிற்	கிடப்பின்	கிடப்புவ்	கிடப்பும்	கிடப்ப	கிடப்புங்கள்
கிடை	கிடைக்கிற்	கிடைத்த்	கிடைப்ப்	கிடைக்கும்	கிடைக்க	கிடையுங்கள்
கிட்டு	கிட்டுகிற்	கிட்டின்	கிட்டுவ்	கிட்டும்	கிட்ட	கிட்டுங்கள்
கிண்டு	கிண்டுகிற்	கிண்டின்	கிண்டுவ்	கிண்டும்	கிண்ட	கிண்டுங்கள்
கிரகி	கிரகிக்கிற்	கிரகித்த்	கிரகிப்ப்	கிரகிக்கும்	கிரகிக்க	கிரகியுங்கள்
கிரீடி	கிரீடிக்கிற்	கிரீடித்த்	கிரீடிப்ப்	கிரீடிக்கும்	கிரீடிக்க	கிரீடியுங்கள்
கிறுக்கு	கிறுக்குகிற்	கிறுக்கின்	கிறுக்குவ்	கிறுக்கும்	கிறுக்க	கிறுக்குங்கள்
கில்	கிற்கிற்	கின்ற்	கிற்ப்	கிற்கும்	கிற்க	கில்லுங்கள்
கிள	கிளக்கிற்	கிளந்த்	கிளப்ப்	கிளக்கும்	கிளக்க	கிளவுங்கள்
கிளப்பு	கிளப்புகிற்	கிளப்பின்	கிளப்புவ்	கிளப்பும்	கிளப்ப	கிளப்புங்கள்
கிளம்பு	கிளம்புகிற்	கிளம்பின்	கிளம்புவ்	கிளம்பும்	கிளம்ப	கிளம்புங்கள்
கிளர்	கிளர்கிற்	கிளர்ந்த்	கிளர்வ்	கிளரும்	கிளர	கிளருங்கள்
கிளறு	கிளறுகிற்	கிளறின்	கிளறுவ்	கிளறும்	கிளற	கிளறுங்கள்
கிளை	கிளைகிற்	கிளைத்த்	கிளைப்ப்	கிளையும்	கிளைக்க	கிளையுங்கள்
கிள்ளு	கிள்ளுகிற்	கிள்ளின்	கிள்ளுவ்	கிள்ளும்	கிள்ள	கிள்ளுங்கள்
கிழி	கிழிகிற்	கிழித்த்	கிழிப்ப்	கிழியும்	கிழிக்க	கிழியுங்கள்
கீறு	கீறுகிற்	கீறின்	கீறுவ்	கீறும்	கீற	கீறுங்கள்
குடி	குடிக்கிற்	குடித்த்	குடிப்ப்	குடிக்கும்	குடிக்க	குடியுங்கள்
குடுகுடு	குடுகுடுக்கிற்	குடுகுடுத்த்	குடுகுடுப்ப்	குடுகுடுக்கும்	குடுகுடுக்க	குடுகுடுங்கள்
குடை	குடைகிற்	குடைந்த்	குடைவ்	குடையும்	குடைய	குடையுங்கள்
குதறு	குதறுகிற்	குதறின்	குதறுவ்	குதறும்	குதற	குதறுங்கள்
குதி	குதிக்கிற்	குதித்த்	குதிப்ப்	குதிக்கும்	குதிக்க	குதியுங்கள்
குத்து	குத்துகிற்	குத்தின்	குத்துவ்	குத்தும்	குத்த	குத்துங்கள்
குந்து	குந்துகிற்	குந்தின்	குந்துவ்	குந்தும்	குந்த	குந்துங்கள்
குனி	குனிகிற்	குனிந்த்	குனிவ்	குனியும்	குனிய	குனியுங்கள்
குன்று	குன்றுகிற்	குன்றின்	குன்றுவ்	குன்றும்	குன்ற	குன்றுங்கள்
குமட்டு	குமட்டுகிற்	குமட்டின்	குமட்டுவ்	குமட்டும்	குமட்ட	குமட்டுங்கள்
குமிழி	குமிழிக்கிற்	குமிழித்த்	குமிழிப்ப்	குமிழிக்கும்	குமிழிக்க	குமிழியுங்கள்
குமுறு	குமுறுகிற்	குமுறின்	குமுறுவ்	குமுறும்	குமுற	குமுறுங்கள்
குயில்	குயில்கிற்	குயின்ற்	குயில்வ்	குயிலும்	குயில	குயிலுங்கள்
குரங்கு	குரங்குகிற்	குரங்கின்	குரங்குவ்	குரங்கும்	குரங்க	குரங்குங்கள்
குறி	குறிக்கிற்	குறித்த்	குறிப்ப்	குறிக்கும்	குறிக்க	குறியுங்கள்
குறு	குறுகிற்	குறுத்த்	குறுப்ப்	குறுக்கும்	குற	குறுங்கள்
குறுகு	குறுகுகிற்	குறுகின்	குறுகுவ்	குறுகும்	குறுக	குறுகுங்கள்
குறுகுறு	குறுகுறுக்கிற்	குறுகுறுத்த்	குறுகுறுப்ப்	குறுகுறுக்கும்	குறுகுறுக்க	குறுகுறுங்கள்
குறுக்கு	குறுக்குகிற்	குறுக்கின்	குறுக்குவ்	குறுக்கும்	குறுக்க	குறுக்குங்கள்
குறை	குறைகிற்	குறைத்த்	குறைப்ப்	குறையும்	குறைக்க	குறையுங்கள்
குற்று	குற்றுகிற்	குற்றின்	குற்றுவ்	குற்றும்	குற்ற	குற்றுங்கள்
குலுக்கு	குலுக்குகிற்	குலுக்கின்	குலுக்குவ்	குலுக்கும்	குலுக்க	குலுக்குங்கள்
குலுங்கு	குலுங்குகிற்	குலுங்கின்	குலுங்குவ்	குலுங்கும்	குலுங்க	குலுங்குங்கள்
குலை	குலைக்கிற்	குலைத்த்	குலைப்ப்	குலைக்கும்	குலைக்க	குலையுங்கள்
குளி	குளிக்கிற்	குளித்த்	குளிப்ப்	குளிக்கும்	குளிக்க	குளியுங்கள்
குளிர்	குளிர்கிற்	குளிர்ந்த்	குளிர்வ்	குளிரும்	குளிர	குளிருங்கள்
குழம்பு	குழம்புகிற்	குழம்பின்	குழம்புவ்	குழம்பும்	குழம்ப	குழம்புங்கள்
குழல்	குழல்கிற்	குழன்ற்	குழல்வ்	குழலும்	குழல	குழலுங்கள்
குழி	குழிகிற்	குழித்த்	குழிப்ப்	குழியும்	குழிக்க	குழியுங்கள்
குழை	குழைகிற்	குழைத்த்	குழைப்ப்	குழையும்	குழைக்க	குழையுங்கள்
கூசு	கூசுகிற்	கூசின்	கூசுவ்	கூசும்	கூச	கூசுங்கள்
கூடு	கூடுகிற்	கூடின்	கூடுவ்	கூடும்	கூட	கூடுங்கள்
கூட்டு	கூட்டுகிற்	கூட்டின்	கூட்டுவ்	கூட்டும்	கூட்ட	கூட்டுங்கள்
கூனு	கூனுகிற்	கூனின்	கூனுவ்	கூனும்	கூன	கூனுங்கள்
கூறு	கூறுகிற்	கூறின்	கூறுவ்	கூறும்	கூற	கூறுங்கள்
கூவு	கூவுகிற்	கூவின்	கூவுவ்	கூவும்	கூவ	கூவுங்கள்
கெஞ்சு	கெஞ்சுகிற்	கெஞ்சின்	கெஞ்சுவ்	கெஞ்சும்	கெஞ்ச	கெஞ்சுங்கள்
கெடு	கெடுகிற்	கெட்ட்	கெடுவ்	கெடும்	கெட	கெடுங்கள்
கெட்டி	கெட்டிக்கிற்	கெட்டித்த்	கெட்டிப்ப்	கெட்டிக்கும்	கெட்டிக்க	கெட்டியுங்கள்
கெலி	கெலிக்கிற்	கெலித்த்	கெலிப்ப்	கெலிக்கும்	கெலிக்க	கெலியுங்கள்
கேள்	கேட்கிற்	கேட்ட்	கேட்ப்	கேட்கும்	கேட்க	கேளுங்கள்
கை	கைக்கிற்	கைத்த்	கைப்ப்	கைக்கும்	கைக்க	கையுங்கள்
கொக்கரி	கொக்கரிக்கிற்	கொக்கரித்த்	கொக்கரிப்ப்	கொக்கரிக்கும்	கொக்கரிக்க	கொக்கரியுங்கள்
கொஞ்சு	கொஞ்சுகிற்	கொஞ்சின்	கொஞ்சுவ்	கொஞ்சும்	கொஞ்ச	கொஞ்சுங்கள்
கொட்டு	கொட்டுகிற்	கொட்டின்	கொட்டுவ்	கொட்டும்	கொட்ட	கொட்டுங்கள்
கொதி	கொதிக்கிற்	கொதித்த்	கொதிப்ப்	கொதிக்கும்	கொதிக்க	கொதியுங்கள்
கொத்து	கொத்துகிற்	கொத்தின்	கொத்துவ்	கொத்தும்	கொத்த	கொத்துங்கள்
கொந்தளி	கொந்தளிக்கிற்	கொந்தளித்த்	கொந்தளிப்ப்	கொந்தளிக்கும்	கொந்தளிக்க	கொந்தளியுங்கள்
கொப்பளி	கொப்பளிக்கிற்	கொப்பளித்த்	கொப்பளிப்ப்	கொப்பளிக்கும்	கொப்பளிக்க	கொப்பளியுங்கள்
கொப்புளி	கொப்புளிக்கிற்	கொப்புளித்த்	கொப்புளிப்ப்	கொப்புளிக்கும்	கொப்புளிக்க	கொப்புளியுங்கள்
கொய்	கொய்கிற்	கொய்த்	கொய்வ்	கொய்யும்	கொய்ய	கொய்யுங்கள்
கொறி	கொறிக்கிற்	கொறித்த்	கொறிப்ப்	கொறிக்கும்	கொறிக்க	கொறியுங்கள்
கொல்	கொல்கிற்	கொன்ற்	கொல்வ்	கொல்லும்	கொல்ல	கொல்லுங்கள்
கொளுத்து	கொளுத்துகிற்	கொளுத்தின்	கொளுத்துவ்	கொளுத்தும்	கொளுத்த	கொளுத்துங்கள்
கொள்	கொள்கிற்	கொண்ட்	கொள்வ்	கொள்ளும்	கொள்ள	கொள்ளுங்கள்
கொழுந்து	கொழுந்துகிற்	கொழுந்தின்	கொழுந்துவ்	கொழுந்தும்	கொழுந்த	கொழுந்துங்கள்
கோடு	கோடுகிற்	கோடின்	கோடுவ்	கோடும்	கோட	கோடுங்கள்
கோணு	கோணுகிற்	கோணின்	கோணுவ்	கோணும்	கோண	கோணுங்கள்
கோது	கோதுகிற்	கோதின்	கோதுவ்	கோதும்	கோத	கோதுங்கள்
கோபி	கோபிக்கிற்	கோபித்த்	கோபிப்ப்	கோபிக்கும்	கோபிக்க	கோபியுங்கள்
கோரு	கோருகிற்	கோரின்	கோருவ்	கோரும்	கோர	கோருங்கள்
கௌவு	கௌவுகிற்	கௌவின்	கௌவுவ்	கௌவும்	கௌவ	கௌவுங்கள்
சகி	சகிக்கிற்	சகித்த்	சகிப்ப்	சகிக்கும்	சகிக்க	சகியுங்கள்
சங்கிரகி	சங்கிரகிக்கிற்	சங்கிரகித்த்	சங்கிரகிப்ப்	சங்கிரகிக்கும்	சங்கிரகிக்க	சங்கிரகியுங்கள்
சதி	சதிக்கிற்	சதித்த்	சதிப்ப்	சதிக்கும்	சதிக்க	சதியுங்கள்
சத்தி	சத்திக்கிற்	சத்தித்த்	சத்திப்ப்	சத்திக்கும்	சத்திக்க	சத்தியுங்கள்
சந்தி	சந்திக்கிற்	சந்தித்த்	சந்திப்ப்	சந்திக்கும்	சந்திக்க	சந்தியுங்கள்
சனி	சனிக்கிற்	சனித்த்	சனிப்ப்	சனிக்கும்	சனிக்க	சனியுங்கள்
சபி	சபிக்கிற்	சபித்த்	சபிப்ப்	சபிக்கும்	சபிக்க	சபியுங்கள்
சப்பு	சப்புகிற்	சப்பின்	சப்புவ்	சப்பும்	சப்ப	சப்புங்கள்
சமர்ப்பி	சமர்ப்பிக்கிற்	சமர்ப்பித்த்	சமர்ப்பிப்ப்	சமர்ப்பிக்கும்	சமர்ப்பிக்க	சமர்ப்பியுங்கள்
சமாளி	சமாளிக்கிற்	சமாளித்த்	சமாளிப்ப்	சமாளிக்கும்	சமாளிக்க	சமாளியுங்கள்
சமை	சமைக்கிற்	சமைத்த்	சமைப்ப்	சமைக்கும்	சமைக்க	சமையுங்கள்
சம்பவி	சம்பவிக்கிற்	சம்பவித்த்	சம்பவிப்ப்	சம்பவிக்கும்	சம்பவிக்க	சம்பவியுங்கள்
சம்பாதி	சம்பாதிக்கிற்	சம்பாதித்த்	சம்பாதிப்ப்	சம்பாதிக்கும்	சம்பாதிக்க	சம்பாதியுங்கள்
சம்மதி	சம்மதிக்கிற்	சம்மதித்த்	சம்மதிப்ப்	சம்மதிக்கும்	சம்மதிக்க	சம்மதியுங்கள்
சரி	சரிகிற்	சரித்த்	சரிப்ப்	சரியும்	சரிக்க	சரியுங்கள்
சறுக்கு	சறுக்குகிற்	சறுக்கின்	சறுக்குவ்	சறுக்கும்	சறுக்க	சறுக்குங்கள்
சலி	சலிக்கிற்	சலித்த்	சலிப்ப்	சலிக்கும்	சலிக்க	சலியுங்கள்
சளை	சளைக்கிற்	சளைத்த்	சளைப்ப்	சளைக்கும்	சளைக்க	சளையுங்கள்
சவை	சவைக்கிற்	சவைத்த்	சவைப்ப்	சவைக்கும்	சவைக்க	சவையுங்கள்
சா	சாகிற்	செத்த்	சாவ்	சாகும்	சாக	சாகுங்கள்
சாதி	சாதிக்கிற்	சாதித்த்	சாதிப்ப்	சாதிக்கும்	சாதிக்க	சாதியுங்கள்
சாத்து	சாத்துகிற்	சாத்தின்	சாத்துவ்	சாத்தும்	சாத்த	சாத்துங்கள்
சாய்	சாய்கிற்	சாய்த்த்	சாய்ப்ப்	சாயும்	சாய்க்க	சாயுங்கள்
சார்	சார்கிற்	சார்ந்த்	சார்வ்	சாரும்	சார	சாருங்கள்
சார்த்து	சார்த்துகிற்	சார்த்தின்	சார்த்துவ்	சார்த்தும்	சார்த்த	சார்த்துங்கள்
சால்	சால்கிற்	சான்ற்	சால்வ்	சாலும்	சால	சாலுங்கள்
சிக்கு	சிக்குகிற்	சிக்கின்	சிக்குவ்	சிக்கும்	சிக்க	சிக்குங்கள்
சிணுங்கு	சிணுங்குகிற்	சிணுங்கின்	சிணுங்குவ்	சிணுங்கும்	சிணுங்க	சிணுங்குங்கள்
சிதறு	சிதறுகிற்	சிதறின்	சிதறுவ்	சிதறும்	சிதற	சிதறுங்கள்
சித்தி	சித்திக்கிற்	சித்தித்த்	சித்திப்ப்	சித்திக்கும்	சித்திக்க	சித்தியுங்கள்
சிந்தி	சிந்திக்கிற்	சிந்தித்த்	சிந்திப்ப்	சிந்திக்கும்	சிந்திக்க	சிந்தியுங்கள்
சிந்து	சிந்துகிற்	சிந்தின்	சிந்துவ்	சிந்தும்	சிந்த	சிந்துங்கள்
சிமிட்டு	சிமிட்டுகிற்	சிமிட்டின்	சிமிட்டுவ்	சிமிட்டும்	சிமிட்ட	சிமிட்டுங்கள்
சிராய்	சிராய்க்கிற்	சிராய்த்த்	சிராய்ப்ப்	சிராய்க்கும்	சிராய்க்க	சிராயுங்கள்
சிரி	சிரிக்கிற்	சிரித்த்	சிரிப்ப்	சிரிக்கும்	சிரிக்க	சிரியுங்கள்
சிற	சிறக்கிற்	சிறந்த்	சிறப்ப்	சிறக்கும்	சிறக்க	சிறவுங்கள்
சிறு	சிறுக்கிற்	சிறுத்த்	சிறுப்ப்	சிறுக்கும்	சிறுக்க	சிறுங்கள்
சிலம்பு	சிலம்புகிற்	சிலம்பின்	சிலம்புவ்	சிலம்பும்	சிலம்ப	சிலம்புங்கள்
சிலாகி	சிலாகிக்கிற்	சிலாகித்த்	சிலாகிப்ப்	சிலாகிக்கும்	சிலாகிக்க	சிலாகியுங்கள்
சிலிர்	சிலிர்க்கிற்	சிலிர்த்த்	சிலிர்ப்ப்	சிலிர்க்கும்	சிலிர்க்க	சிலிருங்கள்
சீ	சீக்கிற்	சீத்த்	சீப்ப்	சீக்கும்	சீக்க	சீயுங்கள்
சீண்டு	சீண்டுகிற்	சீண்டின்	சீண்டுவ்	சீண்டும்	சீண்ட	சீண்டுங்கள்
சீந்து	சீந்துகிற்	சீந்தின்	சீந்துவ்	சீந்தும்	சீந்த	சீந்துங்கள்
சீரணி	சீரணிக்கிற்	சீரணித்த்	சீரணிப்ப்	சீரணிக்கும்	சீரணிக்க	சீரணியுங்கள்
சீறு	சீறுகிற்	சீறின்	சீறுவ்	சீறும்	சீற	சீறுங்கள்
சீவி	சீவிக்கிற்	சீவித்த்	சீவிப்ப்	சீவிக்கும்	சீவிக்க	சீவியுங்கள்
சீவு	சீவுகிற்	சீவின்	சீவுவ்	சீவும்	சீவ	சீவுங்கள்
சுக்கு	சுக்குகிற்	சுக்கின்	சுக்குவ்	சுக்கும்	சுக்க	சுக்குங்கள்
சுடு	சுடுகிற்	சுட்ட்	சுடுவ்	சுடும்	சுட	சுடுங்கள்
சுட்டு	சுட்டுகிற்	சுட்டின்	சுட்டுவ்	சுட்டும்	சுட்ட	சுட்டுங்கள்
சுண்டு	சுண்டுகிற்	சுண்டின்	சுண்டுவ்	சுண்டும்	சுண்ட	சுண்டுங்கள்
சும	சுமக்கிற்	சுமந்த்	சுமப்ப்	சுமக்கும்	சுமக்க	சுமவுங்கள்
சுமத்து	சுமத்துகிற்	சுமத்தின்	சுமத்துவ்	சுமத்தும்	சுமத்த	சுமத்துங்கள்
சுரண்டு	சுரண்டுகிற்	சுரண்டின்	சுரண்டுவ்	சுரண்டும்	சுரண்ட	சுரண்டுங்கள்
சுருக்கு	சுருக்குகிற்	சுருக்கின்	சுருக்குவ்	சுருக்கும்	சுருக்க	சுருக்குங்கள்
சுருங்கு	சுருங்குகிற்	சுருங்கின்	சுருங்குவ்	சுருங்கும்	சுருங்க	சுருங்குங்கள்
சுருட்டு	சுருட்டுகிற்	சுருட்டின்	சுருட்டுவ்	சுருட்டும்	சுருட்ட	சுருட்டுங்கள்
சுருள்	சுருள்கிற்	சுருண்ட்	சுருள்வ்	சுருளும்	சுருள	சுருளுங்கள்
சுற்று	சுற்றுகிற்	சுற்றின்	சுற்றுவ்	சுற்றும்	சுற்ற	சுற்றுங்கள்
சுளுக்கு	சுளுக்குகிற்	சுளுக்கின்	சுளுக்குவ்	சுளுக்கும்	சுளுக்க	சுளுக்குங்கள்
சுழற்று	சுழற்றுகிற்	சுழற்றின்	சுழற்றுவ்	சுழற்றும்	சுழற்ற	சுழற்றுங்கள்
சுழல்	சுழல்கிற்	சுழன்ற்	சுழல்வ்	சுழலும்	சுழல	சுழலுங்கள்
சுழி	சுழிகிற்	சுழிந்த்	சுழிவ்	சுழியும்	சுழிக்க	சுழியுங்கள்
சுவை	சுவைக்கிற்	சுவைத்த்	சுவைப்ப்	சுவைக்கும்	சுவைக்க	சுவையுங்கள்
சூடு	சூடுகிற்	சூடின்	சூடுவ்	சூடும்	சூட	சூடுங்கள்
சூம்பு	சூம்புகிற்	சூம்பின்	சூம்புவ்	சூம்பும்	சூம்ப	சூம்புங்கள்
சூழ்	சூழ்கிற்	சூழ்ந்த்	சூழ்வ்	சூழும்	சூழ	சூழுங்கள்
செடி	செடிக்கிற்	செடித்த்	செடிப்ப்	செடிக்கும்	செடிக்க	செடியுங்கள்
செதுக்கு	செதுக்குகிற்	செதுக்கின்	செதுக்குவ்	செதுக்கும்	செதுக்க	செதுக்குங்கள்
செத்து	செத்துகிற்	செத்தின்	செத்துவ்	செத்தும்	செத்த	செத்துங்கள்
செப்பு	செப்புகிற்	செப்பின்	செப்புவ்	செப்பும்	செப்ப	செப்புங்கள்
செயி	செயிக்கிற்	செயித்த்	செயிப்ப்	செயிக்கும்	செயிக்க	செயியுங்கள்
செய்	செய்கிற்	செய்த்	செய்வ்	செய்யும்	செய்ய	செய்யுங்கள்
செரி	செரிக்கிற்	செரித்த்	செரிப்ப்	செரிக்கும்	செரிக்க	செரியுங்கள்
செறி	செறிகிற்	செறித்த்	செறிப்ப்	செறியும்	செறிக்க	செறியுங்கள்
செறு	செறுக்கிற்	செறுத்த்	செறுப்ப்	செறுக்கும்	செறுக்க	செறுங்கள்
செலுத்து	செலுத்துகிற்	செலுத்தின்	செலுத்துவ்	செலுத்தும்	செலுத்த	செலுத்துங்கள்
செல்	செல்கிற்	சென்ற்	செல்வ்	செல்லும்	செல்ல	செல்லுங்கள்
செழி	செழிக்கிற்	செழித்த்	செழிப்ப்	செழிக்கும்	செழிக்க	செழியுங்கள்
செவ	செவக்கிற்	செவந்த்	செவப்ப்	செவக்கும்	செவக்க	செவவுங்கள்
சேமி	சேமிக்கிற்	சேமித்த்	சேமிப்ப்	சேமிக்கும்	சேமிக்க	சேமியுங்கள்
சேர்	சேர்கிற்	சேர்த்த்	சேர்ப்ப்	சேரும்	சேர்க்க	சேருங்கள்
சொக்கு	சொக்குகிற்	சொக்கின்	சொக்குவ்	சொக்கும்	சொக்க	சொக்குங்கள்
சொடக்கு	சொடக்குகிற்	சொடக்கின்	சொடக்குவ்	சொடக்கும்	சொடக்க	சொடக்குங்கள்
சொட்டு	சொட்டுகிற்	சொட்டின்	சொட்டுவ்	சொட்டும்	சொட்ட	சொட்டுங்கள்
சொரி	சொரிகிற்	சொரிந்த்	சொரிவ்	சொரியும்	சொரிய	சொரியுங்கள்
சொறி	சொறிகிற்	சொறிந்த்	சொறிவ்	சொறியும்	சொறிய	சொறியுங்கள்
சொல்	சொல்கிற்	சொன்ன்	சொல்வ்	சொல்லும்	சொல்ல	சொல்லுங்கள்
சோம்பு	சோம்புகிற்	சோம்பின்	சோம்புவ்	சோம்பும்	சோம்ப	சோம்புங்கள்
சோர்	சோர்கிற்	சோர்ந்த்	சோர்வ்	சோரும்	சோர்க்க	சோருங்கள்
ஞெகிழ்	ஞெகிழ்கிற்	ஞெகிழ்ந்த்	ஞெகிழ்வ்	ஞெகிழும்	ஞெகிழ	ஞெகிழுங்கள்
தகர்	தகர்கிற்	தகர்த்த்	தகர்ப்ப்	தகரும்	தகர்க்க	தகருங்கள்
தங்கு	தங்குகிற்	தங்கின்	தங்குவ்	தங்கும்	தங்க	தங்குங்கள்
தடவு	தடவுகிற்	தடவின்	தடவுவ்	தடவும்	தடவ	தடவுங்கள்
தடி	தடிகிற்	தடித்த்	தடிப்ப்	தடியும்	தடிக்க	தடியுங்கள்
தடு	தடுக்கிற்	தடுத்த்	தடுப்ப்	தடுக்கும்	தடுக்க	தடுங்கள்
தடுமாறு	தடுமாறுகிற்	தடுமாறின்	தடுமாறுவ்	தடுமாறும்	தடுமாற	தடுமாறுங்கள்
தடை	தடைக்கிற்	தடைத்த்	தடைப்ப்	தடையும்	தடைக்க	தடையுங்கள்
தட்டு	தட்டுகிற்	தட்டின்	தட்டுவ்	தட்டும்	தட்ட	தட்டுங்கள்
தணி	தணிகிற்	தணித்த்	தணிப்ப்	தணியும்	தணிக்க	தணியுங்கள்
தண்டி	தண்டிக்கிற்	தண்டித்த்	தண்டிப்ப்	தண்டிக்கும்	தண்டிக்க	தண்டியுங்கள்
தண்டு	தண்டுகிற்	தண்டின்	தண்டுவ்	தண்டும்	தண்ட	தண்டுங்கள்
தத்தளி	தத்தளிக்கிற்	தத்தளித்த்	தத்தளிப்ப்	தத்தளிக்கும்	தத்தளிக்க	தத்தளியுங்கள்
தத்து	தத்துகிற்	தத்தின்	தத்துவ்	தத்தும்	தத்த	தத்துங்கள்
தனி	தனிக்கிற்	தனித்த்	தனிப்ப்	தனிக்கும்	தனிக்க	தனியுங்கள்
தப்பி	தப்பிக்கிற்	தப்பித்த்	தப்பிப்ப்	தப்பிக்கும்	தப்பிக்க	தப்பியுங்கள்
தப்பு	தப்புகிற்	தப்பின்	தப்புவ்	தப்பும்	தப்ப	தப்புங்கள்
தம்பி	தம்பிக்கிற்	தம்பித்த்	தம்பிப்ப்	தம்பிக்கும்	தம்பிக்க	தம்பியுங்கள்
தயங்கு	தயங்குகிற்	தயங்கின்	தயங்குவ்	தயங்கும்	தயங்க	தயங்குங்கள்
தறி	தறிகிற்	தறித்த்	தறிப்ப்	தறியும்	தறிக்க	தறியுங்கள்
தலை	தலைகிற்	தலைந்த்	தலைவ்	தலையும்	தலைய	தலையுங்கள்
தளிர்	தளிர்க்கிற்	தளிர்த்த்	தளிர்ப்ப்	தளிர்க்கும்	தளிர்க்க	தளிருங்கள்
தளும்பு	தளும்புகிற்	தளும்பின்	தளும்புவ்	தளும்பும்	தளும்ப	தளும்புங்கள்
தள்	தட்கிற்	தட்ட்	தட்ப்	தட்கும்	தட்க	தள்ளுங்கள்
தள்ளு	தள்ளுகிற்	தள்ளின்	தள்ளுவ்	தள்ளும்	தள்ள	தள்ளுங்கள்
தழை	தழைகிற்	தழைத்த்	தழைப்ப்	தழையும்	தழைக்க	தழையுங்கள்
தவறு	தவறுகிற்	தவறின்	தவறுவ்	தவறும்	தவற	தவறுங்கள்
தவழ்	தவழ்கிற்	தவழ்ந்த்	தவழ்வ்	தவழும்	தவழ	தவழுங்கள்
தவி	தவிக்கிற்	தவித்த்	தவிப்ப்	தவிக்கும்	தவிக்க	தவியுங்கள்
தவிர்	தவிர்கிற்	தவிர்த்த்	தவிர்ப்ப்	தவிரும்	தவிர்க்க	தவிருங்கள்
தா	தருகிற்	தந்த்	தருவ்	தரும்	தர	தாருங்கள்
தாக்கு	தாக்குகிற்	தாக்கின்	தாக்குவ்	தாக்கும்	தாக்க	தாக்குங்கள்
தாங்கு	தாங்குகிற்	தாங்கின்	தாங்குவ்	தாங்கும்	தாங்க	தாங்குங்கள்
தாண்டு	தாண்டுகிற்	தாண்டின்	தாண்டுவ்	தாண்டும்	தாண்ட	தாண்டுங்கள்
தாமசி	தாமசிக்கிற்	தாமசித்த்	தாமசிப்ப்	தாமசிக்கும்	தாமசிக்க	தாமசியுங்கள்
தாமதி	தாமதிக்கிற்	தாமதித்த்	தாமதிப்ப்	தாமதிக்கும்	தாமதிக்க	தாமதியுங்கள்
தாளி	தாளிக்கிற்	தாளித்த்	தாளிப்ப்	தாளிக்கும்	தாளிக்க	தாளியுங்கள்
தாழ்	தாழ்கிற்	தாழ்த்த்	தாழ்ப்ப்	தாழும்	தாழ	தாழுங்கள்
தாழ்த்து	தாழ்த்துகிற்	தாழ்த்தின்	தாழ்த்துவ்	தாழ்த்தும்	தாழ்த்த	தாழ்த்துங்கள்
தாவு	தாவுகிற்	தாவின்	தாவுவ்	தாவும்	தாவ	தாவுங்கள்
திகழ்	திகழ்கிற்	திகழ்ந்த்	திகழ்வ்	திகழும்	திகழ	திகழுங்கள்
திகை	திகைகிற்	திகைத்த்	திகைப்ப்	திகையும்	திகைக்க	திகையுங்கள்
திக்கு	திக்குகிற்	திக்கின்	திக்குவ்	திக்கும்	திக்க	திக்குங்கள்
திட்டு	திட்டுகிற்	திட்டின்	திட்டுவ்	திட்டும்	திட்ட	திட்டுங்கள்
திணி	திணிக்கிற்	திணித்த்	திணிப்ப்	திணிக்கும்	திணிக்க	திணியுங்கள்
திண்டாடு	திண்டாடுகிற்	திண்டாடின்	திண்டாடுவ்	திண்டாடும்	திண்டாட	திண்டாடுங்கள்
தித்தி	தித்திக்கிற்	தித்தித்த்	தித்திப்ப்	தித்திக்கும்	தித்திக்க	தித்தியுங்கள்
தின்	தின்கிற்	தின்ற்	தின்ப்	தின்னும்	தின்ன	தின்னுங்கள்
தியானி	தியானிக்கிற்	தியானித்த்	தியானிப்ப்	தியானிக்கும்	தியானிக்க	தியானியுங்கள்
திரள்	திரள்கிற்	திரண்ட்	திரள்வ்	திரளும்	திரள	திரளுங்கள்
திரி	திரிகிற்	திரித்த்	திரிப்ப்	திரியும்	திரிக்க	திரியுங்கள்
திருகு	திருகுகிற்	திருகின்	திருகுவ்	திருகும்	திருக	திருகுங்கள்
திருத்து	திருத்துகிற்	திருத்தின்	திருத்துவ்	திருத்தும்	திருத்த	திருத்துங்கள்
திருந்து	திருந்துகிற்	திருந்தின்	திருந்துவ்	திருந்தும்	திருந்த	திருந்துங்கள்
திருப்பு	திருப்புகிற்	திருப்பின்	திருப்புவ்	திருப்பும்	திருப்ப	திருப்புங்கள்
திரை	திரைகிற்	திரைத்த்	திரைப்ப்	திரையும்	திரைக்க	திரையுங்கள்
திற	திறக்கிற்	திறந்த்	திறப்ப்	திறக்கும்	திறக்க	திறவுங்கள்
தீ	தீகிற்	தீத்த்	தீப்ப்	தீக்கும்	தீக்க	தீயுங்கள்
தீட்டு	தீட்டுகிற்	தீட்டின்	தீட்டுவ்	தீட்டும்	தீட்ட	தீட்டுங்கள்
தீண்டு	தீண்டுகிற்	தீண்டின்	தீண்டுவ்	தீண்டும்	தீண்ட	தீண்டுங்கள்
தீய்	தீய்கிற்	தீய்த்த்	தீய்ப்ப்	தீயும்	தீய்க்க	தீயுங்கள்
தீவிரி	தீவிரிக்கிற்	தீவிரித்த்	தீவிரிப்ப்	தீவிரிக்கும்	தீவிரிக்க	தீவிரியுங்கள்
துக்கி	துக்கிக்கிற்	துக்கித்த்	துக்கிப்ப்	துக்கிக்கும்	துக்கிக்க	துக்கியுங்கள்
துஞ்சு	துஞ்சுகிற்	துஞ்சின்	துஞ்சுவ்	துஞ்சும்	துஞ்ச	துஞ்சுங்கள்
துடி	துடிக்கிற்	துடித்த்	துடிப்ப்	துடிக்கும்	துடிக்க	துடியுங்கள்
துடை	துடைக்கிற்	துடைத்த்	துடைப்ப்	துடைக்கும்	துடைக்க	துடையுங்கள்
துணி	துணிகிற்	துணித்த்	துணிப்ப்	துணியும்	துணிக்க	துணியுங்கள்
துணை	துணைகிற்	துணைத்த்	துணைப்ப்	துணையும்	துணைக்க	துணையுங்கள்
துண்டி	துண்டிக்கிற்	துண்டித்த்	துண்டிப்ப்	துண்டிக்கும்	துண்டிக்க	துண்டியுங்கள்
துதி	துதிக்கிற்	துதித்த்	துதிப்ப்	துதிக்கும்	துதிக்க	துதியுங்கள்
துப்பு	துப்புகிற்	துப்பின்	துப்புவ்	துப்பும்	துப்ப	துப்புங்கள்
தும்பு	தும்புகிற்	தும்பின்	தும்புவ்	தும்பும்	தும்ப	தும்புங்கள்
தும்மு	தும்முகிற்	தும்மின்	தும்முவ்	தும்மும்	தும்ம	தும்முங்கள்
துயில்	துயில்கிற்	துயின்ற்	துயில்வ்	துயிலும்	துயில	துயிலுங்கள்
துய்	துய்கிற்	துய்ந்த்	துய்வ்	துய்யும்	துய்ய	துய்யுங்கள்
துரத்து	துரத்துகிற்	துரத்தின்	துரத்துவ்	துரத்தும்	துரத்த	துரத்துங்கள்
துருவு	துருவுகிற்	துருவின்	துருவுவ்	துருவும்	துருவ	துருவுங்கள்
துற	துறக்கிற்	துறந்த்	துறப்ப்	துறக்கும்	துறக்க	துறவுங்கள்
துலக்கு	துலக்குகிற்	துலக்கின்	துலக்குவ்	துலக்கும்	துலக்க	துலக்குங்கள்
துளி	துளிக்கிற்	துளித்த்	துளிப்ப்	துளிக்கும்	துளிக்க	துளியுங்கள்
துளை	துளைகிற்	துளைத்த்	துளைப்ப்	துளையும்	துளைக்க	துளையுங்கள்
துள்ளு	துள்ளுகிற்	துள்ளின்	துள்ளுவ்	துள்ளும்	துள்ள	துள்ளுங்கள்
துழாவு	துழாவுகிற்	துழாவின்	துழாவுவ்	துழாவும்	துழாவ	துழாவுங்கள்
துவங்கு	துவங்குகிற்	துவங்கின்	துவங்குவ்	துவங்கும்	துவங்க	துவங்குங்கள்
துவை	துவைகிற்	துவைத்த்	துவைப்ப்	துவையும்	துவைக்க	துவையுங்கள்
தூர்	தூர்க்கிற்	தூர்த்த்	தூர்ப்ப்	தூரும்	தூர்க்க	தூருங்கள்
தெரி	தெரிகிற்	தெரித்த்	தெரிப்ப்	தெரியும்	தெரிக்க	தெரியுங்கள்
தெரிவி	தெரிவிக்கிற்	தெரிவித்த்	தெரிவிப்ப்	தெரிவிக்கும்	தெரிவிக்க	தெரிவியுங்கள்
தெருள்	தெருள்கிற்	தெருண்ட்	தெருள்வ்	தெருளும்	தெருள	தெருளுங்கள்
தெளி	தெளிகிற்	தெளித்த்	தெளிப்ப்	தெளியும்	தெளிக்க	தெளியுங்கள்
தேக்கு	தேக்குகிற்	தேக்கின்	தேக்குவ்	தேக்கும்	தேக்க	தேக்குங்கள்
தேடு	தேடுகிற்	தேடின்	தேடுவ்	தேடும்	தேட	தேடுங்கள்
தேம்பு	தேம்புகிற்	தேம்பின்	தேம்புவ்	தேம்பும்	தேம்ப	தேம்புங்கள்
தேய்	தேய்கிற்	தேய்த்த்	தேய்ப்ப்	தேயும்	தேய்க்க	தேயுங்கள்
தேர்	தேர்கிற்	தேர்த்த்	தேர்ப்ப்	தேரும்	தேர்க்க	தேருங்கள்
தேறு	தேறுகிற்	தேறின்	தேறுவ்	தேறும்	தேற	தேறுங்கள்
தேற்று	தேற்றுகிற்	தேற்றின்	தேற்றுவ்	தேற்றும்	தேற்ற	தேற்றுங்கள்
தை	தைக்கிற்	தைத்த்	தைப்ப்	தைக்கும்	தைக்க	தையுங்கள்
தொங்கு	தொங்குகிற்	தொங்கின்	தொங்குவ்	தொங்கும்	தொங்க	தொங்குங்கள்
தொடங்கு	தொடங்குகிற்	தொடங்கின்	தொடங்குவ்	தொடங்கும்	தொடங்க	தொடங்குங்கள்
தொடர்	தொடர்கிற்	தொடர்ந்த்	தொடர்வ்	தொடரும்	தொடர	தொடருங்கள்
தொடு	தொடுகிற்	தொட்ட்	தொடுவ்	தொடும்	தொட	தொடுங்கள்
தொற்று	தொற்றுகிற்	தொற்றின்	தொற்றுவ்	தொற்றும்	தொற்ற	தொற்றுங்கள்
தொலை	தொலைகிற்	தொலைந்த்	தொலைவ்	தொலையும்	தொலைய	தொலையுங்கள்
தொழு	தொழுகிற்	தொழுத்	தொழுவ்	தொழும்	தொழ	தொழுங்கள்
தோண்டு	தோண்டுகிற்	தோண்டின்	தோண்டுவ்	தோண்டும்	தோண்ட	தோண்டுங்கள்
தோன்று	தோன்றுகிற்	தோன்றின்	தோன்றுவ்	தோன்றும்	தோன்ற	தோன்றுங்கள்
தோற்று	தோற்றுகிற்	தோற்றின்	தோற்றுவ்	தோற்றும்	தோற்ற	தோற்றுங்கள்
தோல்	தோற்கிற்	தோற்ற்	தோற்ப்	தோற்கும்	தோற்க	தோலுங்கள்
நகர்	நகர்கிற்	நகர்ந்த்	நகர்வ்	நகரும்	நகர	நகருங்கள்
நகர்த்து	நகர்த்துகிற்	நகர்த்தின்	நகர்த்துவ்	நகர்த்தும்	நகர்த்த	நகர்த்துங்கள்
நகு	நகுகிற்	நக்க்	நகுவ்	நகும்	நக	நகுங்கள்
நகை	நகைக்கிற்	நகைத்த்	நகைப்ப்	நகைக்கும்	நகைக்க	நகையுங்கள்
நக்கு	நக்குகிற்	நக்கின்	நக்குவ்	நக்கும்	நக்க	நக்குங்கள்
நசி	நசிகிற்	நசிந்த்	நசிவ்	நசியும்	நசிய	நசியுங்கள்
நசுக்கு	நசுக்குகிற்	நசுக்கின்	நசுக்குவ்	நசுக்கும்	நசுக்க	நசுக்குங்கள்
நசுங்கு	நசுங்குகிற்	நசுங்கின்	நசுங்குவ்	நசுங்கும்	நசுங்க	நசுங்குங்கள்
நச்சு	நச்சுகிற்	நச்சின்	நச்சுவ்	நச்சும்	நச்ச	நச்சுங்கள்
நட	நடக்கிற்	நடந்த்	நடப்ப்	நடக்கும்	நடக்க	நடவுங்கள்
நடத்து	நடத்துகிற்	நடத்தின்	நடத்துவ்	நடத்தும்	நடத்த	நடத்துங்கள்
நடவு	நடவுகிற்	நடவின்	நடவுவ்	நடவும்	நடவ	நடவுங்கள்
நடு	நடுகிற்	நட்ட்	நடுவ்	நடும்	நட	நடுங்கள்
நடுங்கு	நடுங்குகிற்	நடுங்கின்	நடுங்குவ்	நடுங்கும்	நடுங்க	நடுங்குங்கள்
நனை	நனைகிற்	நனைத்த்	நனைப்ப்	நனையும்	நனைக்க	நனையுங்கள்
நம்பு	நம்புகிற்	நம்பின்	நம்புவ்	நம்பும்	நம்ப	நம்புங்கள்
நரை	நரைக்கிற்	நரைத்த்	நரைப்ப்	நரைக்கும்	நரைக்க	நரையுங்கள்
நறுக்கு	நறுக்குகிற்	நறுக்கின்	நறுக்குவ்	நறுக்கும்	நறுக்க	நறுக்குங்கள்
நலி	நலிகிற்	நலித்த்	நலிப்ப்	நலியும்	நலிக்க	நலியுங்கள்
நல்கு	நல்குகிற்	நல்கின்	நல்குவ்	நல்கும்	நல்க	நல்குங்கள்
நவில்	நவில்கிற்	நவின்ற்	நவில்வ்	நவிலும்	நவில	நவிலுங்கள்
நாடு	நாடுகிற்	நாடின்	நாடுவ்	நாடும்	நாட	நாடுங்கள்
நாட்டு	நாட்டுகிற்	நாட்டின்	நாட்டுவ்	நாட்டும்	நாட்ட	நாட்டுங்கள்
நாறு	நாறுகிற்	நாறின்	நாறுவ்	நாறும்	நாற	நாறுங்கள்
நாற்று	நாற்றுகிற்	நாற்றின்	நாற்றுவ்	நாற்றும்	நாற்ற	நாற்றுங்கள்
நால்	நால்கிற்	நான்ற்	நால்வ்	நாலும்	நால	நாலுங்கள்
நாவு	நாவுகிற்	நாவின்	நாவுவ்	நாவும்	நாவ	நாவுங்கள்
நிகர்	நிகர்கிற்	நிகர்ந்த்	நிகர்வ்	நிகரும்	நிகர்க்க	நிகருங்கள்
நிகழ்	நிகழ்கிற்	நிகழ்ந்த்	நிகழ்வ்	நிகழும்	நிகழ	நிகழுங்கள்
நிச்சயி	நிச்சயிக்கிற்	நிச்சயித்த்	நிச்சயிப்ப்	நிச்சயிக்கும்	நிச்சயிக்க	நிச்சயியுங்கள்
நினை	நினைக்கிற்	நினைத்த்	நினைப்ப்	நினைக்கும்	நினைக்க	நினையுங்கள்
நிமிர்	நிமிர்கிற்	நிமிர்ந்த்	நிமிர்வ்	நிமிரும்	நிமிர்க்க	நிமிருங்கள்
நிரப்பு	நிரப்புகிற்	நிரப்பின்	நிரப்புவ்	நிரப்பும்	நிரப்ப	நிரப்புங்கள்
நிரம்பு	நிரம்புகிற்	நிரம்பின்	நிரம்புவ்	நிரம்பும்	நிரம்ப	நிரம்புங்கள்
நிரூபி	நிரூபிக்கிற்	நிரூபித்த்	நிரூபிப்ப்	நிரூபிக்கும்	நிரூபிக்க	நிரூபியுங்கள்
நிரை	நிரைகிற்	நிரைத்த்	நிரைப்ப்	நிரையும்	நிரைக்க	நிரையுங்கள்
நிற	நிறக்கிற்	நிறத்த்	நிறப்ப்	நிறக்கும்	நிறக்க	நிறவுங்கள்
நிறுத்து	நிறுத்துகிற்	நிறுத்தின்	நிறுத்துவ்	நிறுத்தும்	நிறுத்த	நிறுத்துங்கள்
நிறுவு	நிறுவுகிற்	நிறுவின்	நிறுவுவ்	நிறுவும்	நிறுவ	நிறுவுங்கள்
நிறை	நிறைகிற்	நிறைத்த்	நிறைப்ப்	நிறையும்	நிறைக்க	நிறையுங்கள்
நிறைவேற்று	நிறைவேற்றுகிற்	நிறைவேற்றின்	நிறைவேற்றுவ்	நிறைவேற்றும்	நிறைவேற்ற	நிறைவேற்றுங்கள்
நிற்பாட்டு	நிற்பாட்டுகிற்	நிற்பாட்டின்	நிற்பாட்டுவ்	நிற்பாட்டும்	நிற்பாட்ட	நிற்பாட்டுங்கள்
நிலவு	நிலவுகிற்	நிலவின்	நிலவுவ்	நிலவும்	நிலவ	நிலவுங்கள்
நிழல்	நிழற்கிற்	நிழற்ற்	நிழற்ப்	நிழற்கும்	நிழற்க	நிழல்லுங்கள்
நீ	நீக்கிற்	நீத்த்	நீப்ப்	நீக்கும்	நீக்க	நீயுங்கள்
நீக்கு	நீக்குகிற்	நீக்கின்	நீக்குவ்	நீக்கும்	நீக்க	நீக்குங்கள்
நீங்கு	நீங்குகிற்	நீங்கின்	நீங்குவ்	நீங்கும்	நீங்க	நீங்குங்கள்
நீடி	நீடிக்கிற்	நீடித்த்	நீடிப்ப்	நீடிக்கும்	நீடிக்க	நீடியுங்கள்
நீடு	நீடுகிற்	நீடின்	நீடுவ்	நீடும்	நீட	நீடுங்கள்
நீட்டி	நீட்டிக்கிற்	நீட்டித்த்	நீட்டிப்ப்	நீட்டிக்கும்	நீட்டிக்க	நீட்டியுங்கள்
நீட்டு	நீட்டுகிற்	நீட்டின்	நீட்டுவ்	நீட்டும்	நீட்ட	நீட்டுங்கள்
நீந்து	நீந்துகிற்	நீந்தின்	நீந்துவ்	நீந்தும்	நீந்த	நீந்துங்கள்
நீர்	நீர்க்கிற்	நீர்த்த்	நீர்ப்ப்	நீர்க்கும்	நீர்க்க	நீருங்கள்
நீள்	நீள்கிற்	நீண்ட்	நீள்வ்	நீளும்	நீள	நீளுங்கள்
நீவு	நீவுகிற்	நீவின்	நீவுவ்	நீவும்	நீவ	நீவுங்கள்
நுகர்	நுகர்கிற்	நுகர்ந்த்	நுகர்வ்	நுகரும்	நுகர	நுகருங்கள்
நுங்கு	நுங்குகிற்	நுங்கின்	நுங்குவ்	நுங்கும்	நுங்க	நுங்குங்கள்
நுடக்கு	நுடக்குகிற்	நுடக்கின்	நுடக்குவ்	நுடக்கும்	நுடக்க	நுடக்குங்கள்
நுணுக்கு	நுணுக்குகிற்	நுணுக்கின்	நுணுக்குவ்	நுணுக்கும்	நுணுக்க	நுணுக்குங்கள்
நுரை	நுரைக்கிற்	நுரைத்த்	நுரைப்ப்	நுரைக்கும்	நுரைக்க	நுரையுங்கள்
நுழை	நுழைகிற்	நுழைத்த்	நுழைப்ப்	நுழையும்	நுழைக்க	நுழையுங்கள்
நூல்	நூற்கிற்	நூற்ற்	நூற்ப்	நூற்கும்	நூற்க	நூலுங்கள்
நெடு	நெடுக்கிற்	நெடுத்த்	நெடுப்ப்	நெடுக்கும்	நெடுக்க	நெடுங்கள்
நெய்	நெய்க்கிற்	நெய்த்த்	நெய்ப்ப்	நெய்க்கும்	நெய்க்க	நெயுங்கள்
நெரி	நெரிகிற்	நெரித்த்	நெரிப்ப்	நெரியும்	நெரிக்க	நெரியுங்கள்
நெருக்கு	நெருக்குகிற்	நெருக்கின்	நெருக்குவ்	நெருக்கும்	நெருக்க	நெருக்குங்கள்
நெருங்கு	நெருங்குகிற்	நெருங்கின்	நெருங்குவ்	நெருங்கும்	நெருங்க	நெருங்குங்கள்
நேர்	நேர்கிற்	நேர்ந்த்	நேர்வ்	நேரும்	நேர	நேருங்கள்
நொடி	நொடிகிற்	நொடிந்த்	நொடிவ்	நொடியும்	நொடிய	நொடியுங்கள்
நொண்டு	நொண்டுகிற்	நொண்டின்	நொண்டுவ்	நொண்டும்	நொண்ட	நொண்டுங்கள்
நொருக்கு	நொருக்குகிற்	நொருக்கின்	நொருக்குவ்	நொருக்கும்	நொருக்க	நொருக்குங்கள்
நொருங்கு	நொருங்குகிற்	நொருங்கின்	நொருங்குவ்	நொருங்கும்	நொருங்க	நொருங்குங்கள்
நொறுக்கு	நொறுக்குகிற்	நொறுக்கின்	நொறுக்குவ்	நொறுக்கும்	நொறுக்க	நொறுக்குங்கள்
நொறுங்கு	நொறுங்குகிற்	நொறுங்கின்	நொறுங்குவ்	நொறுங்கும்	நொறுங்க	நொறுங்குங்கள்
நோக்கு	நோக்குகிற்	நோக்கின்	நோக்குவ்	நோக்கும்	நோக்க	நோக்குங்கள்
நோண்டு	நோண்டுகிற்	நோண்டின்	நோண்டுவ்	நோண்டும்	நோண்ட	நோண்டுங்கள்
பகர்	பகர்கிற்	பகர்ந்த்	பகர்வ்	பகரும்	பகர	பகருங்கள்
பகிர்	பகிர்கிற்	பகிர்ந்த்	பகிர்வ்	பகிரும்	பகிர	பகிருங்கள்
பகு	பகுகிற்	பகுத்த்	பகுப்ப்	பகுக்கும்	பகுக்க	பகுங்கள்
பசி	பசிக்கிற்	பசித்த்	பசிப்ப்	பசிக்கும்	பசிக்க	பசியுங்கள்
பசு	பசுக்கிற்	பசுத்த்	பசுப்ப்	பசுக்கும்	பசுக்க	பசுங்கள்
பஞ்சு	பஞ்சுகிற்	பஞ்சின்	பஞ்சுவ்	பஞ்சும்	பஞ்ச	பஞ்சுங்கள்
படி	படிகிற்	படித்த்	படிப்ப்	படியும்	படிக்க	படியுங்கள்
படு	படுகிற்	படுத்த்	படுப்ப்	படுக்கும்	பட	படுங்கள்
படை	படைக்கிற்	படைத்த்	படைப்ப்	படைக்கும்	படைக்க	படையுங்கள்
பட்சி	பட்சிக்கிற்	பட்சித்த்	பட்சிப்ப்	பட்சிக்கும்	பட்சிக்க	பட்சியுங்கள்
பண்ணு	பண்ணுகிற்	பண்ணின்	பண்ணுவ்	பண்ணும்	பண்ண	பண்ணுங்கள்
பதறு	பதறுகிற்	பதறின்	பதறுவ்	பதறும்	பதற	பதறுங்கள்
பதி	பதிகிற்	பதித்த்	பதிப்ப்	பதியும்	பதிக்க	பதியுங்கள்
பதுக்கு	பதுக்குகிற்	பதுக்கின்	பதுக்குவ்	பதுக்கும்	பதுக்க	பதுக்குங்கள்
பதுங்கு	பதுங்குகிற்	பதுங்கின்	பதுங்குவ்	பதுங்கும்	பதுங்க	பதுங்குங்கள்
பந்தி	பந்திக்கிற்	பந்தித்த்	பந்திப்ப்	பந்திக்கும்	பந்திக்க	பந்தியுங்கள்
பனி	பனிக்கிற்	பனித்த்	பனிப்ப்	பனிக்கும்	பனிக்க	பனியுங்கள்
பய	பயக்கிற்	பயந்த்	பயப்ப்	பயக்கும்	பயக்க	பயவுங்கள்
பயிற்று	பயிற்றுகிற்	பயிற்றின்	பயிற்றுவ்	பயிற்றும்	பயிற்ற	பயிற்றுங்கள்
பயில்	பயில்கிற்	பயின்ற்	பயில்வ்	பயிலும்	பயில	பயிலுங்கள்
பர	பரக்கிற்	பரந்த்	பரப்ப்	பரக்கும்	பரக்க	பரவுங்கள்
பரபர	பரபரக்கிற்	பரபரத்த்	பரபரப்ப்	பரபரக்கும்	பரபரக்க	பரபரவுங்கள்
பரப்பு	பரப்புகிற்	பரப்பின்	பரப்புவ்	பரப்பும்	பரப்ப	பரப்புங்கள்
பரவு	பரவுகிற்	பரவின்	பரவுவ்	பரவும்	பரவ	பரவுங்கள்
பராமரி	பராமரிக்கிற்	பராமரித்த்	பராமரிப்ப்	பராமரிக்கும்	பராமரிக்க	பராமரியுங்கள்
பரி	பரிகிற்	பரித்த்	பரிப்ப்	பரியும்	பரிக்க	பரியுங்கள்
பரிமாறு	பரிமாறுகிற்	பரிமாறின்	பரிமாறுவ்	பரிமாறும்	பரிமாற	பரிமாறுங்கள்
பரு	பருக்கிற்	பருத்த்	பருப்ப்	பருக்கும்	பருக்க	பருங்கள்
பருகு	பருகுகிற்	பருகின்	பருகுவ்	பருகும்	பருக	பருகுங்கள்
பற	பறக்கிற்	பறந்த்	பறப்ப்	பறக்கும்	பறக்க	பறவுங்கள்
பறி	பறிகிற்	பறித்த்	பறிப்ப்	பறியும்	பறிக்க	பறியுங்கள்
பறை	பறைகிற்	பறைந்த்	பறைவ்	பறையும்	பறைய	பறையுங்கள்
பற்று	பற்றுகிற்	பற்றின்	பற்றுவ்	பற்றும்	பற்ற	பற்றுங்கள்
பல	பலக்கிற்	பலத்த்	பலப்ப்	பலக்கும்	பலக்க	பலவுங்கள்
பலி	பலிக்கிற்	பலித்த்	பலிப்ப்	பலிக்கும்	பலிக்க	பலியுங்கள்
பழகு	பழகுகிற்	பழகின்	பழகுவ்	பழகும்	பழக	பழகுங்கள்
பழி	பழிக்கிற்	பழித்த்	பழிப்ப்	பழிக்கும்	பழிக்க	பழியுங்கள்
பாடு	பாடுகிற்	பாடின்	பாடுவ்	பாடும்	பாட	பாடுங்கள்
பாதி	பாதிக்கிற்	பாதித்த்	பாதிப்ப்	பாதிக்கும்	பாதிக்க	பாதியுங்கள்
பாதுகா	பாதுகாக்கிற்	பாதுகாத்த்	பாதுகாப்ப்	பாதுகாக்கும்	பாதுகாக்க	பாதுகாவுங்கள்
பாய்	பாய்கிற்	பாய்ந்த்	பாய்வ்	பாயும்	பாய	பாயுங்கள்
பாராட்டு	பாராட்டுகிற்	பாராட்டின்	பாராட்டுவ்	பாராட்டும்	பாராட்ட	பாராட்டுங்கள்
பார்	பார்க்கிற்	பார்த்த்	பார்ப்ப்	பார்க்கும்	பார்க்க	பாருங்கள்
பிசகு	பிசகுகிற்	பிசகின்	பிசகுவ்	பிசகும்	பிசக	பிசகுங்கள்
பிசக்கு	பிசக்குகிற்	பிசக்கின்	பிசக்குவ்	பிசக்கும்	பிசக்க	பிசக்குங்கள்
பிசறு	பிசறுகிற்	பிசறின்	பிசறுவ்	பிசறும்	பிசற	பிசறுங்கள்
பிசுபிசு	பிசுபிசுக்கிற்	பிசுபிசுத்த்	பிசுபிசுப்ப்	பிசுபிசுக்கும்	பிசுபிசுக்க	பிசுபிசுங்கள்
பிடி	பிடிக்கிற்	பிடித்த்	பிடிப்ப்	பிடிக்கும்	பிடிக்க	பிடியுங்கள்
பிடுங்கு	பிடுங்குகிற்	பிடுங்கின்	பிடுங்குவ்	பிடுங்கும்	பிடுங்க	பிடுங்குங்கள்
பிட்கு	பிட்குகிற்	பிட்கின்	பிட்குவ்	பிட்கும்	பிட்க	பிட்குங்கள்
பிணி	பிணிக்கிற்	பிணித்த்	பிணிப்ப்	பிணிக்கும்	பிணிக்க	பிணியுங்கள்
பிதுங்கு	பிதுங்குகிற்	பிதுங்கின்	பிதுங்குவ்	பிதுங்கும்	பிதுங்க	பிதுங்குங்கள்
பிந்து	பிந்துகிற்	பிந்தின்	பிந்துவ்	பிந்தும்	பிந்த	பிந்துங்கள்
பின்னு	பின்னுகிற்	பின்னின்	பின்னுவ்	பின்னும்	பின்ன	பின்னுங்கள்
பிய்	பிய்கிற்	பிய்த்த்	பிய்ப்ப்	பிய்க்கும்	பிய்க்க	பியுங்கள்
பிரசங்கி	பிரசங்கிக்கிற்	பிரசங்கித்த்	பிரசங்கிப்ப்	பிரசங்கிக்கும்	பிரசங்கிக்க	பிரசங்கியுங்கள்
பிரி	பிரிகிற்	பிரித்த்	பிரிப்ப்	பிரியும்	பிரிக்க	பிரியுங்கள்
பிற	பிறக்கிற்	பிறந்த்	பிறப்ப்	பிறக்கும்	பிறக்க	பிறவுங்கள்
பிறக்கு	பிறக்குகிற்	பிறக்கின்	பிறக்குவ்	பிறக்கும்	பிறக்க	பிறக்குங்கள்
பிறங்கு	பிறங்குகிற்	பிறங்கின்	பிறங்குவ்	பிறங்கும்	பிறங்க	பிறங்குங்கள்
பிறழ்	பிறழ்கிற்	பிறழ்ந்த்	பிறழ்வ்	பிறழும்	பிறழ	பிறழுங்கள்
பிறாண்டு	பிறாண்டுகிற்	பிறாண்டின்	பிறாண்டுவ்	பிறாண்டும்	பிறாண்ட	பிறாண்டுங்கள்
பிற்காலி	பிற்காலிக்கிற்	பிற்காலித்த்	பிற்காலிப்ப்	பிற்காலிக்கும்	பிற்காலிக்க	பிற்காலியுங்கள்
பிள	பிளக்கிற்	பிளந்த்	பிளப்ப்	பிளக்கும்	பிளக்க	பிளவுங்கள்
பிளிர்	பிளிர்க்கிற்	பிளிர்த்த்	பிளிர்ப்ப்	பிளிர்க்கும்	பிளிர்க்க	பிளிருங்கள்
பிளிறு	பிளிறுகிற்	பிளிறின்	பிளிறுவ்	பிளிறும்	பிளிற	பிளிறுங்கள்
பிளிற்று	பிளிற்றுகிற்	பிளிற்றின்	பிளிற்றுவ்	பிளிற்றும்	பிளிற்ற	பிளிற்றுங்கள்
பிழி	பிழிகிற்	பிழிந்த்	பிழிவ்	பிழியும்	பிழிய	பிழியுங்கள்
பிழை	பிழைக்கிற்	பிழைத்த்	பிழைப்ப்	பிழைக்கும்	பிழைக்க	பிழையுங்கள்
பீச்சு	பீச்சுகிற்	பீச்சின்	பீச்சுவ்	பீச்சும்	பீச்ச	பீச்சுங்கள்
பீத்து	பீத்துகிற்	பீத்தின்	பீத்துவ்	பீத்தும்	பீத்த	பீத்துங்கள்
பீர்ச்சு	பீர்ச்சுகிற்	பீர்ச்சின்	பீர்ச்சுவ்	பீர்ச்சும்	பீர்ச்ச	பீர்ச்சுங்கள்
புகட்டு	புகட்டுகிற்	புகட்டின்	புகட்டுவ்	புகட்டும்	புகட்ட	புகட்டுங்கள்
புகல்	புகல்கிற்	புகன்ற்	புகல்வ்	புகலும்	புகல	புகலுங்கள்
புகழ்	புகழ்கிற்	புகழ்ந்த்	புகழ்வ்	புகழும்	புகழ	புகழுங்கள்
புகு	புகுகிற்	புகுத்த்	புகுப்ப்	புகுக்கும்	புகுக்க	புகுங்கள்
புகுது	புகுதுகிற்	புகுதின்	புகுதுவ்	புகுதும்	புகுத	புகுதுங்கள்
புகுத்து	புகுத்துகிற்	புகுத்தின்	புகுத்துவ்	புகுத்தும்	புகுத்த	புகுத்துங்கள்
புகை	புகைகிற்	புகைத்த்	புகைப்ப்	புகையும்	புகைக்க	புகையுங்கள்
புசி	புசிக்கிற்	புசித்த்	புசிப்ப்	புசிக்கும்	புசிக்க	புசியுங்கள்
புடை	புடைக்கிற்	புடைத்த்	புடைப்ப்	புடைக்கும்	புடைக்க	புடையுங்கள்
புணர்	புணர்கிற்	புணர்த்த்	புணர்ப்ப்	புணரும்	புணர்க்க	புணருங்கள்
புதுப்பி	புதுப்பிக்கிற்	புதுப்பித்த்	புதுப்பிப்ப்	புதுப்பிக்கும்	புதுப்பிக்க	புதுப்பியுங்கள்
புதை	புதைகிற்	புதைத்த்	புதைப்ப்	புதையும்	புதைக்க	புதையுங்கள்
புனை	புனைகிற்	புனைந்த்	புனைவ்	புனையும்	புனைய	புனையுங்கள்
புரள்	புரள்கிற்	புரண்ட்	புரள்வ்	புரளும்	புரள	புரளுங்கள்
புரி	புரிகிற்	புரிந்த்	புரிவ்	புரியும்	புரிய	புரியுங்கள்
புல	புலக்கிற்	புலந்த்	புலப்ப்	புலக்கும்	புலக்க	புலவுங்கள்
புலம்பு	புலம்புகிற்	புலம்பின்	புலம்புவ்	புலம்பும்	புலம்ப	புலம்புங்கள்
புளி	புளிக்கிற்	புளித்த்	புளிப்ப்	புளிக்கும்	புளிக்க	புளியுங்கள்
புழங்கு	புழங்குகிற்	புழங்கின்	புழங்குவ்	புழங்கும்	புழங்க	புழங்குங்கள்
புழு	புழுக்கிற்	புழுத்த்	புழுப்ப்	புழுக்கும்	புழுக்க	புழுங்கள்
புழுங்கு	புழுங்குகிற்	புழுங்கின்	புழுங்குவ்	புழுங்கும்	புழுங்க	புழுங்குங்கள்
பூ	பூக்கிற்	பூத்த்	பூப்ப்	பூக்கும்	பூக்க	பூவுங்கள்
பூசு	பூசுகிற்	பூசின்	பூசுவ்	பூசும்	பூச	பூசுங்கள்
பூட்டு	பூட்டுகிற்	பூட்டின்	பூட்டுவ்	பூட்டும்	பூட்ட	பூட்டுங்கள்
பூண்	பூண்கிற்	பூண்ட்	பூண்ப்	பூணும்	பூண	பூணுங்கள்
பூரி	பூரிக்கிற்	பூரித்த்	பூரிப்ப்	பூரிக்கும்	பூரிக்க	பூரியுங்கள்
பூர்	பூர்கிற்	பூர்ந்த்	பூர்வ்	பூரும்	பூர	பூருங்கள்
பெயர்	பெயர்க்கிற்	பெயர்த்த்	பெயர்ப்ப்	பெயரும்	பெயர்க்க	பெயருங்கள்
பெய்	பெய்கிற்	பெய்த்	பெய்வ்	பெய்யும்	பெய்ய	பெய்யுங்கள்
பெரு	பெருக்கிற்	பெருத்த்	பெருப்ப்	பெருக்கும்	பெருக்க	பெருங்கள்
பெருகு	பெருகுகிற்	பெருகின்	பெருகுவ்	பெருகும்	பெருக	பெருகுங்கள்
பெருக்கு	பெருக்குகிற்	பெருக்கின்	பெருக்குவ்	பெருக்கும்	பெருக்க	பெருக்குங்கள்
பெறு	பெறுகிற்	பெற்ற்	பெறுவ்	பெறும்	பெற	பெறுங்கள்
பேசு	பேசுகிற்	பேசின்	பேசுவ்	பேசும்	பேச	பேசுங்கள்
பேணு	பேணுகிற்	பேணின்	பேணுவ்	பேணும்	பேண	பேணுங்கள்
பேந்து	பேந்துகிற்	பேந்தின்	பேந்துவ்	பேந்தும்	பேந்த	பேந்துங்கள்
பேர்	பேர்க்கிற்	பேர்த்த்	பேர்ப்ப்	பேரும்	பேர்க்க	பேருங்கள்
பேல்	பேல்கிற்	பேன்ற்	பேல்வ்	பேலும்	பேல	பேலுங்கள்
பேள்	பேள்கிற்	பேண்ட்	பேள்வ்	பேளும்	பேள	பேளுங்கள்
பொங்கு	பொங்குகிற்	பொங்கின்	பொங்குவ்	பொங்கும்	பொங்க	பொங்குங்கள்
பொசுக்கு	பொசுக்குகிற்	பொசுக்கின்	பொசுக்குவ்	பொசுக்கும்	பொசுக்க	பொசுக்குங்கள்
பொடி	பொடிகிற்	பொடிந்த்	பொடிவ்	பொடியும்	பொடிக்க	பொடியுங்கள்
பொத்து	பொத்துகிற்	பொத்தின்	பொத்துவ்	பொத்தும்	பொத்த	பொத்துங்கள்
பொரி	பொரிகிற்	பொரிந்த்	பொரிவ்	பொரியும்	பொரிக்க	பொரியுங்கள்
பொருது	பொருதுகிற்	பொருதின்	பொருதுவ்	பொருதும்	பொருத	பொருதுங்கள்
பொருத்து	பொருத்துகிற்	பொருத்தின்	பொருத்துவ்	பொருத்தும்	பொருத்த	பொருத்துங்கள்
பொருந்து	பொருந்துகிற்	பொருந்தின்	பொருந்துவ்	பொருந்தும்	பொருந்த	பொருந்துங்கள்
பொழி	பொழிகிற்	பொழிந்த்	பொழிவ்	பொழியும்	பொழிய	பொழியுங்கள்
போ	போகிற்	போன்	போவ்	போகும்	போக	போங்கள்
போக்கு	போக்குகிற்	போக்கின்	போக்குவ்	போக்கும்	போக்க	போக்குங்கள்
போடு	போடுகிற்	போட்ட்	போடுவ்	போடும்	போட	போடுங்கள்
போது	போதுகிற்	போதின்	போதுவ்	போதும்	போத	போதுங்கள்
போற்று	போற்றுகிற்	போற்றின்	போற்றுவ்	போற்றும்	போற்ற	போற்றுங்கள்
போல்	போல்கிற்	போன்ற்	போல்வ்	போலும்	போல	போலுங்கள்
மகிழ்	மகிழ்கிற்	மகிழ்ந்த்	மகிழ்வ்	மகிழும்	மகிழ	மகிழுங்கள்
மக்கு	மக்குகிற்	மக்கின்	மக்குவ்	மக்கும்	மக்க	மக்குங்கள்
மங்கு	மங்குகிற்	மங்கின்	மங்குவ்	மங்கும்	மங்க	மங்குங்கள்
மடக்கு	மடக்குகிற்	மடக்கின்	மடக்குவ்	மடக்கும்	மடக்க	மடக்குங்கள்
மடங்கு	மடங்குகிற்	மடங்கின்	மடங்குவ்	மடங்கும்	மடங்க	மடங்குங்கள்
மடி	மடிகிற்	மடித்த்	மடிப்ப்	மடியும்	மடிக்க	மடியுங்கள்
மதி	மதிக்கிற்	மதித்த்	மதிப்ப்	மதிக்கும்	மதிக்க	மதியுங்கள்
மந்திரி	மந்திரிக்கிற்	மந்திரித்த்	மந்திரிப்ப்	மந்திரிக்கும்	மந்திரிக்க	மந்திரியுங்கள்
மன்னி	மன்னிக்கிற்	மன்னித்த்	மன்னிப்ப்	மன்னிக்கும்	மன்னிக்க	மன்னியுங்கள்
மன்னு	மன்னுகிற்	மன்னின்	மன்னுவ்	மன்னும்	மன்ன	மன்னுங்கள்
மயங்கு	மயங்குகிற்	மயங்கின்	மயங்குவ்	மயங்கும்	மயங்க	மயங்குங்கள்
மர	மரக்கிற்	மரத்த்	மரப்ப்	மரக்கும்	மரக்க	மரவுங்கள்
மரணி	மரணிக்கிற்	மரணித்த்	மரணிப்ப்	மரணிக்கும்	மரணிக்க	மரணியுங்கள்
மரி	மரிக்கிற்	மரித்த்	மரிப்ப்	மரிக்கும்	மரிக்க	மரியுங்கள்
மருட்டு	மருட்டுகிற்	மருட்டின்	மருட்டுவ்	மருட்டும்	மருட்ட	மருட்டுங்கள்
மற	மறக்கிற்	மறந்த்	மறப்ப்	மறக்கும்	மறக்க	மறவுங்கள்
மறி	மறிகிற்	மறித்த்	மறிப்ப்	மறியும்	மறிக்க	மறியுங்கள்
மறு	மறுக்கிற்	மறுத்த்	மறுப்ப்	மறுக்கும்	மறுக்க	மறுங்கள்
மறை	மறைகிற்	மறைத்த்	மறைப்ப்	மறையும்	மறைக்க	மறையுங்கள்
மலர்	மலர்கிற்	மலர்த்த்	மலர்ப்ப்	மலரும்	மலர்க்க	மலருங்கள்
மல்கு	மல்குகிற்	மல்கின்	மல்குவ்	மல்கும்	மல்க	மல்குங்கள்
மல்லா	மல்லாக்கிற்	மல்லாந்த்	மல்லாப்ப்	மல்லாக்கும்	மல்லாக்க	மல்லாவுங்கள்
மல்லார்	மல்லார்கிற்	மல்லார்ந்த்	மல்லார்வ்	மல்லாரும்	மல்லார	மல்லாருங்கள்
மழுப்பு	மழுப்புகிற்	மழுப்பின்	மழுப்புவ்	மழுப்பும்	மழுப்ப	மழுப்புங்கள்
மாட்டு	மாட்டுகிற்	மாட்டின்	மாட்டுவ்	மாட்டும்	மாட்ட	மாட்டுங்கள்
மாண்	மாண்கிற்	மாண்ட்	மாண்ப்	மாணும்	மாண	மாணுங்கள்
மாய்	மாய்கிற்	மாய்த்த்	மாய்ப்ப்	மாயும்	மாய்க்க	மாயுங்கள்
மாறு	மாறுகிற்	மாறின்	மாறுவ்	மாறும்	மாற	மாறுங்கள்
மாற்று	மாற்றுகிற்	மாற்றின்	மாற்றுவ்	மாற்றும்	மாற்ற	மாற்றுங்கள்
மாள்	மாள்கிற்	மாண்ட்	மாள்வ்	மாளும்	மாள	மாளுங்கள்
மிகு	மிகுகிற்	மிகுத்த்	மிகுப்ப்	மிகுக்கும்	மிகுக்க	மிகுங்கள்
மிஞ்சு	மிஞ்சுகிற்	மிஞ்சின்	மிஞ்சுவ்	மிஞ்சும்	மிஞ்ச	மிஞ்சுங்கள்
மித	மிதக்கிற்	மிதந்த்	மிதப்ப்	மிதக்கும்	மிதக்க	மிதவுங்கள்
மிதி	மிதிக்கிற்	மிதித்த்	மிதிப்ப்	மிதிக்கும்	மிதிக்க	மிதியுங்கள்
மினுமினு	மினுமினுக்கிற்	மினுமினுத்த்	மினுமினுப்ப்	மினுமினுக்கும்	மினுமினுக்க	மினுமினுங்கள்
மீட்டு	மீட்டுகிற்	மீட்டின்	மீட்டுவ்	மீட்டும்	மீட்ட	மீட்டுங்கள்
மீறு	மீறுகிற்	மீறின்	மீறுவ்	மீறும்	மீற	மீறுங்கள்
மீள்	மீள்கிற்	மீட்ட்	மீள்வ்	மீளும்	மீள	மீளுங்கள்
முக்கு	முக்குகிற்	முக்கின்	முக்குவ்	முக்கும்	முக்க	முக்குங்கள்
முங்கு	முங்குகிற்	முங்கின்	முங்குவ்	முங்கும்	முங்க	முங்குங்கள்
முடக்கு	முடக்குகிற்	முடக்கின்	முடக்குவ்	முடக்கும்	முடக்க	முடக்குங்கள்
முடி	முடிகிற்	முடித்த்	முடிப்ப்	முடியும்	முடிக்க	முடியுங்கள்
முட்டு	முட்டுகிற்	முட்டின்	முட்டுவ்	முட்டும்	முட்ட	முட்டுங்கள்
முதிர்	முதிர்கிற்	முதிர்ந்த்	முதிர்வ்	முதிரும்	முதிர	முதிருங்கள்
முத்து	முத்துகிற்	முத்தின்	முத்துவ்	முத்தும்	முத்த	முத்துங்கள்
முந்து	முந்துகிற்	முந்தின்	முந்துவ்	முந்தும்	முந்த	முந்துங்கள்
முனகு	முனகுகிற்	முனகின்	முனகுவ்	முனகும்	முனக	முனகுங்கள்
முனை	முனைகிற்	முனைந்த்	முனைவ்	முனையும்	முனைய	முனையுங்கள்
முயல்	முயல்கிற்	முயன்ற்	முயல்வ்	முயலும்	முயல	முயலுங்கள்
முரண்	முரண்கிற்	முரண்ட்	முரண்ப்	முரணும்	முரண	முரணுங்கள்
முரண்டு	முரண்டுகிற்	முரண்டின்	முரண்டுவ்	முரண்டும்	முரண்ட	முரண்டுங்கள்
முரி	முரிகிற்	முரித்த்	முரிப்ப்	முரியும்	முரிக்க	முரியுங்கள்
முருமுரு	முருமுருக்கிற்	முருமுருத்த்	முருமுருப்ப்	முருமுருக்கும்	முருமுருக்க	முருமுருங்கள்
முறி	முறிகிற்	முறித்த்	முறிப்ப்	முறியும்	முறிக்க	முறியுங்கள்
முறுக்கு	முறுக்குகிற்	முறுக்கின்	முறுக்குவ்	முறுக்கும்	முறுக்க	முறுக்குங்கள்
முறுமுறு	முறுமுறுக்கிற்	முறுமுறுத்த்	முறுமுறுப்ப்	முறுமுறுக்கும்	முறுமுறுக்க	முறுமுறுங்கள்
முறை	முறைக்கிற்	முறைத்த்	முறைப்ப்	முறைக்கும்	முறைக்க	முறையுங்கள்
முற்று	முற்றுகிற்	முற்றின்	முற்றுவ்	முற்றும்	முற்ற	முற்றுங்கள்
முளை	முளைக்கிற்	முளைத்த்	முளைப்ப்	முளைக்கும்	முளைக்க	முளையுங்கள்
முழு	முழுக்கிற்	முழுத்த்	முழுப்ப்	முழுக்கும்	முழுக்க	முழுங்கள்
முழுக்கு	முழுக்குகிற்	முழுக்கின்	முழுக்குவ்	முழுக்கும்	முழுக்க	முழுக்குங்கள்
முழுசு	முழுசுகிற்	முழுசின்	முழுசுவ்	முழுசும்	முழுச	முழுசுங்கள்
மூ	மூக்கிற்	மூத்த்	மூப்ப்	மூக்கும்	மூக்க	மூவுங்கள்
மூடு	மூடுகிற்	மூடின்	மூடுவ்	மூடும்	மூட	மூடுங்கள்
மூட்டு	மூட்டுகிற்	மூட்டின்	மூட்டுவ்	மூட்டும்	மூட்ட	மூட்டுங்கள்
மூர்ச்சி	மூர்ச்சிக்கிற்	மூர்ச்சித்த்	மூர்ச்சிப்ப்	மூர்ச்சிக்கும்	மூர்ச்சிக்க	மூர்ச்சியுங்கள்
மூழ்கு	மூழ்குகிற்	மூழ்கின்	மூழ்குவ்	மூழ்கும்	மூழ்க	மூழ்குங்கள்
மெதுமெது	மெதுமெதுக்கிற்	மெதுமெதுத்த்	மெதுமெதுப்ப்	மெதுமெதுக்கும்	மெதுமெதுக்க	மெதுமெதுங்கள்
மெத்து	மெத்துகிற்	மெத்தின்	மெத்துவ்	மெத்தும்	மெத்த	மெத்துங்கள்
மெய்	மெய்க்கிற்	மெய்த்த்	மெய்ப்ப்	மெய்க்கும்	மெய்க்க	மெயுங்கள்
மெல்	மெல்கிற்	மென்ற்	மெல்வ்	மெல்லும்	மெல்ல	மெல்லுங்கள்
மெழுகு	மெழுகுகிற்	மெழுகின்	மெழுகுவ்	மெழுகும்	மெழுக	மெழுகுங்கள்
மேய்	மேய்கிற்	மேய்த்த்	மேய்ப்ப்	மேயும்	மேய்க்க	மேயுங்கள்
மொக்கு	மொக்குகிற்	மொக்கின்	மொக்குவ்	மொக்கும்	மொக்க	மொக்குங்கள்
மொழி	மொழிகிற்	மொழிந்த்	மொழிவ்	மொழியும்	மொழிய	மொழியுங்கள்
மோது	மோதுகிற்	மோதின்	மோதுவ்	மோதும்	மோத	மோதுங்கள்
யாசி	யாசிக்கிற்	யாசித்த்	யாசிப்ப்	யாசிக்கும்	யாசிக்க	யாசியுங்கள்
யூகி	யூகிக்கிற்	யூகித்த்	யூகிப்ப்	யூகிக்கும்	யூகிக்க	யூகியுங்கள்
ரசி	ரசிக்கிற்	ரசித்த்	ரசிப்ப்	ரசிக்கும்	ரசிக்க	ரசியுங்கள்
ருசி	ருசிக்கிற்	ருசித்த்	ருசிப்ப்	ருசிக்கும்	ருசிக்க	ருசியுங்கள்
வகு	வகுக்கிற்	வகுத்த்	வகுப்ப்	வகுக்கும்	வகுக்க	வகுங்கள்
வகை	வகைகிற்	வகைந்த்	வகைவ்	வகையும்	வகைய	வகையுங்கள்
வக்கு	வக்குகிற்	வக்கின்	வக்குவ்	வக்கும்	வக்க	வக்குங்கள்
வசி	வசிக்கிற்	வசித்த்	வசிப்ப்	வசிக்கும்	வசிக்க	வசியுங்கள்
வஞ்சி	வஞ்சிக்கிற்	வஞ்சித்த்	வஞ்சிப்ப்	வஞ்சிக்கும்	வஞ்சிக்க	வஞ்சியுங்கள்
வடி	வடிகிற்	வடித்த்	வடிப்ப்	வடியும்	வடிக்க	வடியுங்கள்
வணங்கு	வணங்குகிற்	வணங்கின்	வணங்குவ்	வணங்கும்	வணங்க	வணங்குங்கள்
வதக்கு	வதக்குகிற்	வதக்கின்	வதக்குவ்	வதக்கும்	வதக்க	வதக்குங்கள்
வருடு	வருடுகிற்	வருடின்	வருடுவ்	வருடும்	வருட	வருடுங்கள்
வருத்தி	வருத்திக்கிற்	வருத்தித்த்	வருத்திப்ப்	வருத்திக்கும்	வருத்திக்க	வருத்தியுங்கள்
வருத்து	வருத்துகிற்	வருத்தின்	வருத்துவ்	வருத்தும்	வருத்த	வருத்துங்கள்
வருந்து	வருந்துகிற்	வருந்தின்	வருந்துவ்	வருந்தும்	வருந்த	வருந்துங்கள்
வருவி	வருவிக்கிற்	வருவித்த்	வருவிப்ப்	வருவிக்கும்	வருவிக்க	வருவியுங்கள்
வரை	வரைகிற்	வரைந்த்	வரைவ்	வரையும்	வரைய	வரையுங்கள்
வறள்	வறள்கிற்	வறண்ட்	வறள்வ்	வறளும்	வறள	வறளுங்கள்
வறு	வறுக்கிற்	வறுத்த்	வறுப்ப்	வறுக்கும்	வறுக்க	வறுங்கள்
வற்று	வற்றுகிற்	வற்றின்	வற்றுவ்	வற்றும்	வற்ற	வற்றுங்கள்
வலி	வலிக்கிற்	வலித்த்	வலிப்ப்	வலிக்கும்	வலிக்க	வலியுங்கள்
வலு	வலுக்கிற்	வலுத்த்	வலுப்ப்	வலுக்கும்	வலுக்க	வலுங்கள்
வளர்	வளர்கிற்	வளர்த்த்	வளர்ப்ப்	வளரும்	வளர்க்க	வளருங்கள்
வளை	வளைகிற்	வளைத்த்	வளைப்ப்	வளையும்	வளைக்க	வளையுங்கள்
வழக்கு	வழக்குகிற்	வழக்கின்	வழக்குவ்	வழக்கும்	வழக்க	வழக்குங்கள்
வழங்கு	வழங்குகிற்	வழங்கின்	வழங்குவ்	வழங்கும்	வழங்க	வழங்குங்கள்
வழி	வழிகிற்	வழிந்த்	வழிவ்	வழியும்	வழிய	வழியுங்கள்
வழுக்கு	வழுக்குகிற்	வழுக்கின்	வழுக்குவ்	வழுக்கும்	வழுக்க	வழுக்குங்கள்
வா	வருகிற்	வந்த்	வருவ்	வரும்	வர	வாருங்கள்
வாங்கு	வாங்குகிற்	வாங்கின்	வாங்குவ்	வாங்கும்	வாங்க	வாங்குங்கள்
வாடு	வாடுகிற்	வாடின்	வாடுவ்	வாடும்	வாட	வாடுங்கள்
வாட்டு	வாட்டுகிற்	வாட்டின்	வாட்டுவ்	வாட்டும்	வாட்ட	வாட்டுங்கள்
வாந்தி	வாந்திக்கிற்	வாந்தித்த்	வாந்திப்ப்	வாந்திக்கும்	வாந்திக்க	வாந்தியுங்கள்
வாய்	வாய்கிற்	வாய்த்த்	வாய்ப்ப்	வாயும்	வாய்க்க	வாயுங்கள்
வாரு	வாருகிற்	வாரின்	வாருவ்	வாரும்	வார	வாருங்கள்
வார்	வார்கிற்	வார்த்த்	வார்ப்ப்	வாரும்	வார்க்க	வாருங்கள்
வாழ்	வாழ்கிற்	வாழ்ந்த்	வாழ்வ்	வாழும்	வாழ	வாழுங்கள்
வாழ்த்து	வாழ்த்துகிற்	வாழ்த்தின்	வாழ்த்துவ்	வாழ்த்தும்	வாழ்த்த	வாழ்த்துங்கள்
விக்கு	விக்குகிற்	விக்கின்	விக்குவ்	விக்கும்	விக்க	விக்குங்கள்
விடி	விடிகிற்	விடிந்த்	விடிவ்	விடியும்	விடிய	விடியுங்கள்
விடு	விடுகிற்	விடுத்த்	விடுப்ப்	விடுக்கும்	விட	விடுங்கள்
விதி	விதிக்கிற்	விதித்த்	விதிப்ப்	விதிக்கும்	விதிக்க	விதியுங்கள்
விதை	விதைக்கிற்	விதைத்த்	விதைப்ப்	விதைக்கும்	விதைக்க	விதையுங்கள்
வினவு	வினவுகிற்	வினவின்	வினவுவ்	வினவும்	வினவ	வினவுங்கள்
விய	வியக்கிற்	வியந்த்	வியப்ப்	வியக்கும்	வியக்க	வியவுங்கள்
வியர்	வியர்க்கிற்	வியர்த்த்	வியர்ப்ப்	வியர்க்கும்	வியர்க்க	வியருங்கள்
விரட்டு	விரட்டுகிற்	விரட்டின்	விரட்டுவ்	விரட்டும்	விரட்ட	விரட்டுங்கள்
விரும்பு	விரும்புகிற்	விரும்பின்	விரும்புவ்	விரும்பும்	விரும்ப	விரும்புங்கள்
விரை	விரைகிற்	விரைந்த்	விரைவ்	விரையும்	விரைய	விரையுங்கள்
விலகு	விலகுகிற்	விலகின்	விலகுவ்	விலகும்	விலக	விலகுங்கள்
விலக்கு	விலக்குகிற்	விலக்கின்	விலக்குவ்	விலக்கும்	விலக்க	விலக்குங்கள்
விலங்கு	விலங்குகிற்	விலங்கின்	விலங்குவ்	விலங்கும்	விலங்க	விலங்குங்கள்
வில்	விற்கிற்	விற்ற்	விற்ப்	விற்கும்	விற்க	வில்லுங்கள்
விளக்கு	விளக்குகிற்	விளக்கின்	விளக்குவ்	விளக்கும்	விளக்க	விளக்குங்கள்
விளங்கு	விளங்குகிற்	விளங்கின்	விளங்குவ்	விளங்கும்	விளங்க	விளங்குங்கள்
விளம்பு	விளம்புகிற்	விளம்பின்	விளம்புவ்	விளம்பும்	விளம்ப	விளம்புங்கள்
விளாசு	விளாசுகிற்	விளாசின்	விளாசுவ்	விளாசும்	விளாச	விளாசுங்கள்
விளி	விளிகிற்	விளித்த்	விளிப்ப்	விளியும்	விளிக்க	விளியுங்கள்
விளை	விளைகிற்	விளைத்த்	விளைப்ப்	விளையும்	விளைக்க	விளையுங்கள்
விளையாடு	விளையாடுகிற்	விளையாடின்	விளையாடுவ்	விளையாடும்	விளையாட	விளையாடுங்கள்
விளைவி	விளைவிக்கிற்	விளைவித்த்	விளைவிப்ப்	விளைவிக்கும்	விளைவிக்க	விளைவியுங்கள்
விழி	விழிக்கிற்	விழித்த்	விழிப்ப்	விழிக்கும்	விழிக்க	விழியுங்கள்
விழு	விழுகிற்	விழுந்த்	விழுவ்	விழும்	விழ	விழுங்கள்
விழுங்கு	விழுங்குகிற்	விழுங்கின்	விழுங்குவ்	விழுங்கும்	விழுங்க	விழுங்குங்கள்
விவரி	விவரிக்கிற்	விவரித்த்	விவரிப்ப்	விவரிக்கும்	விவரிக்க	விவரியுங்கள்
வீங்கு	வீங்குகிற்	வீங்கின்	வீங்குவ்	வீங்கும்	வீங்க	வீங்குங்கள்
வீசு	வீசுகிற்	வீசின்	வீசுவ்	வீசும்	வீச	வீசுங்கள்
வீட்டு	வீட்டுகிற்	வீட்டின்	வீட்டுவ்	வீட்டும்	வீட்ட	வீட்டுங்கள்
வீழ்	வீழ்கிற்	வீழ்ந்த்	வீழ்வ்	வீழும்	வீழ	வீழுங்கள்
வீழ்த்து	வீழ்த்துகிற்	வீழ்த்தின்	வீழ்த்துவ்	வீழ்த்தும்	வீழ்த்த	வீழ்த்துங்கள்
வெகு	வெகுக்கிற்	வெகுத்த்	வெகுப்ப்	வெகுக்கும்	வெகுக்க	வெகுங்கள்
வெடி	வெடிக்கிற்	வெடித்த்	வெடிப்ப்	வெடிக்கும்	வெடிக்க	வெடியுங்கள்
வெட்டு	வெட்டுகிற்	வெட்டின்	வெட்டுவ்	வெட்டும்	வெட்ட	வெட்டுங்கள்
வெறி	வெறிக்கிற்	வெறித்த்	வெறிப்ப்	வெறிக்கும்	வெறிக்க	வெறியுங்கள்
வெல்	வெல்கிற்	வென்ற்	வெல்வ்	வெல்லும்	வெல்ல	வெல்லுங்கள்
வெளி	வெளிக்கிற்	வெளித்த்	வெளிப்ப்	வெளிக்கும்	வெளிக்க	வெளியுங்கள்
வெளு	வெளுக்கிற்	வெளுத்த்	வெளுப்ப்	வெளுக்கும்	வெளுக்க	வெளுங்கள்
வே	வேகிற்	வெந்த்	வேவ்	வேகும்	வேக	வேகுங்கள்
வேண்டு	வேண்டுகிற்	வேண்டின்	வேண்டுவ்	வேண்டும்	வேண்ட	வேண்டுங்கள்
வேதி	வேதிக்கிற்	வேதித்த்	வேதிப்ப்	வேதிக்கும்	வேதிக்க	வேதியுங்கள்
வேய்	வேய்கிற்	வேய்த்த்	வேய்ப்ப்	வேயும்	வேய்க்க	வேயுங்கள்
வேர்	வேர்க்கிற்	வேர்த்த்	வேர்ப்ப்	வேர்க்கும்	வேர்க்க	வேருங்கள்
வேள்	வேட்கிற்	வேட்ட்	வேட்ப்	வேட்கும்	வேட்க	வேளுங்கள்
வை	வைகிற்	வைத்	வைப்ப்	வையும்	வைக்க	வையுங்கள்
