# lemma	past	past-participle	present-participle	third-singular ("-" = derive)
Christmas	Christmassed	Christmassed	Christmassing	-
Goddam	Goddammed	Goddammed	Goddamming	-
Photostat	Photostatted	Photostatted	Photostatting	-
TELNET	TELNETTed	TELNETTed	TELNETTing	-
Tom	Tommed	Tommed	Tomming	-
abet	abetted	abetted	abetting	-
abhor	abhorred	abhorred	abhorring	-
abut	abutted	abutted	abutting	-
accinge	-	-	accinging	-
acquit	acquitted	acquitted	acquitting	-
admit	admitted	admitted	admitting	-
airdrop	airdropped	airdropped	airdropping	-
allot	allotted	allotted	allotting	-
amas	amassed	amassed	amassing	amasses
anagram	anagrammed	anagrammed	anagramming	-
annul	annulled	annulled	annulling	-
antic	anticked	anticked	anticking	-
appal	appalled	appalled	appalling	-
applique	-	-	appliqueing	-
aret	aretted	aretted	aretting	-
arise	arose	arisen	-	-
arrange	-	-	arranging	-
asses	assessed	assessed	assessing	assesses
astringe	-	-	astringing	-
attrap	attrapped	attrapped	attrapping	-
auto	-	-	-	autos
avenge	-	-	avenging	-
aver	averred	averred	averring	-
babysit	-	babysat	babysitting	-
bachelor	bachelorred	bachelorred	bachelorring	-
backbite	backbit	backbitten	-	-
backdrop	backdropped	backdropped	backdropping	-
backfit	backfitted	backfitted	backfitting	-
backlog	backlogged	backlogged	backlogging	-
backslap	backslapped	backslapped	backslapping	-
backslide	backslid	backslid	-	-
backstab	backstabbed	backstabbed	backstabbing	-
backstop	backstopped	backstopped	backstopping	-
bag	bagged	bagged	bagging	-
ballyhoo	-	-	-	ballyhoos
ballyrag	ballyragged	ballyragged	ballyragging	-
bam	bammed	bammed	bamming	-
ban	banned	banned	banning	-
bar	barred	barred	barring	-
barhop	barhopped	barhopped	barhopping	-
bat	batted	batted	batting	-
be	was	been	being	is
bear	bore	born	-	-
beat	beat	beaten	-	-
bebop	bebopped	bebopped	bebopping	-
becap	becapped	becapped	becapping	-
beclog	beclogged	beclogged	beclogging	-
become	became	become	-	-
bed	bedded	bedded	bedding	-
bedim	bedimmed	bedimmed	bedimming	-
bedrug	bedrugged	bedrugged	bedrugging	-
befall	befell	befallen	-	-
befit	befit	befit	befitting	-
beflag	beflagged	beflagged	beflagging	-
befog	befogged	befogged	befogging	-
befret	befretted	befretted	befretting	-
befringe	-	-	befringing	-
beg	begged	begged	begging	-
beget	begot	begotten	begetting	-
begin	began	begun	beginning	-
beglad	begladded	begladded	begladding	-
begrim	begrimmed	begrimmed	begrimming	-
begum	begummed	begummed	begumming	-
behold	beheld	beheld	-	-
beknot	beknotted	beknotted	beknotting	-
bel	belled	belled	belling	-
bend	bent	bent	-	-
benet	benetted	benetted	benetting	-
berob	berobbed	berobbed	berobbing	-
beset	beset	beset	besetting	-
besit	besat	besat	besitting	-
besmut	besmutted	besmutted	besmutting	-
besot	besotted	besotted	besotting	-
bespeak	bespoke	bespoken	-	-
bespot	bespotted	bespotted	bespotting	-
bespread	bespread	bespread	-	-
bestir	bestirred	bestirred	bestirring	-
bestrid	bestrid	bestrid	-	-
bestride	bestrode	bestrid	-	-
bestud	bestudded	bestudded	bestudding	-
bet	bet	bet	betting	-
betake	betook	betaken	-	-
bethink	bethought	bethought	-	-
beweep	bewept	bewept	-	-
bewig	bewigged	bewigged	bewigging	-
bewrap	bewrapped	bewrapped	bewrapping	-
bib	bibbed	bibbed	bibbing	-
bid	bade	bidden	bidding	-
big	bigged	bigged	bigging	-
bin	binned	binned	binning	-
bind	bound	bound	-	-
binge	-	-	binging	-
birddog	birddogged	birddogged	birddogging	-
birdie	-	-	birdieing	-
bit	bitted	bitted	bitting	-
bite	bit	bitten	-	-
bivouac	bivouacked	bivouacked	bivouacking	-
blab	blabbed	blabbed	blabbing	-
blackleg	blacklegged	blacklegged	blacklegging	-
blacktop	blacktopped	blacktopped	blacktopping	-
blag	blagged	blagged	blagging	-
blat	blatted	blatted	blatting	-
bleed	bled	bled	-	-
blip	blipped	blipped	blipping	-
blob	blobbed	blobbed	blobbing	-
bloc	blocked	blocked	blocking	-
blot	blotted	blotted	blotting	-
blub	blubbed	blubbed	blubbing	-
blunge	-	-	blunging	-
blur	blurred	blurred	blurring	-
bob	bobbed	bobbed	bobbing	-
bobsled	bobsledded	bobsledded	bobsledding	-
bog	bogged	bogged	bogging	-
bogie	-	-	bogieing	-
boo	-	-	-	boos
boohoo	-	-	-	boohoos
bootleg	bootlegged	bootlegged	bootlegging	-
bootstrap	bootstrapped	bootstrapped	bootstrapping	-
bop	bopped	bopped	bopping	-
bos	bossed	bossed	bossing	bosses
bottlefeed	bottlefed	bottlefed	bottlefeedding	-
brad	bradded	bradded	bradding	-
brag	bragged	bragged	bragging	-
bran	branned	branned	branning	-
bras	brassed	brassed	brassing	brasses
break	broke	broken	-	-
breastfeed	breastfed	breastfed	-	-
breed	bred	bred	-	-
brevet	brevetted	brevetted	brevetting	-
brim	brimmed	brimmed	brimming	-
bring	brought	brought	-	-
briquet	briquetted	briquetted	briquetting	-
brog	brogged	brogged	brogging	-
browbeat	browbeat	browbeaten	-	-
bud	budded	budded	budding	-
bug	bugged	bugged	bugging	-
bulldog	bulldogged	bulldogged	bulldogging	-
bullshit	bullshit	bullshit	bullshitting	-
bullwhip	bullwhipped	bullwhipped	bullwhipping	-
bullyrag	bullyragged	bullyragged	bullyragging	-
bum	bummed	bummed	bumming	-
bur	burred	burred	burring	-
but	butted	butted	butting	-
buy	bought	bought	-	-
cab	cabbed	cabbed	cabbing	-
cabal	caballed	caballed	caballing	-
cam	cammed	cammed	camming	-
cameo	-	-	-	cameos
can	canned	canned	canning	-
cannot	cannotted	cannotted	cannotting	-
cap	capped	capped	capping	-
caracol	caracolled	caracolled	caracolling	-
carburet	carburetted	carburetted	carburetting	-
cares	caressed	caressed	caressing	caresses
caretake	caretook	caretaken	-	-
carhop	carhopped	carhopped	carhopping	-
carillon	carillonned	carillonned	carillonning	-
carpetbag	carpetbagged	carpetbagged	carpetbagging	-
cast	cast	cast	-	-
cat	catted	catted	catting	-
catch	caught	caught	-	-
catnap	catnapped	catnapped	catnapping	-
cel	celled	celled	celling	-
challenge	-	-	challenging	-
change	-	-	changing	-
chap	chapped	chapped	chapping	-
char	charred	charred	charring	-
chas	chassed	chassed	-	-
chasse	-	-	chasseing	-
chat	chatted	chatted	chatting	-
cheerlead	cheerled	cheerled	-	-
chef	cheffed	cheffed	cheffing	-
chin	chinned	chinned	chinning	-
chinwag	chinwagged	chinwagged	chinwagging	-
chip	chipped	chipped	chipping	-
chitchat	chitchatted	chitchatted	chitchatting	-
chiv	chivved	chivved	chivving	-
chivari	-	-	-	chivaries
chiz	chizzed	chizzed	chizzing	chizzes
choc	chocked	chocked	chocking	-
choose	chose	chosen	-	-
chop	chopped	chopped	chopping	-
christmas	christmassed	christmassed	christmassing	-
chug	chugged	chugged	chugging	-
chugalug	chugalugged	chugalugged	chugalugging	-
chum	chummed	chummed	chumming	-
clad	clad	clad	cladding	-
clag	clagged	clagged	clagging	-
clam	clammed	clammed	clamming	-
clap	clapped	clapped	clapping	-
clearcut	clearcut	clearcut	clearcutting	-
clem	clemmed	clemmed	clemming	-
cliffhang	cliffhung	cliffhung	-	-
cling	clung	clung	-	-
clip	clipped	clipped	clipping	-
clod	clodded	clodded	clodding	-
clog	clogged	clogged	clogging	-
clop	clopped	clopped	clopping	-
clot	clotted	clotted	clotting	-
club	clubbed	clubbed	clubbing	-
coadmit	coadmitted	coadmitted	coadmitting	-
cob	cobbed	cobbed	cobbing	-
cobweb	cobwebbed	cobwebbed	cobwebbing	-
cod	codded	codded	codding	-
codrive	-	codriven	-	-
cog	cogged	cogged	cogging	-
coif	coiffed	coiffed	coiffing	-
coinfer	coinferred	coinferred	coinferring	-
cointer	cointerred	cointerred	cointerring	-
col	-	-	colling	-
coldcream	coldcreammed	coldcreammed	coldcreamming	-
colorbreed	colorbred	colorbred	-	-
come	came	come	-	-
commit	committed	committed	committing	-
compel	compelled	compelled	compelling	-
complot	complotted	complotted	complotting	-
con	conned	conned	conning	-
concur	concurred	concurred	concurring	-
confab	confabbed	confabbed	confabbing	-
confer	conferred	conferred	conferring	-
constringe	-	-	constringing	-
control	controlled	controlled	controlling	-
coo	-	-	-	coos
cooccur	-	-	cooccurring	-
cop	copped	copped	copping	-
coplot	coplotted	coplotted	coplotting	-
copperbottom	copperbottommed	copperbottommed	copperbottomming	-
copycat	copycatted	copycatted	copycatting	-
copyread	copyread	copyread	-	-
coquet	coquetted	coquetted	coquetting	-
corral	corralled	corralled	corralling	-
costar	costarred	costarred	costarring	-
cot	cotted	cotted	-	-
cotransfer	cotransferred	cotransferred	cotransferring	-
counterbid	counterbid	counterbid	counterbidding	-
counterchange	-	-	counterchanging	-
counterdraw	counterdrew	counterdrawn	-	-
counterplot	counterplotted	counterplotted	counterplotting	-
countersink	countersank	countersunk	-	-
counterstep	counterstepped	counterstepped	counterstepping	-
counterstrike	-	counterstruck	-	-
coz	-	-	-	cozzes
crab	crabbed	crabbed	crabbing	-
cram	crammed	crammed	cramming	-
crap	crapped	crapped	crapping	-
crapshoot	crapshot	crapshot	-	-
cravat	cravatted	cravatted	cravatting	-
creep	crept	crept	-	-
crib	cribbed	cribbed	cribbing	-
cringe	-	-	cringing	-
croc	crocked	crocked	crocking	-
crop	cropped	cropped	cropping	-
crossbar	crossbarred	crossbarred	crossbarring	-
crossbreed	crossbred	crossbred	-	-
crosscut	crosscut	crosscut	crosscutting	-
crowbar	crowbarred	crowbarred	crowbarring	-
crud	crudded	crudded	crudding	-
cub	cubbed	cubbed	cubbing	-
cuckoo	-	-	-	cuckoos
cup	cupped	cupped	cupping	-
cur	curred	curred	curring	-
curet	curetted	curetted	curetting	-
curvet	curvetted	curvetted	curvetting	-
cut	cut	cut	cutting	-
dab	dabbed	dabbed	dabbing	-
dag	dagged	dagged	dagging	-
dam	dammed	dammed	damming	-
dap	dapped	dapped	dapping	-
deadpan	deadpanned	deadpanned	deadpanning	-
deal	dealt	dealt	-	-
debag	debagged	debagged	debagging	-
debar	debarred	debarred	debarring	-
debel	debelled	debelled	debelling	-
debud	debudded	debudded	debudding	-
debug	debugged	debugged	debugging	-
debus	debussed	debussed	debussing	debusses
decko	-	-	-	deckos
decon	deconned	deconned	deconning	-
decontrol	decontrolled	decontrolled	decontrolling	-
decrescendo	-	-	-	decrescendos
deepfreeze	deepfroze	deepfrozen	-	-
defat	defatted	defatted	defatting	-
defer	deferred	deferred	deferring	-
defocus	defocussed	defocussed	defocussing	-
defog	defogged	defogged	defogging	-
defrag	defragged	defragged	defragging	-
defreeze	defroze	defrozen	-	-
degas	degassed	degassed	degassing	-
degum	degummed	degummed	degumming	-
dekko	-	-	-	dekkos
dele	-	-	deleing	-
deman	demanned	demanned	demanning	-
demit	demitted	demitted	demitting	-
demo	-	-	-	demos
demob	demobbed	demobbed	demobbing	-
demur	demurred	demurred	demurring	-
den	denned	denned	denning	-
derange	-	-	deranging	-
derat	deratted	deratted	deratting	-
derib	deribbed	deribbed	deribbing	-
derig	derigged	derigged	derigging	-
deter	deterred	deterred	deterring	-
dib	dibbed	dibbed	dibbing	-
dif	diffed	diffed	diffing	-
dig	dug	dug	digging	-
dim	dimmed	dimmed	dimming	-
din	dinned	dinned	dinning	-
dip	dipped	dipped	dipping	-
dipnet	dipnetted	dipnetted	dipnetting	-
dis	dissed	dissed	dissing	disses
disannul	disannulled	disannulled	disannulling	-
disarrange	-	-	disarranging	-
disbar	disbarred	disbarred	disbarring	-
disbud	disbudded	disbudded	disbudding	-
disco	-	-	-	discos
discus	discussed	discussed	discussing	-
disenthral	disenthralled	disenthralled	disenthralling	-
disinter	disinterred	disinterred	disinterring	-
disman	dismanned	dismanned	dismanning	-
dispel	dispelled	dispelled	dispelling	-
disponge	-	-	disponging	-
dispunge	-	-	dispunging	-
distil	distilled	distilled	distilling	-
ditto	-	-	-	dittos
do	did	done	-	-
doc	docked	docked	docking	-
dod	dodded	dodded	dodding	-
dog	dogged	dogged	dogging	-
dogfight	dogfought	dogfought	-	-
dogleg	doglegged	doglegged	doglegging	-
dogsled	dogsledded	dogsledded	dogsledding	-
dogtrot	dogtrotted	dogtrotted	dogtrotting	-
don	donned	donned	donning	-
doorstep	doorstepped	doorstepped	doorstepping	-
dop	dopped	dopped	dopping	-
dos	dossed	dossed	dossing	-
dot	dotted	dotted	dotting	-
doughnut	doughnutted	doughnutted	doughnutting	-
drab	drabbed	drabbed	drabbing	-
drag	dragged	dragged	dragging	-
dram	drammed	drammed	dramming	-
drap	drapped	drapped	drapping	-
drat	dratted	dratted	dratting	-
draw	drew	drawn	-	-
drib	dribbed	dribbed	dribbing	-
drink	drank	drunk	-	-
drip	dripped	dripped	dripping	-
drive	drove	driven	-	-
drop	dropped	dropped	dropping	-
drub	drubbed	drubbed	drubbing	-
drug	drugged	drugged	drugging	-
drum	drummed	drummed	drumming	-
drumbeat	drumbeat	drumbeat	-	-
dub	dubbed	dubbed	dubbing	-
duet	duetted	duetted	duetting	-
dun	dunned	dunned	dunning	-
dup	dupped	dupped	dupping	-
earwig	earwigged	earwigged	earwigging	-
eat	ate	eaten	-	-
eavesdrop	eavesdropped	eavesdropped	eavesdropping	-
egotrip	egotripped	egotripped	egotripping	-
electro	-	-	-	electros
embar	embarred	embarred	embarring	-
embed	embedded	embedded	embedding	-
embus	embussed	embussed	embussing	embusses
emit	emitted	emitted	emitting	-
employe	-	-	employing	-
enfreeze	enfroze	enfrozen	-	-
englut	englutted	englutted	englutting	-
enrol	enrolled	enrolled	enrolling	-
enthral	enthralled	enthralled	enthralling	-
entrammel	entrammelled	entrammelled	entrammelling	-
entrap	entrapped	entrapped	entrapping	-
enwrap	enwrapped	enwrapped	enwrapping	-
equip	equipped	equipped	equipping	-
estop	estopped	estopped	estopping	-
estrange	-	-	estranging	-
excel	excelled	excelled	excelling	-
exchange	-	-	exchanging	-
expel	expelled	expelled	expelling	-
expunge	-	-	expunging	-
extol	extolled	extolled	extolling	-
fag	fagged	fagged	fagging	-
fall	fell	fallen	-	-
fan	fanned	fanned	fanning	-
farebeat	farebeat	farebeat	-	-
fat	fatted	fatted	fatting	-
featherbed	featherbedded	featherbedded	featherbedding	-
feed	fed	fed	-	-
feel	felt	felt	-	-
fes	fessed	fessed	fessing	fesses
fet	-	-	fetting	-
fib	fibbed	fibbed	fibbing	-
fieldstrip	fieldstripped	fieldstripped	fieldstripping	-
fig	figged	figged	figging	-
fight	fought	fought	-	-
filmset	filmset	filmset	filmsetting	-
fin	finned	finned	finning	-
find	found	found	-	-
finedraw	-	finedrawn	-	-
fines	finessed	finessed	finessing	finesses
fir	-	-	firring	-
firefight	firefought	firefought	-	-
fit	fit	fit	fitting	-
fiz	fizzed	fizzed	fizzing	fizzes
flag	flagged	flagged	flagging	-
flam	flammed	flammed	flamming	-
flambe	flambeed	flambeed	flambeing	-
flange	-	-	flanging	-
flap	flapped	flapped	flapping	-
flat	flatted	flatted	flatting	-
flee	fled	fled	-	-
flic	flicked	flicked	flicking	-
flimflam	flimflammed	flimflammed	flimflamming	-
fling	flung	flung	-	-
flip	flipped	flipped	flipping	-
flit	flitted	flitted	flitting	-
flog	flogged	flogged	flogging	-
flop	flopped	flopped	flopping	-
flub	flubbed	flubbed	flubbing	-
fly	-	flown	-	-
flyblow	flyblew	flyblown	-	-
fob	fobbed	fobbed	fobbing	-
fog	fogged	fogged	fogging	-
folio	-	-	-	folios
footslog	footslogged	footslogged	footslogging	-
fop	fopped	fopped	fopping	-
forbear	forbore	forborne	-	-
forbid	forbad	forbidden	forbidding	-
forebear	forebore	foreborne	-	-
forefeel	forefelt	forefelt	-	-
forego	forewent	foregone	-	-
foreknow	foreknew	foreknown	-	-
forelay	forelaid	forelaid	-	-
foreplan	foreplanned	foreplanned	foreplanning	-
foreread	foreread	foreread	-	-
forerun	foreran	forerun	forerunning	-
foresay	foresaid	foresaid	-	-
foresee	foresaw	foreseen	-	-
forespeak	forespoke	forespoken	-	-
forespend	forespent	forespent	-	-
foreswear	foreswore	foresworn	-	-
foretell	foretold	foretold	-	-
forethink	forethought	forethought	-	-
forget	forgot	forgotten	forgetting	-
forgive	forgave	forgiven	-	-
forgo	forwent	forgone	-	-
format	formatted	formatted	formatting	-
forsake	forsook	forsaken	-	-
forspeak	forspoke	forspoken	-	-
forspend	forspent	forspent	-	-
forswear	forswore	forsworn	-	-
foxtrot	foxtrotted	foxtrotted	foxtrotting	-
frag	fragged	fragged	fragging	-
frap	frapped	frapped	frapping	-
freeze	froze	frozen	-	-
fret	fretted	fretted	fretting	-
frig	frigged	frigged	frigging	-
fringe	-	-	fringing	-
frit	fritted	fritted	fritting	-
friz	frizzed	frizzed	frizzing	frizzes
frog	frogged	frogged	frogging	-
frolic	frolicked	frolicked	frolicking	-
frostbite	frostbit	frostbitten	-	-
frug	frugged	frugged	frugging	-
fub	fubbed	fubbed	fubbing	-
fug	fugged	fugged	fugging	-
fulfil	fulfilled	fulfilled	fulfilling	-
fun	funned	funned	funning	-
fur	furred	furred	furring	-
gab	gabbed	gabbed	gabbing	-
gad	gadded	gadded	gadding	-
gae	-	-	gaeing	-
gag	gagged	gagged	gagging	-
gainsay	gainsaid	gainsaid	-	-
gainstrive	gainstrove	gainstriven	-	-
gal	galled	galled	galling	-
gam	gammed	gammed	gamming	-
gap	gapped	gapped	gapping	-
gar	-	-	garring	-
garlic	garlicked	garlicked	garlicking	-
gas	gassed	gassed	gassing	-
gavot	gavotted	gavotted	gavotting	-
gel	gelled	gelled	gelling	-
gem	gemmed	gemmed	gemming	-
get	got	got	getting	-
ghostwrite	ghostwrote	ghostwritten	-	-
gib	gibbed	gibbed	gibbing	-
gie	-	-	gieing	-
giftwrap	giftwrapped	giftwrapped	giftwrapping	-
gig	gigged	gigged	gigging	-
gillnet	gillnetted	gillnetted	gillnetting	-
gin	ginned	ginned	ginning	-
gip	gipped	gipped	gipping	-
give	gave	given	-	-
glace	glaceed	glaceed	glaceing	-
glad	gladded	gladded	gladding	-
glam	glammed	glammed	glamming	-
globetrot	globetrotted	globetrotted	globetrotting	-
glom	glommed	glommed	glomming	-
glop	glopped	glopped	glopping	-
glug	glugged	glugged	glugging	-
glut	glutted	glutted	glutting	-
gnar	gnarred	gnarred	gnarring	-
go	went	gone	-	-
gob	gobbed	gobbed	gobbing	-
god	godded	godded	godding	-
goddam	goddammed	goddammed	goddamming	-
goofproof	goofprooffed	goofprooffed	goofprooffing	-
grab	grabbed	grabbed	grabbing	-
gralloch	-	-	-	grallochs
grid	gridded	gridded	-	-
grin	grinned	grinned	grinning	-
grind	ground	ground	-	-
grip	gripped	gripped	gripping	-
grit	gritted	gritted	gritting	-
grok	grokked	grokked	grokking	-
grow	grew	grown	-	-
grub	grubbed	grubbed	grubbing	-
grue	-	-	grueing	-
gul	gulled	gulled	gulling	-
gum	gummed	gummed	gumming	-
gun	gunned	gunned	gunning	-
gunfight	gunfought	gunfought	-	-
gut	gutted	gutted	gutting	-
gyp	gypped	gypped	gypping	-
hae	-	-	haeing	-
hag	hagged	hagged	hagging	-
hagride	hagrode	hagridden	-	-
haircut	-	-	haircutting	-
hairweave	-	hairwoven	-	-
halal	halalled	halalled	halalling	-
hallal	hallalled	hallalled	hallalling	-
halloo	-	-	-	halloos
halterbreak	halterbroke	halterbroken	-	-
ham	hammed	hammed	hamming	-
hamstring	hamstrung	hamstrung	-	-
handbag	handbagged	handbagged	handbagging	-
handcolor	handcolorred	handcolorred	handcolorring	-
handhold	handheld	handheld	-	-
handicap	handicapped	handicapped	handicapping	-
handset	handset	handset	handsetting	-
handwrite	handwrote	handwritten	-	-
hap	happed	happed	happing	-
hat	hatted	hatted	hatting	-
have	had	had	-	has
havoc	havocked	havocked	havocking	-
hear	heard	heard	-	-
heartbreak	heartbroke	heartbroken	-	-
hedgehop	hedgehopped	hedgehopped	hedgehopping	-
hem	hemmed	hemmed	hemming	-
hide	hid	hidden	-	-
hie	-	-	hieing	-
hilltop	hilltopped	hilltopped	hilltopping	-
hinge	-	-	hinging	-
hip	hipped	hipped	hipping	-
his	hissed	hissed	hissing	hisses
hit	hit	hit	hitting	-
hob	hobbed	hobbed	hobbing	-
hobnob	hobnobbed	hobnobbed	hobnobbing	-
hobo	-	-	-	hobos
hocus	hocussed	hocussed	hocussing	-
hog	hogged	hogged	hogging	-
hold	held	held	-	-
holloo	-	-	-	holloos
honcho	-	-	-	honchos
hoodoo	-	-	-	hoodoos
hop	hopped	hopped	hopping	-
horsewhip	horsewhipped	horsewhipped	horsewhipping	-
hot	hotted	hotted	hotting	-
hotdog	hotdogged	hotdogged	hotdogging	-
housebreak	housebroke	housebroken	-	-
housekeep	housekept	housekept	-	-
housesit	housesat	housesat	housesitting	-
hub	hubbed	hubbed	hubbing	-
hug	hugged	hugged	hugging	-
hulloo	-	-	-	hulloos
hum	hummed	hummed	humming	-
humbug	humbugged	humbugged	humbugging	-
hup	hupped	hupped	hupping	-
hurt	hurt	hurt	-	-
hut	hutted	hutted	hutting	-
hydraulic	hydraulicked	hydraulicked	hydraulicking	-
hypo	-	-	-	hypos
imbed	imbedded	imbedded	imbedding	-
immit	immitted	immitted	immitting	-
impel	impelled	impelled	impelling	-
impinge	-	-	impinging	-
implead	impled	impled	-	-
implunge	-	-	implunging	-
inbreed	inbred	inbred	-	-
inclip	inclipped	inclipped	inclipping	-
income	income	income	-	-
incur	incurred	incurred	incurring	-
infer	inferred	inferred	inferring	-
infight	infought	infought	-	-
infringe	-	-	infringing	-
inlay	inlaid	inlaid	-	-
inlet	inlet	inlet	inletting	-
innuendo	-	-	-	innuendos
input	inputted	inputted	inputting	-
inset	inset	inset	insetting	-
inspan	inspanned	inspanned	inspanning	-
instal	installed	installed	installing	-
instar	instarred	instarred	instarring	-
instil	instilled	instilled	instilling	-
inter	interred	interred	interring	-
interbed	interbedded	interbedded	interbedding	-
interbreed	interbred	interbred	-	-
interchange	-	-	interchanging	-
intercrop	intercropped	intercropped	intercropping	-
intercut	intercut	intercut	intercutting	-
interdeal	interdealt	interdealt	-	-
intergrow	intergrew	intergrown	-	-
interknit	interknitted	interknitted	interknitting	-
interlap	interlapped	interlapped	interlapping	-
interlay	interlaid	interlaid	-	-
interlend	interlent	interlent	-	-
intermit	intermitted	intermitted	intermitting	-
inthral	inthralled	inthralled	inthralling	-
intromit	intromitted	intromitted	intromitting	-
inweave	-	inwoven	-	-
inwrap	inwrapped	inwrapped	inwrapping	-
jab	jabbed	jabbed	jabbing	-
jackaroo	-	-	-	jackaroos
jackeroo	-	-	-	jackeroos
jag	jagged	jagged	jagging	-
jam	jammed	jammed	jamming	-
jambok	jambokked	jambokked	jambokking	-
japan	japanned	japanned	japanning	-
jar	jarred	jarred	jarring	-
jerrybuild	jerrybuilt	jerrybuilt	-	-
jet	jetted	jetted	jetting	-
jib	jibbed	jibbed	jibbing	-
jig	jigged	jigged	jigging	-
jillaroo	-	-	-	jillaroos
jitterbug	jitterbugged	jitterbugged	jitterbugging	-
job	jobbed	jobbed	jobbing	-
jodel	jodelled	jodelled	jodelling	-
jog	jogged	jogged	jogging	-
jot	jotted	jotted	jotting	-
joypop	joypopped	joypopped	joypopping	-
joyride	joyrode	joyridden	-	-
jug	jugged	jugged	jugging	-
jut	jutted	jutted	jutting	-
kangaroo	-	-	-	kangaroos
keep	kept	kept	-	-
keg	kegged	kegged	kegging	-
ken	kenned	kenned	kenning	-
kep	kepped	kepped	kepping	-
kid	kidded	kidded	kidding	-
kimbo	-	-	-	kimbos
kip	kipped	kipped	kipping	-
kit	kitted	kitted	kitting	-
knap	knapped	knapped	knapping	-
knar	knarred	knarred	knarring	-
kneecap	kneecapped	kneecapped	kneecapping	-
knit	-	knitted	knitting	-
knot	knotted	knotted	knotting	-
know	knew	known	-	-
kris	krissed	krissed	krissing	-
lag	lagged	lagged	lagging	-
lallygag	lallygagged	lallygagged	lallygagging	-
lam	lammed	lammed	lamming	-
landslide	landslid	landslid	-	-
lap	lapped	lapped	lapping	-
lay	laid	laid	-	-
leapfrog	leapfrogged	leapfrogged	leapfrogging	-
leg	legged	legged	legging	-
lek	lekked	lekked	lekking	-
lend	lent	lent	-	-
lep	lepped	lepped	lepping	-
let	let	let	letting	-
lib	libbed	libbed	libbing	-
lid	lidded	lidded	lidding	-
lie	-	lain	-	-
lig	ligged	ligged	ligging	-
limbo	-	-	-	limbos
lip	lipped	lipped	lipping	-
lipread	lipread	lipread	-	-
litho	-	-	-	lithos
livetrap	livetrapped	livetrapped	livetrapping	-
lob	lobbed	lobbed	lobbing	-
log	logged	logged	logging	-
login	loginned	loginned	loginning	-
lollygag	lollygagged	lollygagged	lollygagging	-
loo	-	-	-	loos
lop	lopped	lopped	lopping	-
lose	lost	lost	-	-
lot	lotted	lotted	lotting	-
lounge	-	-	lounging	-
lug	lugged	lugged	lugging	-
macrame	-	-	macrameing	-
mad	madded	madded	madding	-
mag	magged	magged	magging	-
magic	magicked	magicked	magicking	-
make	made	made	-	-
mal	malled	malled	malling	-
man	manned	manned	manning	-
mange	-	-	manging	-
manumit	manumitted	manumitted	manumitting	-
map	mapped	mapped	mapping	-
mar	marred	marred	marring	-
marcel	marcelled	marcelled	marcelling	-
mas	massed	massed	massing	-
mat	matted	matted	matting	-
mean	meant	meant	-	-
meet	met	met	-	-
mel	melled	melled	melling	-
menge	-	-	menging	-
mes	messed	messed	messing	-
mil	milled	milled	milling	-
mimeo	-	-	-	mimeos
mimic	mimicked	mimicked	mimicking	-
mis	missed	missed	missing	-
misallot	misallotted	misallotted	misallotting	-
misarrange	-	-	misarranging	-
misaver	misaverred	misaverred	misaverring	-
misbecome	misbecame	misbecome	-	-
misbegin	misbegan	misbegun	misbeginning	-
misbind	misbound	misbound	-	-
misbuild	misbuilt	misbuilt	-	-
mischoose	mischose	mischosen	-	-
miscounsel	miscounselled	miscounselled	miscounselling	-
miscut	miscut	miscut	miscutting	-
misdeal	misdealt	misdealt	-	-
misdo	misdid	misdone	-	-
misdraw	misdrew	misdrawn	-	-
misdrive	misdrove	misdriven	-	-
miseat	misate	miseaten	-	-
misenrol	misenrolled	misenrolled	misenrolling	-
misfeed	misfed	misfed	-	-
misfit	misfitted	misfitted	misfitting	-
misgive	-	misgiven	-	-
misgrow	misgrew	misgrown	-	-
mishap	mishapped	mishapped	mishapping	-
mishear	misheard	misheard	-	-
mishit	mishit	mishit	mishitting	-
misinfer	misinferred	misinferred	misinferring	-
misinter	misinterred	misinterred	misinterring	-
miskeep	miskept	miskept	-	-
misknow	misknew	misknown	-	-
mislay	mislaid	mislaid	-	-
mislead	misled	misled	-	-
mislie	-	mislain	-	-
mismake	mismade	mismade	-	-
mismeet	mismet	mismet	-	-
mispen	mispenned	mispenned	mispenning	-
misplan	misplanned	misplanned	misplanning	-
misread	misread	misread	-	-
misrefer	misreferred	misreferred	misreferring	-
missay	missaid	missaid	-	-
missee	missaw	misseen	-	-
missend	missent	missent	-	-
misset	misset	misset	missetting	-
missing	missang	missung	-	-
misspeak	misspoke	misspoken	-	-
misspend	misspent	misspent	-	-
misstep	misstepped	misstepped	misstepping	-
misstop	misstopped	misstopped	misstopping	-
misstrike	misstruck	misstruck	-	-
mistake	mistook	mistaken	-	-
misteach	mistaught	mistaught	-	-
mistell	mistold	mistold	-	-
misthink	misthought	misthought	-	-
misthrow	misthrew	misthrown	-	-
misunderstand	misunderstood	misunderstood	-	-
misworship	misworshipped	misworshipped	misworshipping	-
miswrite	miswrote	miswritten	-	-
mob	mobbed	mobbed	mobbing	-
moc	mocked	mocked	mocking	-
mod	modded	modded	modding	-
mog	mogged	mogged	mogging	-
monogram	monogrammed	monogrammed	monogramming	-
moo	-	-	-	moos
mop	mopped	mopped	mopping	-
moral	moralled	moralled	moralling	-
mos	mossed	mossed	mossing	-
mosaic	mosaicked	mosaicked	mosaicking	-
mousetrap	mousetrapped	mousetrapped	mousetrapping	-
moz	-	-	-	mozzes
mud	mudded	mudded	mudding	-
mudcap	mudcapped	mudcapped	mudcapping	-
mug	mugged	mugged	mugging	-
mum	mummed	mummed	mumming	-
mus	mussed	mussed	mussing	-
music	musicked	musicked	musicking	-
nab	nabbed	nabbed	nabbing	-
nag	nagged	nagged	nagging	-
namedrop	namedropped	namedropped	namedropping	-
nap	napped	napped	napping	-
napoo	-	-	-	napoos
naysay	naysaid	naysaid	-	-
neb	nebbed	nebbed	nebbing	-
net	netted	netted	netting	-
nevel	nevelled	nevelled	nevelling	-
newscast	newscast	newscast	-	-
nib	nibbed	nibbed	nibbing	-
niello	-	-	-	niellos
nightclub	nightclubbed	nightclubbed	nightclubbing	-
nil	nilled	nilled	nilling	-
nim	nimmed	nimmed	nimming	-
nip	nipped	nipped	nipping	-
nitrid	nitrid	nitrid	-	-
nod	nodded	nodded	nodding	-
nog	nogged	nogged	nogging	-
nonconcur	nonconcurred	nonconcurred	nonconcurring	-
nonpros	nonprossed	nonprossed	nonprossing	nonprosses
notchel	notchelled	notchelled	notchelling	-
nut	nutted	nutted	nutting	-
nutmeg	nutmegged	nutmegged	nutmegging	-
occur	occurred	occurred	occurring	-
offset	offset	offset	offsetting	-
ok	okked	okked	okking	-
omit	omitted	omitted	omitting	-
oncome	-	oncome	-	-
onlay	onlaid	onlaid	-	-
onset	onset	onset	onsetting	-
outbar	outbarred	outbarred	outbarring	-
outbeg	outbegged	outbegged	outbegging	-
outbid	outbid	outbid	outbidding	-
outbrag	outbragged	outbragged	outbragging	-
outbreak	outbroke	outbroken	-	-
outbreed	outbred	outbred	-	-
outbuild	outbuilt	outbuilt	-	-
outburst	outburst	outburst	-	-
outbuy	outbought	outbought	-	-
outcatch	outcaught	outcaught	-	-
outcrop	outcropped	outcropped	outcropping	-
outdo	outdid	outdone	-	-
outdrag	outdragged	outdragged	outdragging	-
outdraw	outdrew	outdrawn	-	-
outdrink	outdrank	outdrunk	-	-
outdrive	outdrove	outdriven	-	-
outdrop	outdropped	outdropped	outdropping	-
outeat	outate	outeaten	-	-
outfeel	outfelt	outfelt	-	-
outfight	outfought	outfought	-	-
outfind	outfound	outfound	-	-
outfit	outfitted	outfitted	outfitting	-
outfly	outflew	outflown	-	-
outgas	outgassed	outgassed	outgassing	-
outgive	outgave	outgiven	-	-
outgrin	outgrinned	outgrinned	outgrinning	-
outgrow	outgrew	outgrown	-	-
outgun	outgunned	outgunned	outgunning	-
outhear	outheard	outheard	-	-
outhit	outhit	outhit	outhitting	-
outjut	outjutted	outjutted	outjutting	-
outkeep	outkept	outkept	-	-
outlay	outlaid	outlaid	-	-
outlead	outled	outled	-	-
outlie	-	outlain	-	-
outman	outmanned	outmanned	outmanning	-
outplan	outplanned	outplanned	outplanning	-
outplod	outplodded	outplodded	outplodding	-
outplot	outplotted	outplotted	outplotting	-
output	output	output	outputting	-
outrange	-	-	outranging	-
outread	outread	outread	-	-
outred	outredded	outredded	outredding	-
outride	outrode	outridden	-	-
outrig	outrigged	outrigged	outrigging	-
outring	-	outrung	-	-
outrun	outran	outrun	outrunning	-
outsay	outsaid	outsaid	-	-
outsee	outsaw	outseen	-	-
outsell	outsold	outsold	-	-
outset	outset	outset	outsetting	-
outshoot	outshot	outshot	-	-
outsin	outsinned	outsinned	outsinning	-
outsing	outsang	outsung	-	-
outsit	outsat	outsat	outsitting	-
outsleep	outslept	outslept	-	-
outspan	outspanned	outspanned	outspanning	-
outspeak	outspoke	outspoken	-	-
outspend	outspent	outspent	-	-
outspread	outspread	outspread	-	-
outspring	-	outsprung	-	-
outstand	outstood	outstood	-	-
outstep	outstepped	outstepped	outstepping	-
outstrike	outstruck	outstruck	-	-
outstrip	outstripped	outstripped	outstripping	-
outsum	outsummed	outsummed	outsumming	-
outswear	outswore	outsworn	-	-
outsweep	outswept	outswept	-	-
outswim	outswam	outswum	outswimming	-
outswing	outswung	outswung	-	-
outtell	outtold	outtold	-	-
outthink	outthought	outthought	-	-
outthrob	outthrobbed	outthrobbed	outthrobbing	-
outthrow	outthrew	outthrown	-	-
outthrust	outthrust	outthrust	-	-
outtop	outtopped	outtopped	outtopping	-
outtravel	outtravelled	outtravelled	outtravelling	-
outtrot	outtrotted	outtrotted	outtrotting	-
outwar	outwarred	outwarred	outwarring	-
outwear	outwore	outworn	-	-
outweep	outwept	outwept	-	-
outwit	outwitted	outwitted	outwitting	-
outwrite	outwrote	outwritten	-	-
overarrange	-	-	overarranging	-
overbear	overbore	overborne	-	-
overbeat	overbeat	overbeaten	-	-
overbet	overbet	overbet	overbetting	-
overbid	overbid	overbid	overbidding	-
overblow	overblew	overblown	-	-
overbreed	overbred	overbred	-	-
overbrim	overbrimmed	overbrimmed	overbrimming	-
overbuild	overbuilt	overbuilt	-	-
overbuy	overbought	overbought	-	-
overcatch	overcaught	overcaught	-	-
overcome	overcame	overcome	-	-
overcommit	overcommitted	overcommitted	overcommitting	-
overcontrol	overcontrolled	overcontrolled	overcontrolling	-
overcram	overcrammed	overcrammed	overcramming	-
overcrop	overcropped	overcropped	overcropping	-
overcut	overcut	overcut	overcutting	-
overdo	overdid	overdone	-	-
overdraw	overdrew	overdrawn	-	-
overdrink	overdrank	overdrunk	-	-
overdrive	overdrove	overdriven	-	-
overdub	overdubbed	overdubbed	overdubbing	-
overeat	overate	overeaten	-	-
overfall	overfell	overfallen	-	-
overfeed	overfed	overfed	-	-
overfly	overflew	overflown	-	-
overget	overgot	overgot	overgetting	-
overgrow	overgrew	overgrown	-	-
overhang	overhung	overhung	-	-
overhear	overheard	overheard	-	-
overhit	overhit	overhit	overhitting	-
overhold	overheld	overheld	-	-
overkeep	overkept	overkept	-	-
overlap	overlapped	overlapped	overlapping	-
overlay	overlaid	overlaid	-	-
overlend	overlent	overlent	-	-
overlet	overlet	overlet	overletting	-
overlie	overlay	overlain	-	-
overman	overmanned	overmanned	overmanning	-
overnet	overnetted	overnetted	overnetting	-
overpay	overpaid	overpaid	-	-
overplan	overplanned	overplanned	overplanning	-
overplot	overplotted	overplotted	overplotting	-
overread	overread	overread	-	-
override	overrode	overridden	-	-
overrun	overran	overrun	overrunning	-
oversee	oversaw	overseen	-	-
oversell	oversold	oversold	-	-
overset	overset	overset	oversetting	-
overshoot	overshot	overshot	-	-
overskip	overskipped	overskipped	overskipping	-
oversleep	overslept	overslept	-	-
overslip	overslipped	overslipped	overslipping	-
oversow	-	oversown	-	-
overspend	overspent	overspent	-	-
overspin	overspun	overspun	overspinning	-
overspread	overspread	overspread	-	-
overstand	overstood	overstood	-	-
overstep	overstepped	overstepped	overstepping	-
overstir	overstirred	overstirred	overstirring	-
overstrike	overstruck	overstruck	-	-
oversup	oversupped	oversupped	oversupping	-
overswim	overswam	overswum	overswimming	-
overswing	overswung	overswung	-	-
overtake	overtook	overtaken	-	-
overthink	overthought	overthought	-	-
overthrow	overthrew	overthrown	-	-
overtip	overtipped	overtipped	overtipping	-
overtop	overtopped	overtopped	overtopping	-
overtrim	overtrimmed	overtrimmed	overtrimming	-
overwear	overwore	overworn	-	-
overwet	overwet	overwet	overwetting	-
overwrite	overwrote	overwritten	-	-
pad	padded	padded	padding	-
pal	palled	palled	palling	-
pan	panned	panned	panning	-
panic	panicked	panicked	panicking	-
pap	papped	papped	papping	-
par	parred	parred	parring	-
paradrop	paradropped	paradropped	paradropping	-
parget	pargetted	pargetted	pargetting	-
parleyvoo	-	-	-	parleyvoos
partake	partook	partaken	-	-
pas	passed	passed	passing	-
pat	patted	patted	patting	-
patrol	patrolled	patrolled	patrolling	-
pec	pecked	pecked	pecking	-
pech	-	-	-	pechs
peg	pegged	pegged	pegging	-
pen	penned	penned	penning	-
pep	pepped	pepped	pepping	-
periwig	periwigged	periwigged	periwigging	-
permit	permitted	permitted	permitting	-
perstringe	-	-	perstringing	-
pet	petted	petted	petting	-
petnap	petnapped	petnapped	petnapping	-
petrol	petrolled	petrolled	petrolling	-
pettifog	pettifogged	pettifogged	pettifogging	-
phial	phialled	phialled	phialling	-
photo	-	-	-	photos
photomap	photomapped	photomapped	photomapping	-
photoset	photoset	photoset	photosetting	-
photostat	photostatted	photostatted	photostatting	-
physic	physicked	physicked	physicking	-
pi	-	-	-	pies
pic	picked	picked	picking	-
picnic	picnicked	picnicked	picnicking	-
pie	-	-	pieing	-
pig	pigged	pigged	pigging	-
pin	pinned	pinned	pinning	-
pip	pipped	pipped	pipping	-
pipet	pipetted	pipetted	pipetting	-
pis	pissed	pissed	pissing	pisses
pit	pitted	pitted	pitting	-
pitapat	pitapatted	pitapatted	pitapatting	-
plan	planned	planned	planning	-
plap	plapped	plapped	plapping	-
plat	platted	platted	platting	-
pleuch	-	-	-	pleuchs
plim	plimmed	plimmed	plimming	-
plod	plodded	plodded	plodding	-
plop	plopped	plopped	plopping	-
plot	plotted	plotted	plotting	-
plug	plugged	plugged	plugging	-
plunge	-	-	plunging	-
plus	plussed	plussed	plussing	-
pod	podded	podded	podding	-
pogo	-	-	-	pogos
politic	politicked	politicked	politicking	-
pop	popped	popped	popping	-
posses	possessed	possessed	possessing	possesses
postil	postilled	postilled	postilling	-
pot	potted	potted	potting	-
preadmit	preadmitted	preadmitted	preadmitting	-
preallot	preallotted	preallotted	preallotting	-
prearrange	-	-	prearranging	-
preaver	preaverred	preaverred	preaverring	-
prebid	prebid	prebid	prebidding	-
prebind	prebound	prebound	-	-
prebuild	prebuilt	prebuilt	-	-
prebuy	prebought	prebought	-	-
precast	precast	precast	-	-
prechoose	prechose	prechosen	-	-
precut	precut	precut	precutting	-
prefab	prefabbed	prefabbed	prefabbing	-
prefer	preferred	preferred	preferring	-
preformat	preformatted	preformatted	preformatting	-
prefreeze	prefroze	prefrozen	-	-
prep	prepped	prepped	prepping	-
prepay	prepaid	prepaid	-	-
preplan	preplanned	preplanned	preplanning	-
pres	pressed	pressed	pressing	-
presell	presold	presold	-	-
preset	preset	preset	presetting	-
preship	preshipped	preshipped	preshipping	-
preshrink	preshrank	preshrunk	-	-
pretell	pretold	pretold	-	-
pretermit	pretermitted	pretermitted	pretermitting	-
pretrim	pretrimmed	pretrimmed	pretrimming	-
prewrap	prewrapped	prewrapped	prewrapping	-
prig	prigged	prigged	prigging	-
prim	primmed	primmed	primming	-
prod	prodded	prodded	prodding	-
prog	progged	progged	progging	-
prolonge	-	-	prolonging	-
proofread	proofread	proofread	-	-
prop	propped	propped	propping	-
propel	propelled	propelled	propelling	-
pub	pubbed	pubbed	pubbing	-
pug	pugged	pugged	pugging	-
pun	punned	punned	punning	-
pup	pupped	pupped	pupping	-
pur	purred	purred	purring	-
put	put	put	putting	-
quad	quadded	quadded	quadding	-
quickstep	quickstepped	quickstepped	quickstepping	-
quip	quipped	quipped	quipping	-
quit	quit	quit	quitting	-
quiz	quizzed	quizzed	quizzing	quizzes
quod	quodded	quodded	quodding	-
quop	quopped	quopped	quopping	-
rabat	rabatted	rabatted	rabatting	-
rad	radded	radded	radding	-
radio	-	-	-	radios
rag	ragged	ragged	ragging	-
ram	rammed	rammed	ramming	-
ramrod	ramrodded	ramrodded	ramrodding	-
range	-	-	ranging	-
rap	rapped	rapped	rapping	-
rat	ratted	ratted	ratting	-
rataplan	rataplanned	rataplanned	rataplanning	-
read	read	read	-	-
readmit	readmitted	readmitted	readmitting	-
reallot	reallotted	reallotted	reallotting	-
reapparel	reapparelled	reapparelled	reapparelling	-
rearise	rearose	rearisen	-	-
rearrange	-	-	rearranging	-
rebegin	rebegan	rebegun	rebeginning	-
rebel	rebelled	rebelled	rebelling	-
rebid	rebid	rebid	rebidding	-
rebind	rebound	rebound	-	-
rebite	rebit	-	-	-
rebreed	rebred	rebred	-	-
rebut	rebutted	rebutted	rebutting	-
rebuy	rebought	rebought	-	-
recap	recapped	recapped	recapping	-
recast	recast	recast	-	-
recatch	recaught	recaught	-	-
recce	-	-	recceing	-
rechallenge	-	-	rechallenging	-
rechange	-	-	rechanging	-
rechoose	rechose	rechosen	-	-
recommit	recommitted	recommitted	recommitting	-
recon	reconned	reconned	reconning	-
recur	recurred	recurred	recurring	-
recut	recut	recut	recutting	-
red	redded	redded	redding	-
redeal	redealt	redealt	-	-
redip	redipped	redipped	redipping	-
redistil	redistilled	redistilled	redistilling	-
redo	redid	redone	-	-
redon	redonned	redonned	redonning	-
redraw	redrew	redrawn	-	-
redrive	redrove	redriven	-	-
redub	redubbed	redubbed	redubbing	-
reemit	reemitted	reemitted	reemitting	-
reequip	reequipped	reequipped	reequipping	-
reexpel	reexpelled	reexpelled	reexpelling	-
ref	reffed	reffed	reffing	-
refall	refell	refallen	-	-
refeed	refed	refed	-	-
refeel	refelt	refelt	-	-
refel	refelled	refelled	refelling	-
refer	referred	referred	referring	-
refight	refought	refought	-	-
refind	refound	refound	-	-
refit	refit	refit	refitting	-
reflag	reflagged	reflagged	reflagging	-
refly	reflew	reflown	-	-
reformat	reformatted	reformatted	reformatting	-
refreeze	refroze	refrozen	-	-
refringe	-	-	refringing	-
regive	regave	regiven	-	-
regret	regretted	regretted	regretting	-
regrind	reground	reground	-	-
regrow	regrew	regrown	-	-
rehab	rehabbed	rehabbed	rehabbing	-
rehear	reheard	reheard	-	-
rehem	rehemmed	rehemmed	rehemming	-
rehinge	-	-	rehinging	-
reincur	reincurred	reincurred	reincurring	-
reinter	reinterred	reinterred	reinterring	-
rejig	rejigged	rejigged	rejigging	-
reknit	reknitted	reknitted	reknitting	-
reknot	reknotted	reknotted	reknotting	-
relend	relent	relent	-	-
relet	relet	relet	reletting	-
remake	remade	remade	-	-
reman	remanned	remanned	remanning	-
remap	remapped	remapped	remapping	-
remeet	remet	remet	-	-
remit	remitted	remitted	remitting	-
renig	renigged	renigged	renigging	-
reoccur	reoccurred	reoccurred	reoccurring	-
reoutfit	reoutfitted	reoutfitted	reoutfitting	-
repay	repaid	repaid	-	-
repeg	repegged	repegged	repegging	-
repel	repelled	repelled	repelling	-
repin	repinned	repinned	repinning	-
replan	replanned	replanned	replanning	-
replot	replotted	replotted	replotting	-
replunge	-	-	replunging	-
repot	repotted	repotted	repotting	-
reread	reread	reread	-	-
rerig	rerigged	rerigged	rerigging	-
rerise	rerose	rerisen	-	-
rerun	reran	rerun	rerunning	-
resay	resaid	resaid	-	-
resee	-	reseen	-	-
reseek	resought	resought	-	-
resell	resold	resold	-	-
resend	resent	resent	-	-
reset	reset	reset	resetting	-
reship	reshipped	reshipped	reshipping	-
reshoe	reshod	reshod	-	-
reshoot	reshot	reshot	-	-
resit	resat	resat	resitting	-
resod	resodded	resodded	resodding	-
respeak	respoke	respoken	-	-
resplit	resplit	resplit	resplitting	-
respot	respotted	respotted	respotting	-
respread	respread	respread	-	-
respring	resprang	resprung	-	-
restrike	restruck	restricken	-	-
restringe	-	-	restringing	-
restrive	restrove	restriven	-	-
resubmit	resubmitted	resubmitted	resubmitting	-
ret	retted	retted	retting	-
retag	retagged	retagged	retagging	-
retake	retook	retaken	-	-
reteach	retaught	retaught	-	-
retear	-	retorn	-	-
retell	retold	retold	-	-
rethink	rethought	rethought	-	-
retransfer	retransferred	retransferred	retransferring	-
retransmit	retransmitted	retransmitted	retransmitting	-
retread	-	retrodden	-	-
retrim	retrimmed	retrimmed	retrimming	-
retrofit	retrofitted	retrofitted	retrofitting	-
rev	revved	revved	revving	-
revenge	-	-	revenging	-
revet	revetted	revetted	revetting	-
rewake	rewoke	rewaked	-	-
rewed	rewed	rewed	rewedding	-
rewet	rewet	rewet	rewetting	-
rewin	rewon	rewon	rewinning	-
rewrap	rewrapped	rewrapped	rewrapping	-
rewrite	rewrote	rewritten	-	-
rib	ribbed	ribbed	ribbing	-
rid	rid	rid	ridding	-
ride	rode	ridden	-	-
rif	riffed	riffed	riffing	-
rig	rigged	rigged	rigging	-
rim	rimmed	rimmed	rimming	-
ring	-	rung	-	-
rip	ripped	ripped	ripping	-
riprap	riprapped	riprapped	riprapping	-
rise	rose	risen	-	-
rit	ritted	ritted	ritting	-
rivel	rivelled	rivelled	rivelling	-
rob	robbed	robbed	robbing	-
roc	rocked	rocked	rocking	-
rod	rodded	rodded	rodding	-
rodeo	-	-	-	rodeos
roneo	-	-	-	roneos
roset	rosetted	rosetted	rosetting	-
rot	rotted	rotted	rotting	-
roughcast	roughcast	roughcast	-	-
rub	rubbed	rubbed	rubbing	-
ruc	rucked	rucked	rucking	-
rug	rugged	rugged	rugging	-
rumpus	rumpussed	rumpussed	-	-
run	ran	run	running	-
russet	-	-	russetting	-
rut	rutted	rutted	rutting	-
sab	sabbed	sabbed	sabbing	-
sabe	-	-	sabeing	-
sac	sacked	sacked	sacking	-
sad	sadded	sadded	sadding	-
sag	sagged	sagged	sagging	-
salto	-	-	-	saltos
sandbag	sandbagged	sandbagged	sandbagging	-
sap	sapped	sapped	sapping	-
sar	sarred	sarred	sarring	-
say	said	said	-	-
scab	scabbed	scabbed	scabbing	-
scag	scagged	scagged	scagging	-
scam	scammed	scammed	scamming	-
scan	scanned	scanned	scanning	-
scar	scarred	scarred	scarring	-
scat	scatted	scatted	scatting	-
scavenge	-	-	scavenging	-
schlep	schlepped	schlepped	schlepping	-
sclim	sclimmed	sclimmed	sclimming	-
scog	scogged	scogged	scogging	-
scrab	scrabbed	scrabbed	scrabbing	-
scrag	scragged	scragged	scragging	-
scraich	-	-	-	scraichs
scram	scrammed	scrammed	scramming	-
scrap	scrapped	scrapped	scrapping	-
scrat	scratted	scratted	scratting	-
scrauch	-	-	-	scrauchs
screich	-	-	-	screichs
scrog	scrogged	scrogged	scrogging	-
scrounge	-	-	scrounging	-
scrub	scrubbed	scrubbed	scrubbing	-
scrum	scrummed	scrummed	scrumming	-
scud	scudded	scudded	scudding	-
scug	scugged	scugged	scugging	-
scul	sculled	sculled	sculling	-
scum	scummed	scummed	scumming	-
scur	scurred	scurred	scurring	-
see	saw	seen	-	-
seek	sought	sought	-	-
sell	sold	sold	-	-
send	sent	sent	-	-
sepad	sepadded	sepadded	sepadding	-
ser	serred	serred	serring	-
servo	-	-	-	servos
set	set	set	setting	-
shag	shagged	shagged	shagging	-
shake	shook	shaken	-	-
sham	shammed	shammed	shamming	-
shampoo	-	-	-	shampoos
sharecrop	sharecropped	sharecropped	sharecropping	-
sharpshoot	sharpshot	sharpshot	-	-
shed	shed	shed	shedding	-
shellac	shellacked	shellacked	shellacking	-
sheuch	-	-	-	sheuchs
shew	-	shewn	-	-
shikar	shikarred	shikarred	shikarring	-
shim	shimmed	shimmed	shimming	-
shin	shinned	shinned	shinning	-
ship	shipped	shipped	shipping	-
shiplap	shiplapped	shiplapped	shiplapping	-
shit	shat	shat	shitting	-
shiv	shivved	shivved	shivving	-
shlep	shlepped	shlepped	shlepping	-
shog	shogged	shogged	shogging	-
shoo	-	-	-	shoos
shoot	shot	shot	-	-
shop	shopped	shopped	shopping	-
shortchange	-	-	shortchanging	-
shortcut	shortcut	shortcut	shortcutting	-
shot	shotted	shotted	shotting	-
shotgun	shotgunned	shotgunned	shotgunning	-
shred	shredded	shred	shredding	-
shrink	shrank	shrunk	-	-
shrinkwrap	shrinkwrapped	shrinkwrapped	shrinkwrapping	-
shrub	shrubbed	shrubbed	shrubbing	-
shrug	shrugged	shrugged	shrugging	-
shtup	shtupped	shtupped	shtupping	-
shun	shunned	shunned	shunning	-
shut	shut	shut	shutting	-
sic	sicced	sicced	siccing	-
sideslip	sideslipped	sideslipped	sideslipping	-
sidestep	sidestepped	sidestepped	sidestepping	-
sightread	sightread	sightread	-	-
sightsee	sightsaw	sightseen	-	-
silo	-	-	-	silos
simulcast	simulcast	simulcast	-	-
sin	sinned	sinned	sinning	-
sing	sang	sung	-	-
sink	sank	sunk	-	-
sip	sipped	sipped	sipping	-
sir	sirred	sirred	sirring	-
sit	sat	sat	sitting	-
sjambok	sjambokked	sjambokked	sjambokking	-
skelloch	-	-	-	skellochs
skep	skepped	skepped	skepping	-
sker	skerred	skerred	skerring	-
skid	skidded	skidded	skidding	-
skiddoo	-	-	-	skiddoos
skidoo	-	-	-	skidoos
skim	skimmed	skimmed	skimming	-
skin	skinned	skinned	skinning	-
skip	skipped	skipped	skipping	-
skywrite	skywrote	skywritten	-	-
slab	slabbed	slabbed	slabbing	-
slag	slagged	slagged	slagging	-
slam	slammed	slammed	slamming	-
slap	slapped	slapped	slapping	-
slat	slatted	slatted	slatting	-
slay	slew	slain	-	-
sled	sledded	sledded	sledding	-
sleep	slept	slept	-	-
slide	slid	slid	-	-
slim	slimmed	slimmed	slimming	-
sling	slung	slung	-	-
slip	slipped	slipped	slipping	-
slit	slit	slit	slitting	-
slog	slogged	slogged	slogging	-
slop	slopped	slopped	slopping	-
slot	slotted	slotted	slotting	-
slub	slubbed	slubbed	slubbing	-
slug	slugged	slugged	slugging	-
slum	slummed	slummed	slumming	-
slur	slurred	slurred	slurring	-
smir	smirred	smirred	smirring	-
smite	smote	smitten	-	-
smug	smugged	smugged	smugging	-
smur	smurred	smurred	smurring	-
smut	smutted	smutted	smutting	-
snag	snagged	snagged	snagging	-
snap	snapped	snapped	snapping	-
snapshot	snapshotted	snapshotted	snapshotting	-
sneb	snebbed	snebbed	snebbing	-
sned	snedded	snedded	snedding	-
snib	snibbed	snibbed	snibbing	-
snig	snigged	snigged	snigging	-
snip	snipped	snipped	snipping	-
snod	snodded	snodded	snodding	-
snog	snogged	snogged	snogging	-
snot	snotted	snotted	snotting	-
snub	snubbed	snubbed	snubbing	-
snug	snugged	snugged	snugging	-
sob	sobbed	sobbed	sobbing	-
soc	socked	socked	socking	-
sod	sodded	sodded	sodding	-
sog	sogged	sogged	sogging	-
solo	-	-	-	solos
soogie	-	-	soogieing	-
soothsay	soothsaid	soothsaid	-	-
sop	sopped	sopped	sopping	-
sortie	-	-	sortieing	-
sos	sossed	sossed	sossing	sosses
spae	-	-	spaeing	-
spam	spammed	spammed	spamming	-
span	spanned	spanned	spanning	-
spaniel	spanielled	spanielled	spanielling	-
spar	sparred	sparred	sparring	-
sparkplug	sparkplugged	sparkplugged	sparkplugging	-
spat	spatted	spatted	spatting	-
speak	spoke	-	-	-
spec	spec'd	spec'd	spec'ing	-
spellbind	spellbound	spellbound	-	-
spend	spent	spent	-	-
spiderweb	spiderwebbed	spiderwebbed	spiderwebbing	-
spin	spun	spun	spinning	-
spit	spat	spat	spitting	-
splat	splatted	splatted	splatting	-
split	split	split	splitting	-
sponge	-	-	sponging	-
spoonfeed	spoonfed	spoonfed	-	-
sportscast	sportscast	sportscast	-	-
spot	spotted	spotted	spotting	-
sprag	spragged	spragged	spragging	-
spread	spread	spread	-	-
sprig	sprigged	sprigged	sprigging	-
spring	sprang	sprung	-	-
spud	spudded	spudded	spudding	-
spuilzie	-	-	spuilzieing	-
spulyie	-	-	spulyieing	-
spur	spurred	spurred	spurring	-
squab	squabbed	squabbed	squabbing	-
squad	squadded	squadded	squadding	-
squat	squatted	squatted	squatting	-
squeg	squegged	squegged	squegging	-
squib	squibbed	squibbed	squibbing	-
squid	squidded	squidded	squidding	-
stab	stabbed	stabbed	stabbing	-
stag	stagged	stagged	stagging	-
stanchel	stanchelled	stanchelled	stanchelling	-
stand	stood	stood	-	-
stap	stapped	stapped	stapping	-
star	starred	starred	starring	-
steal	stole	stolen	-	-
stem	stemmed	stemmed	stemming	-
sten	stenned	stenned	stenning	-
step	stepped	stepped	stepping	-
stereo	-	-	-	stereos
stet	stetted	stetted	stetting	-
stick	stuck	stuck	-	-
sting	stung	stung	-	-
stink	stank	stunk	-	-
stir	stirred	stirred	stirring	-
stob	stobbed	stobbed	stobbing	-
stocktake	stocktaken	stocktaken	-	-
stomach	-	-	-	stomachs
stop	stopped	stopped	stopping	-
stot	stotted	stotted	stotting	-
strap	strapped	strapped	strapping	-
straphang	straphung	straphung	-	-
strid	strid	strid	-	-
stride	strode	stridden	-	-
strig	strigged	strigged	strigging	-
strike	struck	-	-	-
string	strung	strung	-	-
strip	stripped	stripped	stripping	-
strop	stropped	stropped	stropping	-
strum	strummed	strummed	strumming	-
strut	strutted	strutted	strutting	-
stub	stubbed	stubbed	stubbing	-
stud	studded	studded	studding	-
stum	stummed	stummed	stumming	-
stun	stunned	stunned	stunning	-
stye	-	-	stying	-
sub	subbed	subbed	subbing	-
subbreed	subbred	subbred	-	-
sublet	sublet	sublet	subletting	-
submit	submitted	submitted	submitting	-
succus	succussed	succussed	succussing	succusses
sulfuret	sulfuretted	sulfuretted	sulfuretting	-
sum	summed	summed	summing	-
summerset	summersetted	summersetted	summersetting	-
sun	sunned	sunned	sunning	-
sunset	-	-	sunsetting	-
suntan	suntanned	suntanned	suntanning	-
sup	supped	supped	supping	-
superlie	-	superlain	-	-
surrebut	surrebutted	surrebutted	surrebutting	-
surveil	surveilled	surveilled	surveilling	-
sus	sussed	sussed	sussing	susses
swab	swabbed	swabbed	swabbing	-
swag	swagged	swagged	swagging	-
swan	swanned	swanned	swanning	-
swap	swapped	swapped	swapping	-
swat	swatted	swatted	swatting	-
swear	swore	sworn	-	-
sweep	swept	swept	-	-
swell	-	swollen	-	-
swig	swigged	swigged	swigging	-
swim	swam	swum	swimming	-
swing	swung	swung	-	-
swiver	swiverred	swiverred	swiverring	-
swob	swobbed	swobbed	swobbing	-
swop	swopped	swopped	swopping	-
swot	swotted	swotted	swotting	-
synch	-	-	-	synchs
syringe	-	-	syringing	-
tab	tabbed	tabbed	tabbing	-
taboo	-	-	-	taboos
tag	tagged	tagged	tagging	-
take	took	taken	-	-
tallyho	-	-	-	tallyhos
tan	tanned	tanned	tanning	-
tap	tapped	tapped	tapping	-
tar	tarred	tarred	tarring	-
tarmac	tarmacked	tarmacked	tarmacking	-
tat	tatted	tatted	tatting	-
tattoo	-	-	-	tattoos
teach	taught	taught	-	-
tear	-	torn	-	-
teargas	teargassed	teargassed	teargassing	-
ted	tedded	tedded	tedding	-
telegram	telegrammed	telegrammed	telegramming	-
tell	told	told	-	-
telnet	telnetted	telnetted	telnetting	-
thimblerig	thimblerigged	thimblerigged	thimblerigging	-
thin	thinned	thinned	thinning	-
think	thought	thought	-	-
throb	throbbed	throbbed	throbbing	-
throw	threw	thrown	-	-
thrum	thrummed	thrummed	thrumming	-
thud	thudded	thudded	thudding	-
thunderstrike	thunderstruck	thunderstricken	-	-
tictac	tictacked	tictacked	tictacking	-
tictoc	tictocked	tictocked	tictocking	-
tig	tigged	tigged	tigging	-
tin	tinned	tinned	tinning	-
tip	tipped	tipped	tipping	-
tit	titted	titted	titting	-
tog	togged	togged	togging	-
tom	tommed	tommed	tomming	-
tomcat	tomcatted	tomcatted	tomcatting	-
top	topped	topped	topping	-
tot	totted	totted	totting	-
traffic	trafficked	trafficked	trafficking	-
tram	trammed	trammed	tramming	-
transfer	transferred	transferred	transferring	-
tranship	transhipped	transhipped	transhipping	-
transmit	transmitted	transmitted	transmitting	-
transship	transshipped	transshipped	transshipping	-
trap	trapped	trapped	trapping	-
trapan	trapanned	trapanned	trapanning	-
tread	trod	trod	-	-
trek	trekked	trekked	trekking	-
trepan	trepanned	trepanned	trepanning	-
tres	tressed	tressed	tressing	tresses
trial	trialled	trialled	trialling	-
trig	trigged	trigged	trigging	-
trim	trimmed	trimmed	trimming	-
trip	tripped	tripped	tripping	-
trog	trogged	trogged	trogging	-
tron	tronned	tronned	tronning	-
trot	trotted	trotted	trotting	-
troubleshoot	troubleshot	troubleshot	-	-
tub	tubbed	tubbed	tubbing	-
tug	tugged	tugged	tugging	-
tun	tunned	tunned	tunning	-
tup	tupped	tupped	tupping	-
tut	tutted	tutted	tutting	-
twig	twigged	twigged	twigging	-
twin	twinned	twinned	twinning	-
twit	twitted	twitted	twitting	-
typecast	typecast	typecast	-	-
typeset	typeset	typeset	typesetting	-
typewrite	typewrote	typewritten	-	-
unbag	unbagged	unbagged	unbagging	-
unban	unbanned	unbanned	unbanning	-
unbar	unbarred	unbarred	unbarring	-
unbear	-	unborne	-	-
unbed	unbedded	unbedded	unbedding	-
unbeget	unbegot	-	unbegetting	-
unbespeak	unbespoke	unbespoken	-	-
unbind	unbound	unbound	-	-
unbuild	unbuilt	unbuilt	-	-
uncap	uncapped	uncapped	uncapping	-
uncharnel	uncharnelled	uncharnelled	uncharnelling	-
unclip	unclipped	unclipped	unclipping	-
unclog	unclogged	unclogged	unclogging	-
undam	undammed	undammed	undamming	-
underbid	underbid	underbid	underbidding	-
underbite	underbit	underbitten	-	-
underbud	underbudded	underbudded	underbudding	-
underbuild	underbuilt	underbuilt	-	-
underbuy	underbought	underbought	-	-
underclub	underclubbed	underclubbed	underclubbing	-
undercut	undercut	undercut	undercutting	-
underdraw	underdrew	underdrawn	-	-
undereat	underate	undereaten	-	-
underfeed	underfed	underfed	-	-
undergo	underwent	undergone	-	-
undergrow	-	undergrown	-	-
underlap	underlapped	underlapped	underlapping	-
underlay	underlaid	underlaid	-	-
underlet	underlet	underlet	underletting	-
underlie	underlay	underlain	-	-
underman	undermanned	undermanned	undermanning	-
underpay	underpaid	underpaid	-	-
underpin	underpinned	underpinned	underpinning	-
underprop	underpropped	underpropped	underpropping	-
underrun	underran	underrun	underrunning	-
undersell	undersold	undersold	-	-
underset	underset	underset	undersetting	-
undershoot	undershot	undershot	-	-
underspend	underspent	underspent	-	-
understand	understood	understood	-	-
undertake	undertook	undertaken	-	-
underthrust	underthrust	underthrust	-	-
underwrite	underwrote	underwritten	-	-
undo	undid	undone	-	-
undraw	undrew	undrawn	-	-
unfit	unfitted	unfitted	unfitting	-
unfreeze	unfroze	unfrozen	-	-
ungag	ungagged	ungagged	ungagging	-
unget	ungot	ungot	ungetting	-
ungod	ungodded	ungodded	ungodding	-
ungum	ungummed	ungummed	ungumming	-
unhat	unhatted	unhatted	unhatting	-
unhinge	-	-	unhinging	-
unjam	unjammed	unjammed	unjamming	-
unknit	unknitted	unknitted	unknitting	-
unknot	unknotted	unknotted	unknotting	-
unlay	unlaid	unlaid	-	-
unlid	unlidded	unlidded	unlidding	-
unmake	unmade	unmade	-	-
unman	unmanned	unmanned	unmanning	-
unpanel	unpanelled	unpanelled	unpanelling	-
unpay	unpaid	unpaid	-	-
unpeg	unpegged	unpegged	unpegging	-
unpen	unpenned	unpenned	unpenning	-
unpin	unpinned	unpinned	unpinning	-
unplug	unplugged	unplugged	unplugging	-
unprop	unpropped	unpropped	unpropping	-
unrig	unrigged	unrigged	unrigging	-
unrip	unripped	unripped	unripping	-
unsay	unsaid	unsaid	-	-
unsell	unsold	unsold	-	-
unset	unset	unset	unsetting	-
unshed	unshed	unshed	unshedding	-
unship	unshipped	unshipped	unshipping	-
unshut	unshut	unshut	unshutting	-
unsling	unslung	unslung	-	-
unsnag	unsnagged	unsnagged	unsnagging	-
unsnap	unsnapped	unsnapped	unsnapping	-
unspar	unsparred	unsparred	unsparring	-
unspeak	unspoke	unspoken	-	-
unstep	unstepped	unstepped	unstepping	-
unstick	unstuck	unstuck	-	-
unstop	unstopped	unstopped	unstopping	-
unstrap	unstrapped	unstrapped	unstrapping	-
unstrip	unstripped	unstripped	unstripping	-
unswear	unswore	unsworn	-	-
unteach	untaught	untaught	-	-
unthink	unthought	unthought	-	-
untin	untinned	untinned	untinning	-
untread	untrod	untrod	-	-
untrim	untrimmed	untrimmed	untrimming	-
unweave	-	unwoven	-	-
unwind	unwound	unwound	-	-
unwit	unwitted	unwitted	unwitting	-
unwrap	unwrapped	unwrapped	unwrapping	-
unwrite	unwrote	unwritten	-	-
unzip	unzipped	unzipped	unzipping	-
up	upped	upped	upping	-
upbear	upbore	upborne	-	-
upbind	upbound	upbound	-	-
upblow	-	upblown	-	-
upbreak	upbroke	upbroken	-	-
upbuild	upbuilt	upbuilt	-	-
upcatch	upcaught	upcaught	-	-
upcome	-	upcome	-	-
updrag	updragged	updragged	updragging	-
updraw	updrew	updrawn	-	-
upfling	upflung	upflung	-	-
upgrow	upgrew	upgrown	-	-
uphang	uphung	uphung	-	-
uphold	upheld	upheld	-	-
upjet	upjetted	upjetted	upjetting	-
upknit	upknitted	upknitted	upknitting	-
uplay	uplaid	uplaid	-	-
uplead	upled	upled	-	-
uppercut	uppercut	uppercut	uppercutting	-
upprop	uppropped	uppropped	uppropping	-
uprise	uprose	uprisen	-	-
uprun	upran	uprun	uprunning	-
upsend	upsent	upsent	-	-
upset	upset	upset	upsetting	-
upshoot	upshot	upshot	-	-
upspeak	upspoke	upspoken	-	-
upspring	upsprang	upsprung	-	-
upstand	upstood	upstood	-	-
upstep	upstepped	upstepped	upstepping	-
upstir	upstirred	upstirred	upstirring	-
upsweep	upswept	upswept	-	-
upswing	upswung	upswung	-	-
uptear	-	uptorn	-	-
upthrow	upthrew	upthrown	-	-
vac	vacked	vacked	vacking	-
van	vanned	vanned	vanning	-
vat	vatted	vatted	vatting	-
veg	vegged	vegged	vegging	veges
velcro	-	-	-	velcros
venge	-	-	venging	-
verbal	verballed	verballed	verballing	-
vet	vetted	vetted	vetting	-
voodoo	-	-	-	voodoos
vowel	vowelled	vowelled	vowelling	-
wad	wadded	wadded	wadding	-
wadset	wadsetted	wadsetted	wadsetting	-
wag	wagged	wagged	wagging	-
wake	woke	waked	-	-
wan	wanned	wanned	wanning	-
wap	wapped	wapped	wapping	-
war	warred	warred	warring	-
watchdog	watchdogged	watchdogged	watchdogging	-
waterlog	waterlogged	waterlogged	waterlogging	-
waylay	waylaid	waylaid	-	-
wear	wore	worn	-	-
weatherstrip	weatherstripped	weatherstripped	weatherstripping	-
weave	-	woven	-	-
web	webbed	webbed	webbing	-
webcast	webcast	webcast	-	-
wed	wed	wed	wedding	-
weep	wept	wept	-	-
wet	wet	wet	wetting	-
wham	whammed	whammed	whamming	-
whap	whapped	whapped	whapping	-
wheenge	-	-	wheenging	-
whet	whetted	whetted	whetting	-
whid	whidded	whidded	whidding	-
whig	whigged	whigged	whigging	-
whim	whimmed	whimmed	whimming	-
whip	whipped	whipped	whipping	-
whir	whirred	whirred	whirring	-
whirligig	whirligigged	whirligigged	whirligigging	-
whisker	-	-	whiskerring	-
whistlestop	whistlestopped	whistlestopped	whistlestopping	-
whiz	whizzed	whizzed	whizzing	whizzes
whop	whopped	whopped	whopping	-
whup	whupped	whupped	whupping	-
wig	wigged	wigged	wigging	-
wigwag	wigwagged	wigwagged	wigwagging	-
wildcat	wildcatted	wildcatted	wildcatting	-
win	won	won	winning	-
winterfeed	winterfed	winterfed	-	-
wiredraw	wiredrew	wiredrawn	-	-
wiretap	wiretapped	wiretapped	wiretapping	-
wis	wissed	wissed	wissing	-
withdraw	withdrew	withdrawn	-	-
withhold	withheld	withheld	-	-
withstand	withstood	withstood	-	-
won	wonned	wonned	wonning	-
wongi	-	-	-	wongies
woo	-	-	-	woos
woodcut	woodcut	woodcut	woodcutting	-
woodshed	woodshedded	woodshedded	woodshedding	-
wop	wopped	wopped	wopping	-
wot	wotted	wotted	wotting	-
wrap	wrapped	wrapped	wrapping	-
wring	wrung	wrung	-	-
write	wrote	written	-	-
wud	wudded	wudded	wudding	-
yak	yakked	yakked	yakking	-
yap	yapped	yapped	yapping	-
yelloch	-	-	-	yellochs
yen	yenned	yenned	yenning	-
yip	yipped	yipped	yipping	-
yok	yokked	yokked	yokking	-
yuk	yukked	yukked	yukking	-
zag	zagged	zagged	zagging	-
zap	zapped	zapped	zapping	-
zen	zenned	zenned	zenning	-
zig	zigged	zigged	zigging	-
zigzag	zigzagged	zigzagged	zigzagging	-
zip	zipped	zipped	zipping	-
ziz	zizzed	zizzed	zizzing	zizzes
