# lemma(infinitive)	V;IND;PRS;1;SG	V;IND;PRS;2;SG	V;IND;PRS;3;SG	V;IND;PRS;1;PL	V;IND;PRS;2;PL	V;IND;PRS;3;PL	V;IND;PST;1;SG;IPFV	V;IND;PST;2;SG;IPFV	V;IND;PST;3;SG;IPFV	V;IND;PST;1;PL;IPFV	V;IND;PST;2;PL;IPFV	V;IND;PST;3;PL;IPFV	V;IND;PST;1;SG;PFV	V;IND;PST;2;SG;PFV	V;IND;PST;3;SG;PFV	V;IND;PST;1;PL;PFV	V;IND;PST;2;PL;PFV	V;IND;PST;3;PL;PFV	V;1;SG;IND;FUT	V;2;SG;IND;FUT	V;3;SG;IND;FUT	V;1;PL;IND;FUT	V;2;PL;IND;FUT	V;3;PL;IND;FUT	V;1;SG;COND	V;2;SG;COND	V;3;SG;COND	V;1;PL;COND	V;2;PL;COND	V;3;PL;COND	V;1;SG;SBJV;PRS	V;2;SG;SBJV;PRS	V;3;SG;SBJV;PRS	V;1;PL;SBJV;PRS	V;2;PL;SBJV;PRS	V;3;PL;SBJV;PRS	V;1;SG;SBJV;PST;IPFV	V;2;SG;SBJV;PST;IPFV	V;3;SG;SBJV;PST;IPFV	V;1;PL;SBJV;PST;IPFV	V;2;PL;SBJV;PST;IPFV	V;3;PL;SBJV;PST;IPFV	V;2;SG;IMP	V;1;PL;IMP	V;2;PL;IMP	V;NFIN	V.PTCP;PST	V.CVB;PRS  ("-" = productive default)
abadalhar	abadalhe	-	-	-	-	-	abadalhava	-	-	abadalhaviam	abadalhaviatz	-	abadalhei	abadalheras	abadalhet	abadalhem	abadalheriatz	abadalheran	-	-	-	abadalharam	abadalharatz	-	abadalhariá	abadalhariàs	-	abadalharem	abadalharetz	-	-	-	-	abadalhassiam	abadalhassiatz	abadalhan	abadalhesse	-	abadalhesse	abadalhessiam	abadalhessiatz	abadalhesson	-	abadalhassiam	-	-	-	-
abarbar	abarbe	-	-	-	-	-	abarbava	-	-	abarbaviam	abarbaviatz	-	abarbei	abarberas	abarbet	abarbem	abarberiatz	abarberan	-	-	-	abarbaram	abarbaratz	-	abarbariá	abarbariàs	-	abarbarem	abarbaretz	-	-	-	-	abarbassiam	abarbassiatz	abarban	abarbesse	-	abarbesse	abarbessiam	abarbessiatz	abarbesson	-	abarbassiam	-	-	-	-
abarrejar	-	abarreges	-	-	-	-	abarrejava	-	-	abarrejaviam	abarrejaviatz	-	-	-	-	-	-	-	-	-	-	abarrejaram	abarrejaratz	-	abarrejariá	abarrejariàs	-	abarrejarem	abarrejaretz	-	-	-	-	-	-	-	-	-	-	-	-	-	-	-	-	-	-	-
abasar	abase	-	-	-	-	-	abasava	-	-	abasaviam	abasaviatz	-	abasei	abaseras	abaset	abasem	abaseriatz	abaseran	-	-	-	abasaram	abasaratz	-	abasariá	abasariàs	-	abasarem	abasaretz	-	-	-	-	abasassiam	abasassiatz	abasan	abasesse	-	abasesse	abasessiam	abasessiatz	abasesson	-	abasassiam	-	-	-	-
abaucar	-	-	-	-	-	-	abaucava	-	-	abaucaviam	abaucaviatz	-	-	-	-	-	-	-	-	-	-	abaucaram	abaucaratz	-	abaucariá	abaucariàs	-	abaucarem	abaucaretz	-	-	-	-	-	-	-	-	-	-	-	-	-	-	-	-	-	-	-
abdicar	-	-	-	-	-	-	abdicava	-	-	abdicaviam	abdicaviatz	-	-	-	-	-	-	-	-	-	-	abdicaram	abdicaratz	-	abdicariá	abdicariàs	-	abdicarem	abdicaretz	-	-	-	-	-	-	-	-	-	-	-	-	-	-	-	-	-	-	-
abecar	abece	-	-	-	-	-	abecava	-	-	abecaviam	abecaviatz	-	abecei	abeceras	abecet	abecem	abeceriatz	abeceran	-	-	-	abecaram	abecaratz	-	abecariá	abecariàs	-	abecarem	abecaretz	-	-	-	-	abecassiam	abecassiatz	abecan	abecesse	-	abecesse	abecessiam	abecessiatz	abecesson	-	abecassiam	-	-	-	-
abelar	abele	-	-	-	-	-	abelava	-	-	abelaviam	abelaviatz	-	abelei	abeleras	abelet	abelem	abeleriatz	abeleran	-	-	-	abelaram	abelaratz	-	abelariá	abelariàs	-	abelarem	abelaretz	-	-	-	-	abelassiam	abelassiatz	abelan	abelesse	-	abelesse	abelessiam	abelessiatz	abelesson	-	abelassiam	-	-	-	-
abenar	abene	-	-	-	-	-	abenava	-	-	abenaviam	abenaviatz	-	abenei	abeneras	abenet	abenem	abeneriatz	abeneran	-	-	-	abenaram	abenaratz	-	abenariá	abenariàs	-	abenarem	abenaretz	-	-	-	-	abenassiam	abenassiatz	abenan	abenesse	-	abenesse	abenessiam	abenessiatz	abenesson	-	abenassiam	-	-	-	-
abeurar	abeure	-	-	-	-	-	abeurava	-	-	abeuraviam	abeuraviatz	-	abeurei	abeureras	abeuret	abeurem	abeureriatz	abeureran	-	-	-	abeuraram	abeuraratz	-	abeurariá	abeurariàs	-	abeurarem	abeuraretz	-	-	-	-	abeurassiam	abeurassiatz	abeuran	abeuresse	-	abeuresse	abeuressiam	abeuressiatz	abeuresson	-	abeurassiam	-	-	-	-
abocar	-	-	-	-	-	-	abocava	-	-	abocaviam	abocaviatz	-	-	-	-	-	-	-	-	-	-	abocaram	abocaratz	-	abocariá	abocariàs	-	abocarem	abocaretz	-	-	-	-	-	-	-	-	-	-	-	-	-	-	-	-	-	-	-
abrandar	abrande	-	-	-	-	-	abrandava	-	-	abrandaviam	abrandaviatz	-	abrandei	abranderas	abrandet	abrandem	abranderiatz	abranderan	-	-	-	abrandaram	abrandaratz	-	abrandariá	abrandariàs	-	abrandarem	abrandaretz	-	-	-	-	abrandassiam	abrandassiatz	abrandan	abrandesse	-	abrandesse	abrandessiam	abrandessiatz	abrandesson	-	abrandassiam	-	-	-	-
acabar	acabe	-	-	-	-	-	acabava	-	-	acabaviam	acabaviatz	-	acabei	acaberas	acabet	acabem	acaberiatz	acaberan	-	-	-	acabaram	acabaratz	-	acabariá	acabariàs	-	acabarem	acabaretz	-	-	-	-	acabassiam	acabassiatz	acaban	acabesse	-	acabesse	acabessiam	acabessiatz	acabesson	-	acabassiam	-	-	-	-
agachar	agache	-	-	-	-	-	agachava	-	-	agachaviam	agachaviatz	-	agachei	agacheras	agachet	agachem	agacheriatz	agacheran	-	-	-	agacharam	agacharatz	-	agachariá	agachariàs	-	agacharem	agacharetz	-	-	-	-	agachassiam	agachassiatz	agachan	agachesse	-	agachesse	agachessiam	agachessiatz	agachesson	-	agachassiam	-	-	-	-
agantar	agante	-	-	-	-	-	agantava	-	-	agantaviam	agantaviatz	-	agantei	aganteras	agantet	agantem	aganteriatz	aganteran	-	-	-	agantaram	agantaratz	-	agantariá	agantariàs	-	agantarem	agantaretz	-	-	-	-	agantassiam	agantassiatz	agantan	agantesse	-	agantesse	agantessiam	agantessiatz	agantesson	-	agantassiam	-	-	-	-
agradar	agrade	-	-	-	-	-	agradava	-	-	agradaviam	agradaviatz	-	agradei	agraderas	agradet	agradem	agraderiatz	agraderan	-	-	-	agradaram	agradaratz	-	agradariá	agradariàs	-	agradarem	agradaretz	-	-	-	-	agradassiam	agradassiatz	agradan	agradesse	-	agradesse	agradessiam	agradessiatz	agradesson	-	agradassiam	-	-	-	-
alachar	alache	-	-	-	-	-	alachava	-	-	alachaviam	alachaviatz	-	alachei	alacheras	alachet	alachem	alacheriatz	alacheran	-	-	-	alacharam	alacharatz	-	alachariá	alachariàs	-	alacharem	alacharetz	-	-	-	-	alachassiam	alachassiatz	alachan	alachesse	-	alachesse	alachessiam	alachessiatz	alachesson	-	alachassiam	-	-	-	-
alaitar	alaite	-	-	-	-	-	alaitava	-	-	alaitaviam	alaitaviatz	-	alaitei	alaiteras	alaitet	alaitem	alaiteriatz	alaiteran	-	-	-	alaitaram	alaitaratz	-	alaitariá	alaitariàs	-	alaitarem	alaitaretz	-	-	-	-	alaitassiam	alaitassiatz	alaitan	alaitesse	-	alaitesse	alaitessiam	alaitessiatz	alaitesson	-	alaitassiam	-	-	-	-
alucar	-	-	-	-	-	-	alucava	-	-	alucaviam	alucaviatz	-	-	-	-	-	-	-	-	-	-	alucaram	alucaratz	-	alucariá	alucariàs	-	alucarem	alucaretz	-	-	-	-	-	-	-	-	-	-	-	-	-	-	-	-	-	-	-
alumar	alume	-	-	-	-	-	alumava	-	-	alumaviam	alumaviatz	-	alumei	alumeras	alumet	alumem	alumeriatz	alumeran	-	-	-	alumaram	alumaratz	-	alumariá	alumariàs	-	alumarem	alumaretz	-	-	-	-	alumassiam	alumassiatz	aluman	alumesse	-	alumesse	alumessiam	alumessiatz	alumesson	-	alumassiam	-	-	-	-
amagar	-	-	-	-	-	-	amagava	-	-	amagaviam	amagaviatz	-	-	-	-	-	-	-	-	-	-	amagaram	amagaratz	-	amagariá	amagariàs	-	amagarem	amagaretz	-	-	-	-	-	-	-	-	-	-	-	-	-	-	-	-	-	-	-
amaisar	amaise	-	-	-	-	-	amaisava	-	-	amaisaviam	amaisaviatz	-	amaisei	amaiseras	amaiset	amaisem	amaiseriatz	amaiseran	-	-	-	amaisaram	amaisaratz	-	amaisariá	amaisariàs	-	amaisarem	amaisaretz	-	-	-	-	amaisassiam	amaisassiatz	amaisan	amaisesse	-	amaisesse	amaisessiam	amaisessiatz	amaisesson	-	amaisassiam	-	-	-	-
amassar	amasse	-	-	-	-	-	amassava	-	-	amassaviam	amassaviatz	-	amassei	amasseras	amasset	amassem	amasseriatz	amasseran	-	-	-	amassaram	amassaratz	-	amassariá	amassariàs	-	amassarem	amassaretz	-	-	-	-	amassassiam	amassassiatz	amassan	amassesse	-	amassesse	amassessiam	amassessiatz	amassesson	-	amassassiam	-	-	-	-
anar	vau	vas	va	anèm	anètz	van	-	-	-	-	-	-	-	-	-	-	-	-	-	-	-	-	-	-	-	-	-	-	-	-	-	-	-	-	-	-	-	-	-	-	-	-	vai	-	-	-	-	-
ancorar	ancore	-	-	-	-	-	ancorava	-	-	ancoraviam	ancoraviatz	-	ancorei	ancoreras	ancoret	ancorem	ancoreriatz	ancoreran	-	-	-	ancoraram	ancoraratz	-	ancorariá	ancorariàs	-	ancorarem	ancoraretz	-	-	-	-	ancorassiam	ancorassiatz	ancoran	ancoresse	-	ancoresse	ancoressiam	ancoressiatz	ancoresson	-	ancorassiam	-	-	-	-
aparar	apare	-	-	-	-	-	aparava	-	-	aparaviam	aparaviatz	-	aparei	apareras	aparet	aparem	apareriatz	apareran	-	-	-	apararam	apararatz	-	aparariá	aparariàs	-	apararem	apararetz	-	-	-	-	aparassiam	aparassiatz	aparan	aparesse	-	aparesse	aparessiam	aparessiatz	aparesson	-	aparassiam	-	-	-	-
armar	arme	-	-	-	-	-	armava	-	-	armaviam	armaviatz	-	armei	armeras	armet	armem	armeriatz	armeran	-	-	-	armaram	armaratz	-	armariá	armariàs	-	armarem	armaretz	-	-	-	-	armassiam	armassiatz	arman	armesse	-	armesse	armessiam	armessiatz	armesson	-	armassiam	-	-	-	-
arpar	arpe	-	-	-	-	-	arpava	-	-	arpaviam	arpaviatz	-	arpei	arperas	arpet	arpem	arperiatz	arperan	-	-	-	arparam	arparatz	-	arpariá	arpariàs	-	arparem	arparetz	-	-	-	-	arpassiam	arpassiatz	arpan	arpesse	-	arpesse	arpessiam	arpessiatz	arpesson	-	arpassiam	-	-	-	-
arribar	arribe	-	-	-	-	-	arribava	-	-	arribaviam	arribaviatz	-	arribei	arriberas	arribet	arribem	arriberiatz	arriberan	-	-	-	arribaram	arribaratz	-	arribariá	arribariàs	-	arribarem	arribaretz	-	-	-	-	arribassiam	arribassiatz	arriban	arribesse	-	arribesse	arribessiam	arribessiatz	arribesson	-	arribassiam	-	-	-	-
arroïnar	arroïne	-	-	-	-	-	arroïnava	-	-	arroïnaviam	arroïnaviatz	-	arroïnei	arroïneras	arroïnet	arroïnem	arroïneriatz	arroïneran	-	-	-	arroïnaram	arroïnaratz	-	arroïnariá	arroïnariàs	-	arroïnarem	arroïnaretz	-	-	-	-	arroïnassiam	arroïnassiatz	arroïnan	arroïnesse	-	arroïnesse	arroïnessiam	arroïnessiatz	arroïnesson	-	arroïnassiam	-	-	-	-
asagar	-	-	-	-	-	-	asagava	-	-	asagaviam	asagaviatz	-	-	-	-	-	-	-	-	-	-	asagaram	asagaratz	-	asagariá	asagariàs	-	asagarem	asagaretz	-	-	-	-	-	-	-	-	-	-	-	-	-	-	-	-	-	-	-
asaigar	-	-	-	-	-	-	asaigava	-	-	asaigaviam	asaigaviatz	-	-	-	-	-	-	-	-	-	-	asaigaram	asaigaratz	-	asaigariá	asaigariàs	-	asaigarem	asaigaretz	-	-	-	-	-	-	-	-	-	-	-	-	-	-	-	-	-	-	-
asclar	ascle	-	-	-	-	-	asclava	-	-	asclaviam	asclaviatz	-	asclei	ascleras	asclet	asclem	ascleriatz	ascleran	-	-	-	asclaram	asclaratz	-	asclariá	asclariàs	-	asclarem	asclaretz	-	-	-	-	asclassiam	asclassiatz	asclan	asclesse	-	asclesse	asclessiam	asclessiatz	asclesson	-	asclassiam	-	-	-	-
assajar	-	assages	-	-	-	-	assajava	-	-	assajaviam	assajaviatz	-	-	-	-	-	-	-	-	-	-	assajaram	assajaratz	-	assajariá	assajariàs	-	assajarem	assajaretz	-	-	-	-	-	-	-	-	-	-	-	-	-	-	-	-	-	-	-
assanar	assane	-	-	-	-	-	assanava	-	-	assanaviam	assanaviatz	-	assanei	assaneras	assanet	assanem	assaneriatz	assaneran	-	-	-	assanaram	assanaratz	-	assanariá	assanariàs	-	assanarem	assanaretz	-	-	-	-	assanassiam	assanassiatz	assanan	assanesse	-	assanesse	assanessiam	assanessiatz	assanesson	-	assanassiam	-	-	-	-
assecar	-	-	-	-	-	-	assecava	-	-	assecaviam	assecaviatz	-	-	-	-	-	-	-	-	-	-	assecaram	assecaratz	-	assecariá	assecariàs	-	assecarem	assecaretz	-	-	-	-	-	-	-	-	-	-	-	-	-	-	-	-	-	-	-
assostar	assoste	-	-	-	-	-	assostava	-	-	assostaviam	assostaviatz	-	assostei	assosteras	assostet	assostem	assosteriatz	assosteran	-	-	-	assostaram	assostaratz	-	assostariá	assostariàs	-	assostarem	assostaretz	-	-	-	-	assostassiam	assostassiatz	assostan	assostesse	-	assostesse	assostessiam	assostessiatz	assostesson	-	assostassiam	-	-	-	-
assucar	-	-	-	-	-	-	assucava	-	-	assucaviam	assucaviatz	-	-	-	-	-	-	-	-	-	-	assucaram	assucaratz	-	assucariá	assucariàs	-	assucarem	assucaretz	-	-	-	-	-	-	-	-	-	-	-	-	-	-	-	-	-	-	-
atudar	atude	-	-	-	-	-	atudava	-	-	atudaviam	atudaviatz	-	atudei	atuderas	atudet	atudem	atuderiatz	atuderan	-	-	-	atudaram	atudaratz	-	atudariá	atudariàs	-	atudarem	atudaretz	-	-	-	-	atudassiam	atudassiatz	atudan	atudesse	-	atudesse	atudessiam	atudessiatz	atudesson	-	atudassiam	-	-	-	-
aturar	ature	-	-	-	-	-	aturava	-	-	aturaviam	aturaviatz	-	aturei	atureras	aturet	aturem	atureriatz	atureran	-	-	-	aturaram	aturaratz	-	aturariá	aturariàs	-	aturarem	aturaretz	-	-	-	-	aturassiam	aturassiatz	aturan	aturesse	-	aturesse	aturessiam	aturessiatz	aturesson	-	aturassiam	-	-	-	-
auçar	-	auces	-	-	-	-	auçava	-	-	auçaviam	auçaviatz	-	-	-	-	-	-	-	-	-	-	auçaram	auçaratz	-	auçariá	auçariàs	-	auçarem	auçaretz	-	-	-	-	-	-	-	-	-	-	-	-	-	-	-	-	-	-	-
aver	ai	as	a	avèm	avètz	an	aviái	aviás	aviá	aviam	aviatz	avián	aguèri	aguères	aguèt	aguèrem	aguèretz	aguèron	aurai	auràs	aurà	aurem	auretz	auràn	auriái	auriás	auriá	auriam	auriatz	aurián	aigui	-	aja	ajam	ajatz	ajan	aguèsse	-	aguèsse	aguèssem	aguèssetz	aguèsson	aigue	ajam	ajatz	aguer	agut	-
badalhar	badalhe	-	-	-	-	-	badalhava	-	-	badalhaviam	badalhaviatz	-	badalhei	badalheras	badalhet	badalhem	badalheriatz	badalheran	-	-	-	badalharam	badalharatz	-	badalhariá	badalhariàs	-	badalharem	badalharetz	-	-	-	-	badalhassiam	badalhassiatz	badalhan	badalhesse	-	badalhesse	badalhessiam	badalhessiatz	badalhesson	-	badalhassiam	-	-	-	-
bailejar	-	baileges	-	-	-	-	bailejava	-	-	bailejaviam	bailejaviatz	-	-	-	-	-	-	-	-	-	-	bailejaram	bailejaratz	-	bailejariá	bailejariàs	-	bailejarem	bailejaretz	-	-	-	-	-	-	-	-	-	-	-	-	-	-	-	-	-	-	-
balajar	-	balages	-	-	-	-	balajava	-	-	balajaviam	balajaviatz	-	-	-	-	-	-	-	-	-	-	balajaram	balajaratz	-	balajariá	balajariàs	-	balajarem	balajaretz	-	-	-	-	-	-	-	-	-	-	-	-	-	-	-	-	-	-	-
balhar	balhe	-	-	-	-	-	balhava	-	-	balhaviam	balhaviatz	-	balhei	balheras	balhet	balhem	balheriatz	balheran	-	-	-	balharam	balharatz	-	balhariá	balhariàs	-	balharem	balharetz	-	-	-	-	balhassiam	balhassiatz	balhan	balhesse	-	balhesse	balhessiam	balhessiatz	balhesson	-	balhassiam	-	-	-	-
banhar	banhe	-	-	-	-	-	banhava	-	-	banhaviam	banhaviatz	-	banhei	banheras	banhet	banhem	banheriatz	banheran	-	-	-	banharam	banharatz	-	banhariá	banhariàs	-	banharem	banharetz	-	-	-	-	banhassiam	banhassiatz	banhan	banhesse	-	banhesse	banhessiam	banhessiatz	banhesson	-	banhassiam	-	-	-	-
baratar	barate	-	-	-	-	-	baratava	-	-	barataviam	barataviatz	-	baratei	barateras	baratet	baratem	barateriatz	barateran	-	-	-	barataram	barataratz	-	baratariá	baratariàs	-	baratarem	barataretz	-	-	-	-	baratassiam	baratassiatz	baratan	baratesse	-	baratesse	baratessiam	baratessiatz	baratesson	-	baratassiam	-	-	-	-
barjacar	-	-	-	-	-	-	barjacava	-	-	barjacaviam	barjacaviatz	-	-	-	-	-	-	-	-	-	-	barjacaram	barjacaratz	-	barjacariá	barjacariàs	-	barjacarem	barjacaretz	-	-	-	-	-	-	-	-	-	-	-	-	-	-	-	-	-	-	-
barrar	barre	-	-	-	-	-	barrava	-	-	barraviam	barraviatz	-	barrei	barreras	barret	barrem	barreriatz	barreran	-	-	-	barraram	barraratz	-	barrariá	barrariàs	-	barrarem	barraretz	-	-	-	-	barrassiam	barrassiatz	barran	barresse	-	barresse	barressiam	barressiatz	barresson	-	barrassiam	-	-	-	-
barrejar	-	barreges	-	-	-	-	barrejava	-	-	barrejaviam	barrejaviatz	-	-	-	-	-	-	-	-	-	-	barrejaram	barrejaratz	-	barrejariá	barrejariàs	-	barrejarem	barrejaretz	-	-	-	-	-	-	-	-	-	-	-	-	-	-	-	-	-	-	-
barrutlar	barrutle	-	-	-	-	-	barrutlava	-	-	barrutlaviam	barrutlaviatz	-	barrutlei	barrutleras	barrutlet	barrutlem	barrutleriatz	barrutleran	-	-	-	barrutlaram	barrutlaratz	-	barrutlariá	barrutlariàs	-	barrutlarem	barrutlaretz	-	-	-	-	barrutlassiam	barrutlassiatz	barrutlan	barrutlesse	-	barrutlesse	barrutlessiam	barrutlessiatz	barrutlesson	-	barrutlassiam	-	-	-	-
bassacar	-	-	-	-	-	-	bassacava	-	-	bassacaviam	bassacaviatz	-	-	-	-	-	-	-	-	-	-	bassacaram	bassacaratz	-	bassacariá	bassacariàs	-	bassacarem	bassacaretz	-	-	-	-	-	-	-	-	-	-	-	-	-	-	-	-	-	-	-
beure	bevi	beves	beu	bevèm	bevètz	bevon	beviái	beviás	beviá	beviam	beviatz	bevián	beguèri	beguères	beguèt	beguèrem	beguèretz	beguèron	beurai	beuràs	beurà	beurem	beuretz	beuràn	beuriái	beuriás	beuriá	beuriam	beuriatz	beurián	bega	-	bega	bega	begatz	began	beguèsse	-	beguèsse	beguèssem	beguèssetz	beguèsson	beu	begam	bevètz	beure	begut	-
bolegar	-	-	-	-	-	-	bolegava	-	-	bolegaviam	bolegaviatz	-	-	-	-	-	-	-	-	-	-	bolegaram	bolegaratz	-	bolegariá	bolegariàs	-	bolegarem	bolegaretz	-	-	-	-	-	-	-	-	-	-	-	-	-	-	-	-	-	-	-
botar	bote	-	-	-	-	-	botava	-	-	botaviam	botaviatz	-	botei	boteras	botet	botem	boteriatz	boteran	-	-	-	botaram	botaratz	-	botariá	botariàs	-	botarem	botaretz	-	-	-	-	botassiam	botassiatz	botan	botesse	-	botesse	botessiam	botessiatz	botesson	-	botassiam	-	-	-	-
brembar	brembe	-	-	-	-	-	brembava	-	-	brembaviam	brembaviatz	-	brembei	bremberas	brembet	brembem	bremberiatz	bremberan	-	-	-	brembaram	brembaratz	-	brembariá	brembariàs	-	brembarem	brembaretz	-	-	-	-	brembassiam	brembassiatz	bremban	brembesse	-	brembesse	brembessiam	brembessiatz	brembesson	-	brembassiam	-	-	-	-
brilhar	brilhe	-	-	-	-	-	brilhava	-	-	brilhaviam	brilhaviatz	-	brilhei	brilheras	brilhet	brilhem	brilheriatz	brilheran	-	-	-	brilharam	brilharatz	-	brilhariá	brilhariàs	-	brilharem	brilharetz	-	-	-	-	brilhassiam	brilhassiatz	brilhan	brilhesse	-	brilhesse	brilhessiam	brilhessiatz	brilhesson	-	brilhassiam	-	-	-	-
bronzinar	bronzine	-	-	-	-	-	bronzinava	-	-	bronzinaviam	bronzinaviatz	-	bronzinei	bronzineras	bronzinet	bronzinem	bronzineriatz	bronzineran	-	-	-	bronzinaram	bronzinaratz	-	bronzinariá	bronzinariàs	-	bronzinarem	bronzinaretz	-	-	-	-	bronzinassiam	bronzinassiatz	bronzinan	bronzinesse	-	bronzinesse	bronzinessiam	bronzinessiatz	bronzinesson	-	bronzinassiam	-	-	-	-
brutlar	brutle	-	-	-	-	-	brutlava	-	-	brutlaviam	brutlaviatz	-	brutlei	brutleras	brutlet	brutlem	brutleriatz	brutleran	-	-	-	brutlaram	brutlaratz	-	brutlariá	brutlariàs	-	brutlarem	brutlaretz	-	-	-	-	brutlassiam	brutlassiatz	brutlan	brutlesse	-	brutlesse	brutlessiam	brutlessiatz	brutlesson	-	brutlassiam	-	-	-	-
bufar	bufe	-	-	-	-	-	bufava	-	-	bufaviam	bufaviatz	-	bufei	buferas	bufet	bufem	buferiatz	buferan	-	-	-	bufaram	bufaratz	-	bufariá	bufariàs	-	bufarem	bufaretz	-	-	-	-	bufassiam	bufassiatz	bufan	bufesse	-	bufesse	bufessiam	bufessiatz	bufesson	-	bufassiam	-	-	-	-
butar	bute	-	-	-	-	-	butava	-	-	butaviam	butaviatz	-	butei	buteras	butet	butem	buteriatz	buteran	-	-	-	butaram	butaratz	-	butariá	butariàs	-	butarem	butaretz	-	-	-	-	butassiam	butassiatz	butan	butesse	-	butesse	butessiam	butessiatz	butesson	-	butassiam	-	-	-	-
cabussar	cabusse	-	-	-	-	-	cabussava	-	-	cabussaviam	cabussaviatz	-	cabussei	cabusseras	cabusset	cabussem	cabusseriatz	cabusseran	-	-	-	cabussaram	cabussaratz	-	cabussariá	cabussariàs	-	cabussarem	cabussaretz	-	-	-	-	cabussassiam	cabussassiatz	cabussan	cabussesse	-	cabussesse	cabussessiam	cabussessiatz	cabussesson	-	cabussassiam	-	-	-	-
cacalassar	cacalasse	-	-	-	-	-	cacalassava	-	-	cacalassaviam	cacalassaviatz	-	cacalassei	cacalasseras	cacalasset	cacalassem	cacalasseriatz	cacalasseran	-	-	-	cacalassaram	cacalassaratz	-	cacalassariá	cacalassariàs	-	cacalassarem	cacalassaretz	-	-	-	-	cacalassassiam	cacalassassiatz	cacalassan	cacalassesse	-	cacalassesse	cacalassessiam	cacalassessiatz	cacalassesson	-	cacalassassiam	-	-	-	-
cachar	cache	-	-	-	-	-	cachava	-	-	cachaviam	cachaviatz	-	cachei	cacheras	cachet	cachem	cacheriatz	cacheran	-	-	-	cacharam	cacharatz	-	cachariá	cachariàs	-	cacharem	cacharetz	-	-	-	-	cachassiam	cachassiatz	cachan	cachesse	-	cachesse	cachessiam	cachessiatz	cachesson	-	cachassiam	-	-	-	-
cagar	-	-	-	-	-	-	cagava	-	-	cagaviam	cagaviatz	-	-	-	-	-	-	-	-	-	-	cagaram	cagaratz	-	cagariá	cagariàs	-	cagarem	cagaretz	-	-	-	-	-	-	-	-	-	-	-	-	-	-	-	-	-	-	-
calar	cale	-	-	-	-	-	calava	-	-	calaviam	calaviatz	-	calei	caleras	calet	calem	caleriatz	caleran	-	-	-	calaram	calaratz	-	calariá	calariàs	-	calarem	calaretz	-	-	-	-	calassiam	calassiatz	calan	calesse	-	calesse	calessiam	calessiatz	calesson	-	calassiam	-	-	-	-
caler	-	-	-	-	-	-	-	-	-	-	-	-	-	-	-	-	-	-	-	-	-	-	-	-	-	-	-	-	-	-	-	-	-	-	-	-	-	-	-	-	-	-	-	-	-	caler	calgut	-
calfar	calfe	-	-	-	-	-	calfava	-	-	calfaviam	calfaviatz	-	calfei	calferas	calfet	calfem	calferiatz	calferan	-	-	-	calfaram	calfaratz	-	calfariá	calfariàs	-	calfarem	calfaretz	-	-	-	-	calfassiam	calfassiatz	calfan	calfesse	-	calfesse	calfessiam	calfessiatz	calfesson	-	calfassiam	-	-	-	-
cantar	cante	-	-	-	-	-	cantava	-	-	cantaviam	cantaviatz	-	cantei	canteras	cantet	cantem	canteriatz	canteran	-	-	-	cantaram	cantaratz	-	cantariá	cantariàs	-	cantarem	cantaretz	-	-	-	-	cantassiam	cantassiatz	cantan	cantesse	-	cantesse	cantessiam	cantessiatz	cantesson	-	cantassiam	-	-	-	-
carrejar	-	carreges	-	-	-	-	carrejava	-	-	carrejaviam	carrejaviatz	-	-	-	-	-	-	-	-	-	-	carrejaram	carrejaratz	-	carrejariá	carrejariàs	-	carrejarem	carrejaretz	-	-	-	-	-	-	-	-	-	-	-	-	-	-	-	-	-	-	-
caufar	caufe	-	-	-	-	-	caufava	-	-	caufaviam	caufaviatz	-	caufei	cauferas	caufet	caufem	cauferiatz	cauferan	-	-	-	caufaram	caufaratz	-	caufariá	caufariàs	-	caufarem	caufaretz	-	-	-	-	caufassiam	caufassiatz	caufan	caufesse	-	caufesse	caufessiam	caufessiatz	caufesson	-	caufassiam	-	-	-	-
cavar	cave	-	-	-	-	-	cavava	-	-	cavaviam	cavaviatz	-	cavei	caveras	cavet	cavem	caveriatz	caveran	-	-	-	cavaram	cavaratz	-	cavariá	cavariàs	-	cavarem	cavaretz	-	-	-	-	cavassiam	cavassiatz	cavan	cavesse	-	cavesse	cavessiam	cavessiatz	cavesson	-	cavassiam	-	-	-	-
caçar	-	caces	-	-	-	-	caçava	-	-	caçaviam	caçaviatz	-	-	-	-	-	-	-	-	-	-	caçaram	caçaratz	-	caçariá	caçariàs	-	caçarem	caçaretz	-	-	-	-	-	-	-	-	-	-	-	-	-	-	-	-	-	-	-
caïnar	caïne	-	-	-	-	-	caïnava	-	-	caïnaviam	caïnaviatz	-	caïnei	caïneras	caïnet	caïnem	caïneriatz	caïneran	-	-	-	caïnaram	caïnaratz	-	caïnariá	caïnariàs	-	caïnarem	caïnaretz	-	-	-	-	caïnassiam	caïnassiatz	caïnan	caïnesse	-	caïnesse	caïnessiam	caïnessiatz	caïnesson	-	caïnassiam	-	-	-	-
cercar	-	-	-	-	-	-	cercava	-	-	cercaviam	cercaviatz	-	-	-	-	-	-	-	-	-	-	cercaram	cercaratz	-	cercariá	cercariàs	-	cercarem	cercaretz	-	-	-	-	-	-	-	-	-	-	-	-	-	-	-	-	-	-	-
chantar	chante	-	-	-	-	-	chantava	-	-	chantaviam	chantaviatz	-	chantei	chanteras	chantet	chantem	chanteriatz	chanteran	-	-	-	chantaram	chantaratz	-	chantariá	chantariàs	-	chantarem	chantaretz	-	-	-	-	chantassiam	chantassiatz	chantan	chantesse	-	chantesse	chantessiam	chantessiatz	chantesson	-	chantassiam	-	-	-	-
charrar	charre	-	-	-	-	-	charrava	-	-	charraviam	charraviatz	-	charrei	charreras	charret	charrem	charreriatz	charreran	-	-	-	charraram	charraratz	-	charrariá	charrariàs	-	charrarem	charraretz	-	-	-	-	charrassiam	charrassiatz	charran	charresse	-	charresse	charressiam	charressiatz	charresson	-	charrassiam	-	-	-	-
chucar	-	-	-	-	-	-	chucava	-	-	chucaviam	chucaviatz	-	-	-	-	-	-	-	-	-	-	chucaram	chucaratz	-	chucariá	chucariàs	-	chucarem	chucaretz	-	-	-	-	-	-	-	-	-	-	-	-	-	-	-	-	-	-	-
clavar	clave	-	-	-	-	-	clavava	-	-	clavaviam	clavaviatz	-	clavei	claveras	clavet	clavem	claveriatz	claveran	-	-	-	clavaram	clavaratz	-	clavariá	clavariàs	-	clavarem	clavaretz	-	-	-	-	clavassiam	clavassiatz	clavan	clavesse	-	clavesse	clavessiam	clavessiatz	clavesson	-	clavassiam	-	-	-	-
clavelar	clavele	-	-	-	-	-	clavelava	-	-	clavelaviam	clavelaviatz	-	clavelei	claveleras	clavelet	clavelem	claveleriatz	claveleran	-	-	-	clavelaram	clavelaratz	-	clavelariá	clavelariàs	-	clavelarem	clavelaretz	-	-	-	-	clavelassiam	clavelassiatz	clavelan	clavelesse	-	clavelesse	clavelessiam	clavelessiatz	clavelesson	-	clavelassiam	-	-	-	-
colcar	-	-	-	-	-	-	colcava	-	-	colcaviam	colcaviatz	-	-	-	-	-	-	-	-	-	-	colcaram	colcaratz	-	colcariá	colcariàs	-	colcarem	colcaretz	-	-	-	-	-	-	-	-	-	-	-	-	-	-	-	-	-	-	-
cosinar	cosine	-	-	-	-	-	cosinava	-	-	cosinaviam	cosinaviatz	-	cosinei	cosineras	cosinet	cosinem	cosineriatz	cosineran	-	-	-	cosinaram	cosinaratz	-	cosinariá	cosinariàs	-	cosinarem	cosinaretz	-	-	-	-	cosinassiam	cosinassiatz	cosinan	cosinesse	-	cosinesse	cosinessiam	cosinessiatz	cosinesson	-	cosinassiam	-	-	-	-
creire	cresi	creses	crei	cresèm	cresètz	creson	cresiái	cresiás	cresiá	cresiam	cresiatz	cresián	-	-	-	-	-	-	-	-	-	-	-	-	creiriái	creiriás	creiriá	creiriam	creiriatz	creirián	crega	-	crega	cregam	cregatz	cregan	creguèsse	-	creguèsse	creguèssem	creguèssetz	creguèsson	crei	cregam	cresètz	creire	cregut	-
cridar	cride	-	-	-	-	-	cridava	-	-	cridaviam	cridaviatz	-	cridei	crideras	cridet	cridem	crideriatz	crideran	-	-	-	cridaram	cridaratz	-	cridariá	cridariàs	-	cridarem	cridaretz	-	-	-	-	cridassiam	cridassiatz	cridan	cridesse	-	cridesse	cridessiam	cridessiatz	cridesson	-	cridassiam	-	-	-	-
crompar	crompe	-	-	-	-	-	crompava	-	-	crompaviam	crompaviatz	-	crompei	cromperas	crompet	crompem	cromperiatz	cromperan	-	-	-	cromparam	cromparatz	-	crompariá	crompariàs	-	cromparem	cromparetz	-	-	-	-	crompassiam	crompassiatz	crompan	crompesse	-	crompesse	crompessiam	crompessiatz	crompesson	-	crompassiam	-	-	-	-
créser	cresi	creses	cres	cresèm	cresètz	creson	cresiái	cresiás	cresiá	cresiam	cresiatz	cresián	-	-	-	-	-	-	-	-	-	-	-	-	cresriái	cresriás	cresriá	cresriam	cresriatz	cresrián	crega	-	crega	cregam	cregatz	cregan	creguèsse	-	creguèsse	creguèssem	creguèssetz	creguèsson	cres	cregam	cresètz	créser	cregut	-
càser	càsi	càses	càs	casèm	casètz	càson	casiái	casiás	casiá	casiam	casiatz	casián	-	-	-	-	-	-	-	-	-	-	-	-	casriái	casriás	casriá	casriam	casriatz	casrián	càsa	-	càsa	casam	casatz	càsan	casèsse	-	casèsse	casèssem	casèssetz	casèsson	càs	casam	casètz	càser	casut	-
daissar	daisse	-	-	-	-	-	daissava	-	-	daissaviam	daissaviatz	-	daissei	daisseras	daisset	daissem	daisseriatz	daisseran	-	-	-	daissaram	daissaratz	-	daissariá	daissariàs	-	daissarem	daissaretz	-	-	-	-	daissassiam	daissassiatz	daissan	daissesse	-	daissesse	daissessiam	daissessiatz	daissesson	-	daissassiam	-	-	-	-
davalar	davale	-	-	-	-	-	davalava	-	-	davalaviam	davalaviatz	-	davalei	davaleras	davalet	davalem	davaleriatz	davaleran	-	-	-	davalaram	davalaratz	-	davalariá	davalariàs	-	davalarem	davalaretz	-	-	-	-	davalassiam	davalassiatz	davalan	davalesse	-	davalesse	davalessiam	davalessiatz	davalesson	-	davalassiam	-	-	-	-
deure	devi	deves	deu	devèm	devètz	devon	deviái	deviás	deviá	deviam	deviatz	devián	deguèri	deguères	deguèt	deguèrem	deguèretz	deguèron	deurai	deuràs	deurà	deurem	deuretz	deuràn	deuriái	deuriás	deuriá	deuriam	deuriatz	deurián	dega	-	dega	degam	degatz	degan	deguèsse	-	deguèsse	deguèssem	deguèssetz	deguèsson	deu	degam	devètz	deure	degut	-
dever	devi	deves	deu	devèm	devètz	devon	deviái	deviás	deviá	deviam	deviatz	devián	deguèri	deguères	deguèt	deguèrem	deguèretz	deguèron	deurai	deuràs	deurà	deurem	deuretz	deuràn	deuriái	deuriás	deuriá	deuriam	deuriatz	deurián	dega	-	dega	degam	degatz	degan	deguèsse	-	deguèsse	deguèssem	deguèssetz	deguèsson	deu	degam	devètz	dever	degut	-
devinar	devine	-	-	-	-	-	devinava	-	-	devinaviam	devinaviatz	-	devinei	devineras	devinet	devinem	devineriatz	devineran	-	-	-	devinaram	devinaratz	-	devinariá	devinariàs	-	devinarem	devinaretz	-	-	-	-	devinassiam	devinassiatz	devinan	devinesse	-	devinesse	devinessiam	devinessiatz	devinesson	-	devinassiam	-	-	-	-
dintrar	dintre	-	-	-	-	-	dintrava	-	-	dintraviam	dintraviatz	-	dintrei	dintreras	dintret	dintrem	dintreriatz	dintreran	-	-	-	dintraram	dintraratz	-	dintrariá	dintrariàs	-	dintrarem	dintraretz	-	-	-	-	dintrassiam	dintrassiatz	dintran	dintresse	-	dintresse	dintressiam	dintressiatz	dintresson	-	dintrassiam	-	-	-	-
dire	dii	dises	ditz	disèm	disètz	dison	disia	disias	disiá	disiam	disiatz	disián	diguèri	diguères	diguèt	diguèrem	diguèretz	diguèron	dirai	diràs	dirà	direm	diretz	diràn	diriái	diriás	diriá	diriam	diriatz	dirián	diga	-	diga	digam	digatz	digan	diguèsse	-	diguèsse	diguèssem	diguèssetz	diguèsson	diga	digam	digatz	dire	dich	-
doblidar	doblide	-	-	-	-	-	doblidava	-	-	doblidaviam	doblidaviatz	-	doblidei	doblideras	doblidet	doblidem	doblideriatz	doblideran	-	-	-	doblidaram	doblidaratz	-	doblidariá	doblidariàs	-	doblidarem	doblidaretz	-	-	-	-	doblidassiam	doblidassiatz	doblidan	doblidesse	-	doblidesse	doblidessiam	doblidessiatz	doblidesson	-	doblidassiam	-	-	-	-
dobtar	dobte	-	-	-	-	-	dobtava	-	-	dobtaviam	dobtaviatz	-	dobtei	dobteras	dobtet	dobtem	dobteriatz	dobteran	-	-	-	dobtaram	dobtaratz	-	dobtariá	dobtariàs	-	dobtarem	dobtaretz	-	-	-	-	dobtassiam	dobtassiatz	dobtan	dobtesse	-	dobtesse	dobtessiam	dobtessiatz	dobtesson	-	dobtassiam	-	-	-	-
drelinar	dreline	-	-	-	-	-	drelinava	-	-	drelinaviam	drelinaviatz	-	drelinei	drelineras	drelinet	drelinem	drelineriatz	drelineran	-	-	-	drelinaram	drelinaratz	-	drelinariá	drelinariàs	-	drelinarem	drelinaretz	-	-	-	-	drelinassiam	drelinassiatz	drelinan	drelinesse	-	drelinesse	drelinessiam	drelinessiatz	drelinesson	-	drelinassiam	-	-	-	-
empachar	empache	-	-	-	-	-	empachava	-	-	empachaviam	empachaviatz	-	empachei	empacheras	empachet	empachem	empacheriatz	empacheran	-	-	-	empacharam	empacharatz	-	empachariá	empachariàs	-	empacharem	empacharetz	-	-	-	-	empachassiam	empachassiatz	empachan	empachesse	-	empachesse	empachessiam	empachessiatz	empachesson	-	empachassiam	-	-	-	-
empassar	empasse	-	-	-	-	-	empassava	-	-	empassaviam	empassaviatz	-	empassei	empasseras	empasset	empassem	empasseriatz	empasseran	-	-	-	empassaram	empassaratz	-	empassariá	empassariàs	-	empassarem	empassaretz	-	-	-	-	empassassiam	empassassiatz	empassan	empassesse	-	empassesse	empassessiam	empassessiatz	empassesson	-	empassassiam	-	-	-	-
empegar	-	-	-	-	-	-	empegava	-	-	empegaviam	empegaviatz	-	-	-	-	-	-	-	-	-	-	empegaram	empegaratz	-	empegariá	empegariàs	-	empegarem	empegaretz	-	-	-	-	-	-	-	-	-	-	-	-	-	-	-	-	-	-	-
emplegar	-	-	-	-	-	-	emplegava	-	-	emplegaviam	emplegaviatz	-	-	-	-	-	-	-	-	-	-	emplegaram	emplegaratz	-	emplegariá	emplegariàs	-	emplegarem	emplegaretz	-	-	-	-	-	-	-	-	-	-	-	-	-	-	-	-	-	-	-
emplenar	emplene	-	-	-	-	-	emplenava	-	-	emplenaviam	emplenaviatz	-	emplenei	empleneras	emplenet	emplenem	empleneriatz	empleneran	-	-	-	emplenaram	emplenaratz	-	emplenariá	emplenariàs	-	emplenarem	emplenaretz	-	-	-	-	emplenassiam	emplenassiatz	emplenan	emplenesse	-	emplenesse	emplenessiam	emplenessiatz	emplenesson	-	emplenassiam	-	-	-	-
enganar	engane	-	-	-	-	-	enganava	-	-	enganaviam	enganaviatz	-	enganei	enganeras	enganet	enganem	enganeriatz	enganeran	-	-	-	enganaram	enganaratz	-	enganariá	enganariàs	-	enganarem	enganaretz	-	-	-	-	enganassiam	enganassiatz	enganan	enganesse	-	enganesse	enganessiam	enganessiatz	enganesson	-	enganassiam	-	-	-	-
engeissar	engeisse	-	-	-	-	-	engeissava	-	-	engeissaviam	engeissaviatz	-	engeissei	engeisseras	engeisset	engeissem	engeisseriatz	engeisseran	-	-	-	engeissaram	engeissaratz	-	engeissariá	engeissariàs	-	engeissarem	engeissaretz	-	-	-	-	engeissassiam	engeissassiatz	engeissan	engeissesse	-	engeissesse	engeissessiam	engeissessiatz	engeissesson	-	engeissassiam	-	-	-	-
ensajar	-	ensages	-	-	-	-	ensajava	-	-	ensajaviam	ensajaviatz	-	-	-	-	-	-	-	-	-	-	ensajaram	ensajaratz	-	ensajariá	ensajariàs	-	ensajarem	ensajaretz	-	-	-	-	-	-	-	-	-	-	-	-	-	-	-	-	-	-	-
escafar	escafe	-	-	-	-	-	escafava	-	-	escafaviam	escafaviatz	-	escafei	escaferas	escafet	escafem	escaferiatz	escaferan	-	-	-	escafaram	escafaratz	-	escafariá	escafariàs	-	escafarem	escafaretz	-	-	-	-	escafassiam	escafassiatz	escafan	escafesse	-	escafesse	escafessiam	escafessiatz	escafesson	-	escafassiam	-	-	-	-
escampar	escampe	-	-	-	-	-	escampava	-	-	escampaviam	escampaviatz	-	escampei	escamperas	escampet	escampem	escamperiatz	escamperan	-	-	-	escamparam	escamparatz	-	escampariá	escampariàs	-	escamparem	escamparetz	-	-	-	-	escampassiam	escampassiatz	escampan	escampesse	-	escampesse	escampessiam	escampessiatz	escampesson	-	escampassiam	-	-	-	-
escobar	escobe	-	-	-	-	-	escobava	-	-	escobaviam	escobaviatz	-	escobei	escoberas	escobet	escobem	escoberiatz	escoberan	-	-	-	escobaram	escobaratz	-	escobariá	escobariàs	-	escobarem	escobaretz	-	-	-	-	escobassiam	escobassiatz	escoban	escobesse	-	escobesse	escobessiam	escobessiatz	escobesson	-	escobassiam	-	-	-	-
escotar	escote	-	-	-	-	-	escotava	-	-	escotaviam	escotaviatz	-	escotei	escoteras	escotet	escotem	escoteriatz	escoteran	-	-	-	escotaram	escotaratz	-	escotariá	escotariàs	-	escotarem	escotaretz	-	-	-	-	escotassiam	escotassiatz	escotan	escotesse	-	escotesse	escotessiam	escotessiatz	escotesson	-	escotassiam	-	-	-	-
escriure	escrivi	escrives	escriu	escrivèm	escrivètz	escrivon	escriviái	escriviás	escriviá	escriviam	escriviatz	escrivián	-	-	-	-	-	-	-	-	-	-	-	-	escriuriái	escriuriás	escriuriá	escriuriam	escriuriatz	escriurián	escriga	-	escrigas	escrigam	escrigatz	escrigan	escriguèsse	-	escriguèsse	escriguèssem	escriguèssetz	escriguèsson	escriu	escrigam	escrivètz	escriure	escrich	-
esperar	espere	-	-	-	-	-	esperava	-	-	esperaviam	esperaviatz	-	esperei	espereras	esperet	esperem	espereriatz	espereran	-	-	-	esperaram	esperaratz	-	esperariá	esperariàs	-	esperarem	esperaretz	-	-	-	-	esperassiam	esperassiatz	esperan	esperesse	-	esperesse	esperessiam	esperessiatz	esperesson	-	esperassiam	-	-	-	-
espetar	espete	-	-	-	-	-	espetava	-	-	espetaviam	espetaviatz	-	espetei	espeteras	espetet	espetem	espeteriatz	espeteran	-	-	-	espetaram	espetaratz	-	espetariá	espetariàs	-	espetarem	espetaretz	-	-	-	-	espetassiam	espetassiatz	espetan	espetesse	-	espetesse	espetessiam	espetessiatz	espetesson	-	espetassiam	-	-	-	-
espolsar	espolse	-	-	-	-	-	espolsava	-	-	espolsaviam	espolsaviatz	-	espolsei	espolseras	espolset	espolsem	espolseriatz	espolseran	-	-	-	espolsaram	espolsaratz	-	espolsariá	espolsariàs	-	espolsarem	espolsaretz	-	-	-	-	espolsassiam	espolsassiatz	espolsan	espolsesse	-	espolsesse	espolsessiam	espolsessiatz	espolsesson	-	espolsassiam	-	-	-	-
estofar	estofe	-	-	-	-	-	estofava	-	-	estofaviam	estofaviatz	-	estofei	estoferas	estofet	estofem	estoferiatz	estoferan	-	-	-	estofaram	estofaratz	-	estofariá	estofariàs	-	estofarem	estofaretz	-	-	-	-	estofassiam	estofassiatz	estofan	estofesse	-	estofesse	estofessiam	estofessiatz	estofesson	-	estofassiam	-	-	-	-
faire	fau	fas	fa	fasèm	fasètz	fan	fasiái	fasiás	fasiá	fasiam	fasiatz	fasián	faguèri	faguères	faguèt	faguèrem	faguèretz	faguèron	farai	faràs	farà	farem	faretz	faràn	fariái	fariás	fariá	fariam	fariatz	farián	faga	-	faga	fagam	fagatz	fagan	faguèsse	-	faguèsse	faguèssem	faguèssetz	faguèsson	fai	fagam	fasètz	fa	fach	-
fer	fau	fas	fa	fasèm	fasètz	fan	fasiái	fasiás	fasiá	fasiam	fasiatz	fasián	-	-	-	-	-	-	-	-	-	-	-	-	fariái	fariás	fariá	fariam	fariatz	farián	faga	-	faga	fagam	fagatz	fagan	faguèsse	-	faguèsse	faguèssem	faguèssetz	faguèsson	fai	fagam	fasètz	-	fach	-
girar	gire	-	-	-	-	-	girava	-	-	giraviam	giraviatz	-	girei	gireras	giret	girem	gireriatz	gireran	-	-	-	giraram	giraratz	-	girariá	girariàs	-	girarem	giraretz	-	-	-	-	girassiam	girassiatz	giran	giresse	-	giresse	giressiam	giressiatz	giresson	-	girassiam	-	-	-	-
ignorar	ignore	-	-	-	-	-	ignorava	-	-	ignoraviam	ignoraviatz	-	ignorei	ignoreras	ignoret	ignorem	ignoreriatz	ignoreran	-	-	-	ignoraram	ignoraratz	-	ignorariá	ignorariàs	-	ignorarem	ignoraretz	-	-	-	-	ignorassiam	ignorassiatz	ignoran	ignoresse	-	ignoresse	ignoressiam	ignoressiatz	ignoresson	-	ignorassiam	-	-	-	-
interdire	interdisi	interdises	interditz	interdisèm	interdisètz	interdison	interdisiái	interdisiás	interdisiá	interdisiam	interdisiatz	interdisián	-	-	-	-	-	-	-	-	-	-	-	-	interdiriái	interdiriás	interdiriá	interdiriam	interdiriatz	interdirián	interdiga	-	interdiga	interdigam	interdigatz	interdigan	interdiguèsse	-	interdiguèsse	interdiguèssem	interdiguèssetz	interdiguèsson	interdiga	interdigam	interdigatz	interdire	interdich	-
jurar	jure	-	-	-	-	-	jurava	-	-	juraviam	juraviatz	-	jurei	jureras	juret	jurem	jureriatz	jureran	-	-	-	juraram	juraratz	-	jurariá	jurariàs	-	jurarem	juraretz	-	-	-	-	jurassiam	jurassiatz	juran	juresse	-	juresse	juressiam	juressiatz	juresson	-	jurassiam	-	-	-	-
jutjar	-	jutges	-	-	-	-	jutjava	-	-	jutjaviam	jutjaviatz	-	-	-	-	-	-	-	-	-	-	jutjaram	jutjaratz	-	jutjariá	jutjariàs	-	jutjarem	jutjaretz	-	-	-	-	-	-	-	-	-	-	-	-	-	-	-	-	-	-	-
lavar	lave	-	-	-	-	-	lavava	-	-	lavaviam	lavaviatz	-	lavei	laveras	lavet	lavem	laveriatz	laveran	-	-	-	lavaram	lavaratz	-	lavariá	lavariàs	-	lavarem	lavaretz	-	-	-	-	lavassiam	lavassiatz	lavan	lavesse	-	lavesse	lavessiam	lavessiatz	lavesson	-	lavassiam	-	-	-	-
manjar	-	manges	-	-	-	-	manjava	-	-	manjaviam	manjaviatz	-	-	-	-	-	-	-	-	-	-	manjaram	manjaratz	-	manjariá	manjariàs	-	manjarem	manjaretz	-	-	-	-	-	-	-	-	-	-	-	-	-	-	-	-	-	-	-
marchar	marche	-	-	-	-	-	marchava	-	-	marchaviam	marchaviatz	-	marchei	marcheras	marchet	marchem	marcheriatz	marcheran	-	-	-	marcharam	marcharatz	-	marchariá	marchariàs	-	marcharem	marcharetz	-	-	-	-	marchassiam	marchassiatz	marchan	marchesse	-	marchesse	marchessiam	marchessiatz	marchesson	-	marchassiam	-	-	-	-
menar	mene	-	-	-	-	-	menava	-	-	menaviam	menaviatz	-	menei	meneras	menet	menem	meneriatz	meneran	-	-	-	menaram	menaratz	-	menariá	menariàs	-	menarem	menaretz	-	-	-	-	menassiam	menassiatz	menan	menesse	-	menesse	menessiam	menessiatz	menesson	-	menassiam	-	-	-	-
parlar	parle	-	-	-	-	-	parlava	-	-	parlaviam	parlaviatz	-	parlei	parleras	parlet	parlem	parleriatz	parleran	-	-	-	parlaram	parlaratz	-	parlariá	parlariàs	-	parlarem	parlaretz	-	-	-	-	parlassiam	parlassiatz	parlan	parlesse	-	parlesse	parlessiam	parlessiatz	parlesson	-	parlassiam	-	-	-	-
passar	passe	-	-	-	-	-	passava	-	-	passaviam	passaviatz	-	passei	passeras	passet	passem	passeriatz	passeran	-	-	-	passaram	passaratz	-	passariá	passariàs	-	passarem	passaretz	-	-	-	-	passassiam	passassiatz	passan	passesse	-	passesse	passessiam	passessiatz	passesson	-	passassiam	-	-	-	-
plorar	plore	-	-	-	-	-	plorava	-	-	ploraviam	ploraviatz	-	plorei	ploreras	ploret	plorem	ploreriatz	ploreran	-	-	-	ploraram	ploraratz	-	plorariá	plorariàs	-	plorarem	ploraretz	-	-	-	-	plorassiam	plorassiatz	ploran	ploresse	-	ploresse	ploressiam	ploressiatz	ploresson	-	plorassiam	-	-	-	-
poder	pòdi	pòdes	pòt	podèm	podètz	pòdon	podiái	podiás	podiá	podiam	podiatz	podián	poguèri	poguères	poguèt	poguèrem	poguèretz	poguèron	poirai	poiràs	poirà	poirem	poiretz	poiràn	poiriái	poiriás	poiriá	poiriam	poiriatz	poirián	pòsca	-	pòsca	poscam	poscatz	pòscan	poguèsse	-	poguèsse	poguèssem	poguèssetz	poguèsson	pòsca	poscam	poscatz	poder	pogut	-
proïbir	-	-	-	-	-	-	proïbissii	proïbissies	-	-	-	-	-	-	-	-	-	-	-	-	-	-	-	-	-	-	-	-	-	-	-	-	-	-	-	-	-	-	-	-	-	-	proïbisse	-	-	-	-	-
pujar	-	puges	-	-	-	-	pujava	-	-	pujaviam	pujaviatz	-	-	-	-	-	-	-	-	-	-	pujaram	pujaratz	-	pujariá	pujariàs	-	pujarem	pujaretz	-	-	-	-	-	-	-	-	-	-	-	-	-	-	-	-	-	-	-
remenar	remene	-	-	-	-	-	remenava	-	-	remenaviam	remenaviatz	-	remenei	remeneras	remenet	remenem	remeneriatz	remeneran	-	-	-	remenaram	remenaratz	-	remenariá	remenariàs	-	remenarem	remenaretz	-	-	-	-	remenassiam	remenassiatz	remenan	remenesse	-	remenesse	remenessiam	remenessiatz	remenesson	-	remenassiam	-	-	-	-
rosegar	-	-	-	-	-	-	rosegava	-	-	rosegaviam	rosegaviatz	-	-	-	-	-	-	-	-	-	-	rosegaram	rosegaratz	-	rosegariá	rosegariàs	-	rosegarem	rosegaretz	-	-	-	-	-	-	-	-	-	-	-	-	-	-	-	-	-	-	-
saber	-	-	sap	sabèm	sabètz	sabon	sabiái	sabiás	sabiá	sabiam	sabiatz	sabián	saupèri	saupères	saupèt	saupèrem	saupèretz	saupèron	sauprai	saupràs	sauprà	sauprem	saupretz	saupràn	saupriái	saupriás	saupriá	saupriam	saupriatz	sauprián	sàpia	-	sàpia	sapiam	sapiatz	sàpian	saupèsse	-	saupèsse	saupèssem	saupèssetz	saupèsson	sap	sapiam	sabètz	saber	sauput	-
salar	sale	-	-	-	-	-	salava	-	-	salaviam	salaviatz	-	salei	saleras	salet	salem	saleriatz	saleran	-	-	-	salaram	salaratz	-	salariá	salariàs	-	salarem	salaretz	-	-	-	-	salassiam	salassiatz	salan	salesse	-	salesse	salessiam	salessiatz	salesson	-	salassiam	-	-	-	-
sèire	sèsi	sèses	sèi	sesèm	sesètz	sèson	sesiái	sesiás	sesiá	sesiam	sesiatz	sesián	seguèri	seguères	seguèt	seguèrem	seguèretz	seguèron	seirai	seiràs	seirà	seirem	seiretz	seiràn	seiriái	seiriás	seiriá	seiriam	seiriatz	seirián	sèga	-	sèga	sègam	sègatz	sègan	seguèsse	-	seguèsse	seguèssem	seguèssetz	seguèsson	sèi	segam	sesètz	sèire	-	-
tapar	tape	-	-	-	-	-	tapava	-	-	tapaviam	tapaviatz	-	tapei	taperas	tapet	tapem	taperiatz	taperan	-	-	-	taparam	taparatz	-	tapariá	tapariàs	-	taparem	taparetz	-	-	-	-	tapassiam	tapassiatz	tapan	tapesse	-	tapesse	tapessiam	tapessiatz	tapesson	-	tapassiam	-	-	-	-
usar	use	-	-	-	-	-	usava	-	-	usaviam	usaviatz	-	usei	useras	uset	usem	useriatz	useran	-	-	-	usaram	usaratz	-	usariá	usariàs	-	usarem	usaretz	-	-	-	-	usassiam	usassiatz	usan	usesse	-	usesse	usessiam	usessiatz	usesson	-	usassiam	-	-	-	-
veire	vesi	veses	vei	vesèm	vesètz	veson	vesiái	vesiás	vesiá	vesiam	vesiatz	vesián	-	-	-	-	-	-	-	-	-	-	-	-	veiriái	veiriás	veiriá	veiriam	veiriatz	veirián	veja	-	veja	vejam	vejatz	vejan	vegèsse	-	vegèsse	veguessiam	veguessiatz	vegèsson	veja	vejam	vejatz	veire	vist	-
venir	veni	venes	ven	venèm	venètz	venon	veniái	veniás	veniá	veniam	veniatz	venián	venguèri	venguères	venguèt	venguèrem	venguèretz	venguèron	vendrai	vendràs	vendrà	vendrem	vendretz	vendràn	vendriái	vendriás	vendriá	vendriam	vendriatz	vendrián	venga	-	venga	vengam	vengatz	vengan	venguèsse	-	venguèsse	venguèssem	venguèssetz	venguèsson	vèni	vengam	venètz	-	vengut	-
viure	vivi	vives	viu	vivèm	vivètz	vivon	viviái	viviás	viviá	viviam	viviatz	vivián	-	-	-	-	-	-	-	-	-	-	-	-	viuriái	viuriás	viuriá	viuriam	viuriatz	viurián	visca	-	visca	viscam	viscatz	viscan	visquèsse	-	visquèsse	visquèssem	visquèssetz	visquèssen	viu	viscam	vivètz	viure	viscut	-
voler	vòli	vòles	vòl	volèm	volètz	vòlon	voliái	voliás	voliá	voliam	voliatz	volián	volguèri	volguères	volguèt	volguèrem	volguèretz	volguèron	-	-	-	-	-	-	-	-	-	-	-	-	vòlga	-	vòlga	volgam	volgatz	vòlgan	volguèsse	-	volguèsse	volguèssem	volguèssetz	volguèsson	vòlga	volgam	volgatz	voler	volgut	-
véser	vesi	veses	ves	vesèm	vesètz	veson	vesiái	vesiás	vesiá	vesiam	vesiatz	vesián	-	-	-	-	-	-	-	-	-	-	-	-	vesriái	vesriás	vesriá	vesriam	vesriatz	vesrián	veja	-	veja	vejam	vejatz	vejan	vegèsse	-	vegèsse	vegèssem	vegèssetz	vegèsson	veja	vejam	vejatz	véser	vist	-
èsser	soi	-	es	sèm	sètz	son	èri	èras	èra	èrem	èretz	èran	foguèri	foguères	foguèt	foguèrem	foguèretz	foguèron	serai	seràs	serà	serem	seretz	seràn	seriái	seriás	seriá	seriam	seriatz	serián	siá	-	siá	siam	siatz	sián	foguèsse	-	foguèsse	foguèssem	foguèssetz	foguèssen	siá	siam	siatz	èsser	estat	-
