# Norwegian Bokmål mined principal parts. Columns: lemma, present, past, past_participle, imperative, present_participle, present_passive.
# '-' = the productive default in src/nob.rs; '|' separates variants.
abandonere	-	abandonerte	abandonert	-	-	-
abbreviere	-	abbrevierte	abbreviert	-	-	-
abdisere	-	abdiserte	abdisert	-	-	-
abdusere	-	abduserte	abdusert	-	-	-
abolere	-	abolerte	abolert	-	-	-
abonnere	-	abonnerte	abonnert	-	-	-
abordere	-	aborderte	abordert	-	-	-
abortere	-	aborterte	abortert	-	-	-
absentere	-	absenterte	absentert	-	-	-
absoluttere	-	absolutterte	absoluttert	-	-	-
absolvere	-	absolverte	absolvert	-	-	-
absorbere	-	absorberte	absorbert	-	-	-
abstinere	-	abstinerte	abstinert	-	-	-
abstrahere	-	abstraherte	abstrahert	-	-	-
addere	-	adderte	addert	-	-	-
administrere	-	administrerte	administrert	-	-	-
adoptere	-	adopterte	adoptert	-	-	-
adressere	-	adresserte	adressert	-	-	-
adskille	-	adskilte	adskilt	-	-	-
advare	-	advarte	advart	-	-	-
advisere	-	adviserte	advisert	-	-	-
affektere	-	affekterte	affektert	-	-	-
ajourføre	-	ajourførte	ajourført	-	-	-
ajournere	-	ajournerte	ajournert	-	-	-
akklimatisere	-	akklimatiserte	akklimatisert	-	-	-
akkompagnere	-	akkompagnerte	akkompagnert	-	-	-
akselerere	-	akselererte	akselerert	-	-	-
akseptere	-	aksepterte	akseptert	-	-	-
aksjonere	-	aksjonerte	aksjonert	-	-	-
aktivere	-	aktiverte	aktivert	-	-	-
aktivisere	-	aktiviserte	aktivisert	-	-	-
alarmere	-	alarmerte	alarmert	-	-	-
albue	-	albua|albuet	albua|albuet	albu	-	-
alliere	-	allierte	alliert	-	-	-
allokere	-	allokerte	allokert	-	-	-
alternere	-	alternerte	alternert	-	-	-
amerikanisere	-	amerikaniserte	amerikanisert	-	-	-
amme	-	-	-	am	-	-
amputere	-	amputerte	amputert	-	-	-
analysere	-	analyserte	analysert	-	-	-
anbefale	-	anbefalte	anbefalt	-	-	-
ane	-	ante	ant	-	-	-
anerkjenne	-	anerkjente	anerkjent	-	-	-
angi	-	anga|angav	angitt	-	-	-
anglifisere	-	anglifiserte	anglifisert	-	-	-
angripe	-	angreip|angrep	angrepet	-	-	-
ankomme	-	ankom	-	ankom	-	-
anlegge	-	anla	anlagt	-	-	-
anløpe	-	anløp	-	-	-	-
anmelde	-	anmeldte	anmeldt	-	-	-
annektere	-	annekterte	annektert	-	-	-
annonsere	-	annonserte	annonsert	-	-	-
annullere	-	annullerte	annullert	-	-	-
anse	-	anså	ansett	anse	anseende	-
ansette	-	ansatte	ansatt	-	-	-
anslå	-	anslo	anslått	-	-	-
anstrenge	-	anstrengte	anstrengt	-	-	-
anta	-	antok	antatt	-	antakende	-
antenne	-	antente	antent	-	-	-
anvende	-	anvendte	anvendt	-	-	-
anvise	-	anviste	anvist	-	-	-
arbeidsbok	arbeider	arbeida|arbeidde|arbeidet	arbeida|arbeidd|arbeidet	arbeid	arbeidende	-
argumentere	-	argumenterte	argumentert	-	-	-
arkivere	-	arkiverte	arkivert	-	-	-
arrangere	-	arrangerte	arrangert	-	-	-
arrestere	-	arresterte	arrestert	-	-	-
artikulere	-	artikulerte	artikulert	-	-	-
asfaltere	-	asfalterte	asfaltert	-	-	-
assimilere	-	assimilerte	assimilert	-	-	-
assistere	-	assisterte	assistert	-	-	-
assosiere	-	assosierte	assosiert	-	-	-
atskille	-	atskilte	atskilt	-	-	-
attrå	-	attrådde	attrådd	-	-	-
auksjonere	-	auksjonerte	auksjonert	-	-	-
automatisere	-	automatiserte	automatisert	-	-	-
autorisere	-	autoriserte	autorisert	-	-	-
avansere	-	avanserte	avansert	-	-	-
avbetale	-	avbetalte	avbetalt	-	-	-
avbryte	-	avbrøt|avbrøyt	avbrutt	-	-	-
avdele	-	avdelte	avdelt	-	-	-
avduke	-	-	-	avduke	-	-
avfyre	-	avfyrte	avfyrt	-	-	-
avføde	-	avfødte	avfødt	-	-	-
avgi	-	avga|avgav	avgitt	-	-	-
avgjøre	avgjør	avgjorde	avgjort	-	-	-
avgå	-	avgikk	avgått	-	-	-
avhenge	-	avhang	avhengt	-	-	-
avhjelpe	-	avhjalp	avhjulpet	-	-	-
avholde	-	avholdt	avholdt	-	-	-
avhøre	-	avhørte	avhørt	-	-	-
avkjøle	-	avkjølte	avkjølt	-	-	-
avklare	-	avklarte	avklart	-	-	-
avkriminalisere	-	avkriminaliserte	avkriminalisert	-	-	-
avlese	-	avleste	avlest	-	-	-
avlevere	-	avleverte	avlevert	-	-	-
avlyse	-	avlyste	avlyst	-	-	-
avløse	-	avløste	avløst	-	-	-
avmystifisere	-	avmystifiserte	avmystifisert	-	-	-
avsette	-	avsatte	avsatt	-	-	-
avsi	avsier	avsa	avsagt	-	-	avsies
avskjære	-	avskar	avskåret	-	-	-
avsky	-	avskydde	avskydd	-	-	-
avslå	-	avslo	avslått	-	-	-
avta	-	avtok	avtatt	-	avtakende	-
avtale	-	avtalte	avtalt	-	-	-
avvike	-	avveik|avvek	avveket	-	-	-
avvise	-	avviste	avvist	-	-	-
bake	-	bakte	bakt	-	-	-
balansere	-	balanserte	balansert	-	-	-
bannlyse	-	bannlyste	bannlyst	-	-	-
barbere	-	barberte	barbert	-	-	-
barrikadere	-	barrikaderte	barrikadert	-	-	-
basere	-	baserte	basert	-	-	-
bebo	-	bebodde	bebodd	-	-	-
bede	-	bad	bedt	-	-	-
bedømme	-	bedømte	bedømt	bedøm	-	-
befinne	-	befant	befunnet	-	-	-
befri	-	befridde	befridd	-	-	-
begi	-	bega|begav	begitt	-	-	-
beglo	-	beglodde	beglodd	-	-	-
begripe	-	begreip|begrep	begrepet	-	-	-
begynne	-	begynte	begynt	-	-	-
begå	-	begikk	begått	-	-	-
beholde	-	beholdt	beholdt	-	-	-
behøve	-	behøvde	behøvd	-	-	-
bekjentgjøre	bekjentgjør	bekjentgjorde	bekjentgjort	-	-	-
belegge	-	bela	belagt	-	-	-
belyse	-	belyste	belyst	-	-	-
beløpe	-	beløp	-	-	-	-
benevne	-	benevnte	benevnt	-	-	-
berøre	-	berørte	berørt	-	-	-
besette	-	besatte	besatt	-	-	-
besitte	-	besatt	-	-	-	-
beskjære	-	beskar	beskåret	-	-	-
beskrive	-	beskreiv|beskrev	beskrevet	-	-	-
beskue	-	beskua|beskuet	beskua|beskuet	besku	-	-
beskylde	-	beskyldte	beskyldt	-	-	-
beslå	-	beslo	beslått	-	-	-
bestemme	-	bestemte	bestemt	bestem	-	-
bestige	-	besteg|besteig	besteget	-	-	-
bestille	-	bestilte	bestilt	-	-	-
bestride	-	bestred|bestrei|bestridde	bestridd|bestridt	-	-	-
bestråle	-	bestrålte	bestrålt	-	-	-
bestå	-	besto|bestod	bestått	-	-	-
besvare	-	besvarte	besvart	-	-	-
besvime	-	besvimte	besvimt	-	-	-
besynge	-	besang	besunget	-	-	-
besøke	-	besøkte	besøkt	-	-	-
betale	-	betalte	betalt	-	-	-
betjene	-	betjente	betjent	-	-	-
betvile	-	betvilte	betvilt	-	-	-
bety	-	betydde|betød	betydd	-	-	-
bevare	-	bevarte	bevart	-	-	-
bevise	-	beviste	bevist	-	-	-
bidra	-	bidro|bidrog	bidradd|bidratt	-	bidragende	-
bie	-	bia|bidde|biet	bia|bidd|biet	-	-	-
binde	-	bandt	bundet	-	-	-
bistå	-	bisto|bistod	bistått	-	-	-
bite	-	beit|bet	bitt	-	-	-
bli	-	ble|blei	blitt	-	blivende	-
blive	-	bleiv|blev	blitt	-	-	-
blokkere	-	blokkerte	blokkert	-	-	-
blåse	-	blåste	blåst	-	-	-
blø	-	blødde	blødd	-	-	-
bolt	bolter	-	-	-	-	boltes
bombardere	-	bombarderte	bombardert	-	-	-
bomme	-	-	-	bom	-	-
bortføre	-	bortførte	bortført	-	-	-
bortvise	-	bortviste	bortvist	-	-	-
bosette	-	bosatte	bosatt	-	-	-
bre	-	bredde|bredte	bredd|bredt	bre	breende	-
brekke	-	brakk	brukket	-	-	-
brenne	-	brant|brente	brent	-	-	-
bringe	-	bragte|brakte	bragt|brakt	-	-	-
briste	-	brast	-	-	-	-
brodere	-	broderte	brodert	-	-	-
bruke	-	brukte	brukt	-	-	-
bry	-	brydde|brød	brydd	-	-	-
bryte	-	brøt|brøyt	brutt	-	-	-
brøle	-	brølte	brølt	-	-	-
budsjettere	-	budsjetterte	budsjettert	-	-	-
burde	bør	burde	-	-	-	-
bære	-	bar	båret	-	-	-
bøtelegge	-	bøtela	bøtelagt	-	-	-
bøye	-	bøyde|bøyet	bøyd|bøyet	bøy	-	-
cosplaye	-	cosplaya|cosplayet	cosplaya|cosplayet	cosplay	-	-
date	-	-	-	date	-	-
datere	-	daterte	datert	-	-	-
deaktivere	-	deaktiverte	deaktivert	-	-	-
debattere	-	debatterte	debattert	-	-	-
debitere	-	debiterte	debitert	-	-	-
debutere	-	debuterte	debutert	-	-	-
dedikere	-	dedikerte	dedikert	-	-	-
dedisere	-	dediserte	dedisert	-	-	-
definere	-	definerte	definert	-	-	-
deformere	-	deformerte	deformert	-	-	-
dehydrere	-	dehydrerte	dehydrert	-	-	-
deklarere	-	deklarerte	deklarert	-	-	-
dekontaminere	-	dekontaminerte	dekontaminert	-	-	-
dekorere	-	dekorerte	dekorert	-	-	-
dele	-	delte	delt	-	-	-
delegere	-	delegerte	delegert	-	-	-
delta	-	deltok	deltatt	-	deltakende	-
demilitarisere	-	demilitariserte	demilitarisert	-	-	-
demme	-	-	-	dem	-	-
demonisere	-	demoniserte	demonisert	-	-	-
demonstrere	-	demonstrerte	demonstrert	-	-	-
demontere	-	demonterte	demontert	-	-	-
demoralisere	-	demoraliserte	demoralisert	-	-	-
denotere	-	denoterte	denotert	-	-	-
deponere	-	deponerte	deponert	-	-	-
deportere	-	deporterte	deportert	-	-	-
derivere	-	deriverte	derivert	-	-	-
desarmere	-	desarmerte	desarmert	-	-	-
desensitivisere	-	desensitiviserte	desensitivisert	-	-	-
desentralisere	-	desentraliserte	desentralisert	-	-	-
desertere	-	deserterte	desertert	-	-	-
desillusjonere	-	desillusjonerte	desillusjonert	-	-	-
desinfisere	-	desinfiserte	desinfisert	-	-	-
destabilisere	-	destabiliserte	destabilisert	-	-	-
destillere	-	destillerte	destillert	-	-	-
destruere	-	destruerte	destruert	-	-	-
detektere	-	detekterte	detektert	-	-	-
detonere	-	detonerte	detonert	-	-	-
diagnostisere	-	diagnostiserte	diagnostisert	-	-	-
die	-	dia|diet	dia|diet	di	-	-
differensiere	-	differensierte	differensiert	-	-	-
diffundere	-	diffunderte	diffundert	-	-	-
digitalisere	-	digitaliserte	digitalisert	-	-	-
diktere	-	dikterte	diktert	-	-	-
dimensjonere	-	dimensjonerte	dimensjonert	-	-	-
dirigere	-	dirigerte	dirigert	-	-	-
diskriminere	-	diskriminerte	diskriminert	-	-	-
diskutere	-	diskuterte	diskutert	-	-	-
diskvalifisere	-	diskvalifiserte	diskvalifisert	-	-	-
disponere	-	disponerte	disponert	-	-	-
dissekere	-	dissekerte	dissekert	-	-	-
dissosiere	-	dissosierte	dissosiert	-	-	-
distansere	-	distanserte	distansert	-	-	-
distrahere	-	distraherte	distrahert	-	-	-
distribuere	-	distribuerte	distribuert	-	-	-
divergere	-	divergerte	divergert	-	-	-
diversifisere	-	diversifiserte	diversifisert	-	-	-
dividere	-	dividerte	dividert	-	-	-
dokumentere	-	dokumenterte	dokumentert	-	-	-
domestisere	-	domestiserte	domestisert	-	-	-
dominere	-	dominerte	dominert	-	-	-
donere	-	donerte	donert	-	-	-
dra	-	dro|drog	dradd|dratt	-	dragende	-
drage	-	dro|drog	-	-	-	-
dramatisere	-	dramatiserte	dramatisert	-	-	-
dreie	-	dreia|dreide|dreiet	dreia|dreid|dreiet	drei	-	-
drenere	-	drenerte	drenert	-	-	-
drepe	-	drepte	drept	-	-	-
drikke	-	drakk	drukket	-	-	-
drite	-	dreit|dret	-	-	-	-
drive	-	dreiv|drev	drevet	-	-	-
drømme	-	drømte	drømt	drøm	-	-
drøse	-	drøste	drøst	-	-	-
due	-	duet	duet	du	-	-
dypfryse	-	dypfrøs	dypfrosset	-	-	-
dømme	-	dømte	dømt	døm	-	-
døpe	-	døpte	døpt	-	-	-
effektivisere	-	effektiviserte	effektivisert	-	-	-
eie	-	eide|eiet|åtte	eid|eiet|ått	ei	-	-
ejakulere	-	ejakulerte	ejakulert	-	-	-
eksaminere	-	eksaminerte	eksaminert	-	-	-
eksemplifisere	-	eksemplifiserte	eksemplifisert	-	-	-
eksistere	-	eksisterte	eksistert	-	-	-
eksitere	-	eksiterte	eksitert	-	-	-
ekskludere	-	ekskluderte	ekskludert	-	-	-
ekspandere	-	ekspanderte	ekspandert	-	-	-
eksperimentere	-	eksperimenterte	eksperimentert	-	-	-
eksploatere	-	eksploaterte	eksploatert	-	-	-
eksplodere	-	eksploderte	eksplodert	-	-	-
eksponere	-	eksponerte	eksponert	-	-	-
eksportere	-	eksporterte	eksportert	-	-	-
ekstrahere	-	ekstraherte	ekstrahert	-	-	-
eldes	-	eldedes	eldes	-	-	-
elektrifisere	-	elektrifiserte	elektrifisert	-	-	-
eliminere	-	eliminerte	eliminert	-	-	-
embarkere	-	embarkerte	embarkert	-	-	-
emigrere	-	emigrerte	emigrert	-	-	-
emittere	-	emitterte	emittert	-	-	-
ende	-	endte	endt	-	-	-
engasjere	-	engasjerte	engasjert	-	-	-
erfare	-	erfarte	erfart	-	-	-
erigere	-	erigerte	erigert	-	-	-
erkjenne	-	erkjente	erkjent	-	-	-
erklære	-	erklærte	erklært	-	-	-
erodere	-	eroderte	erodert	-	-	-
eskalere	-	eskalerte	eskalert	-	-	-
estimere	-	estimerte	estimert	-	-	-
etablere	-	etablerte	etablert	-	-	-
ete	-	åt	ett	-	-	-
etterfylle	-	etterfylte	etterfylt	-	-	-
etterfølge	-	etterfulgte	etterfulgt	-	-	-
etterlate	-	etterlot	etterlatt	-	-	-
etterleve	-	etterlevde	etterlevd	-	-	-
etterse	-	etterså	ettersett	etterse	-	-
evakuere	-	evakuerte	evakuert	-	-	-
evaluere	-	evaluerte	evaluert	-	-	-
fabrikkere	-	fabrikkerte	fabrikkert	-	-	-
falle	-	falt	falt	-	-	-
fantasere	-	fantaserte	fantasert	-	-	-
fare	-	for	fart	-	-	-
fargelegge	-	fargela	fargelagt	-	-	-
fascinere	-	fascinerte	fascinert	-	-	-
fasinere	-	fasinerte	fasinert	-	-	-
fastlegge	-	fastla	fastlagt	-	-	-
fastsette	-	fastsatte	fastsatt	-	-	-
fastslå	-	fastslo	fastslått	-	-	-
fattes	-	fattedes	-	-	-	-
favorisere	-	favoriserte	favorisert	-	-	-
feie	-	feia|feide|feiet	feia|feid|feiet	fei	-	-
felle	-	felte	felt	-	-	-
ferdes	-	ferdedes	ferdes	-	-	-
ferdigstille	-	ferdigstilte	ferdigstilt	-	-	-
feriere	-	ferierte	feriert	-	-	-
fiksjonalisere	-	fiksjonaliserte	fiksjonalisert	-	-	-
filetere	-	fileterte	filetert	-	-	-
filmatisere	-	filmatiserte	filmatisert	-	-	-
filosofere	-	filosoferte	filosofert	-	-	-
filtrere	-	filtrerte	filtrert	-	-	-
finansiere	-	finansierte	finansiert	-	-	-
finjustere	-	finjusterte	finjustert	-	-	-
finne	-	fant	funnet	-	-	-
finnes	-	fans|fantes	funnes	-	-	-
fise	-	feis|fes|fiste	feset|fist	-	-	-
fjernstyre	-	fjernstyrte	fjernstyrt	-	-	-
flamme	-	-	-	flam	-	-
flankere	-	flankerte	flankert	-	-	-
flokkes	-	flokkedes|floktes	-	-	-	-
flombelyse	-	flombelyste	flombelyst	-	-	-
flomme	-	-	-	flom	-	-
fluktuere	-	fluktuerte	fluktuert	-	-	-
fly	-	fløy	flydd|fløyet	-	-	-
flyge	-	fløy	fløyet	-	-	-
flyte	-	fløt|fløyt	flytt	-	-	-
flå	-	flådde	flådd	-	-	-
fokusere	-	fokuserte	fokusert	-	-	-
forbeholde	-	forbeholdt	forbeholdt	-	-	-
forberede	-	forberedte	forberedt	-	-	-
forbigå	-	forbigikk	forbigått	-	-	-
forbinde	-	forbandt	forbundet	-	-	-
forbli	-	forble|forblei	forblitt	-	forblivende	-
forblø	-	forblødde	forblødd	-	-	-
forbrenne	-	forbrant	forbrent	-	-	-
forbruke	-	forbrukte	forbrukt	-	-	-
forby	-	forbydde|forbød|forbøy	forbudt|forbydd	-	-	-
fordele	-	fordelte	fordelt	-	-	-
fordra	-	-	-	-	fordragende	-
fordrive	-	fordreiv|fordrev	fordrevet	-	-	-
fordømme	-	fordømte	fordømt	fordøm	-	-
fordøye	-	fordøya|fordøyde|fordøyet	fordøya|fordøyd|fordøyet	fordøy	-	-
foregripe	-	foregreip|foregrep	foregrepet	-	-	-
foregå	-	foregikk	foregått	-	-	-
forekomme	-	forekom	-	-	-	-
foreldes	-	foreldedes	foreldes	-	-	-
forelegge	-	forela	forelagt	-	-	-
foreligge	-	forelå	-	-	-	-
foreskrive	-	foreskreiv|foreskrev	foreskrevet	-	-	-
foreslå	-	foreslo	foreslått	-	-	-
forespørre	forespør	forespurte	forespurt	forespør	-	-
forestille	-	forestilte	forestilt	-	-	-
forestå	-	foresto|forestod	forestått	-	-	-
foreta	-	foretok	foretatt	-	foretakende	-
foretrekke	-	foretrakk	foretrukket	-	-	-
forfalle	-	forfalt	forfalt	-	-	-
forfremme	-	-	-	forfrem	-	-
forfølge	-	forfulgte	forfulgt	-	-	-
forføre	-	forførte	forført	-	-	-
forholde	-	forholdt	forholdt	-	-	-
forhåndsbetale	-	forhåndsbetalte	forhåndsbetalt	-	-	-
forhåndsprogrammere	-	forhåndsprogrammerte	forhåndsprogrammert	-	-	-
forhøye	-	forhøya|forhøyde|forhøyet	forhøya|forhøyd|forhøyet	forhøy	-	-
forklare	-	forklarte	forklart	-	-	-
forkle	-	forkledde	forkledd	forkle	-	-
forkynne	-	forkynte	forkynt	-	-	-
forlange	-	forlangte	forlangt	-	-	-
forlate	-	forlot	forlatt	-	-	-
forlegge	-	forla	forlagt	-	-	-
forløpe	-	forløp	-	-	-	-
formalisere	-	formaliserte	formalisert	-	-	-
formulere	-	formulerte	formulert	-	-	-
fornemme	-	-	-	fornem	-	-
fornye	-	fornya|fornyet	fornya|fornyet	forny	-	-
forråde	-	forrådte	forrådt	-	-	-
forskrive	-	forskreiv|forskrev	forskrevet	-	-	-
forstille	-	forstilte	forstilt	-	-	-
forstrekke	-	forstrakk	forstrukket	-	-	-
forstå	-	forsto|forstod	forstått	-	-	-
forsvare	-	forsvarte	forsvart	-	-	-
forsvinne	-	forsvant	forsvunnet	-	-	-
forsyne	-	forsynte	forsynt	-	-	-
forsøke	-	forsøkte	forsøkt	-	-	-
fortelle	-	fortalte	fortalt	-	-	-
fortjene	-	fortjente	fortjent	-	-	-
fortrenge	-	fortrengte	fortrengt	-	-	-
fortsette	-	fortsatte	fortsatt	-	-	-
fortvile	-	fortvilte	fortvilt	-	-	-
fortøye	-	fortøyde	fortøyd	fortøy	-	-
forutbestemme	-	forutbestemte	forutbestemt	forutbestem	-	-
forutse	-	forutså	forutsett	forutse	forutseende	-
forutsette	-	forutsatte	forutsatt	-	-	-
forutsi	forutsier	forutsa	forutsagt	-	-	forutsies
forvise	-	forviste	forvist	-	-	-
forvolde	-	forvoldte	forvoldt	-	-	-
forvrenge	-	forvrengte	forvrengt	-	-	-
fotografere	-	fotograferte	fotografert	-	-	-
fotokopiere	-	fotokopierte	fotokopiert	-	-	-
fragmentere	-	fragmenterte	fragmentert	-	-	-
frambringe	-	frambrakte	frambrakt	-	-	-
framføre	-	framførte	framført	-	-	-
framlegge	-	framla	framlagt	-	-	-
framstille	-	framstilte	framstilt	-	-	-
framstå	-	framsto|framstod	framstått	-	-	-
framtre	-	framtrådte	framtrådt	framtre	framtredende	-
fraskille	-	fraskilte	fraskilt	-	-	-
frata	-	fratok	fratatt	-	-	-
fratre	-	fratrådte	fratrådt	fratre	fratredende	-
fravike	-	fraveik|fravek	fraveket	-	-	-
frelse	-	frelste	frelst	-	-	-
frembringe	-	frembrakte	frembrakt	-	-	-
fremføre	-	fremførte	fremført	-	-	-
fremgå	-	fremgikk	fremgått	-	-	-
fremkomme	-	fremkom	-	fremkom	-	-
fremme	-	-	-	frem	-	-
fremsi	fremsier	fremsa	fremsagt	-	-	fremsies
fremstille	-	fremstilte	fremstilt	-	-	-
fremstå	-	fremsto|fremstod	fremstått	-	-	-
fremtre	-	fremtrådte	fremtrådt	fremtre	fremtredende	-
frese	-	freste	frest	-	-	-
frifinne	-	frifant	frifunnet	-	-	-
frigi	-	friga|frigav	frigitt	-	-	-
frigjøre	frigjør	frigjorde	frigjort	-	-	-
frikjenne	-	frikjente	frikjent	-	-	-
frita	-	fritok	fritatt	-	fritakende	-
frustrere	-	frustrerte	frustrert	-	-	-
fryse	-	frøs|frøys	frosset	-	-	-
frø	-	frødde	frødd	-	-	-
fullføre	-	fullførte	fullført	-	-	-
fungere	-	fungerte	fungert	-	-	-
fusjonere	-	fusjonerte	fusjonert	-	-	-
fylle	-	fylte	fylt	-	-	-
fyre	-	fyrte	fyrt	-	-	-
føde	-	fødte	født	-	-	-
føle	-	følte	følt	-	-	-
føles	-	føltes	føltes	-	-	-
følge	-	fulgte	fulgt	-	-	-
føre	-	førte	ført	-	-	-
gale	-	galte|gol	galt	-	-	-
galoppere	-	galopperte	galoppert	-	-	-
galvanisere	-	galvaniserte	galvanisert	-	-	-
garantere	-	garanterte	garantert	-	-	-
garnere	-	garnerte	garnert	-	-	-
generalisere	-	generaliserte	generalisert	-	-	-
generere	-	genererte	generert	-	-	-
gentrifisere	-	gentrifiserte	gentrifisert	-	-	-
gidde	-	gadd	-	-	-	-
gjelde	-	gjaldt	gjeldt	-	-	-
gjemme	-	gjemte	gjemt	gjem	-	-
gjenbruke	-	gjenbrukte	gjenbrukt	-	-	-
gjenfinne	-	gjenfant	gjenfunnet	-	-	-
gjenfortelle	-	gjenfortalte	gjenfortalt	-	-	-
gjenføde	-	gjenfødte	gjenfødt	-	-	-
gjengi	-	gjengav	gjengitt	-	gjengivende	-
gjeninnføre	-	gjeninnførte	gjeninnført	-	-	-
gjeninnsette	-	gjeninnsatte	gjeninnsatt	-	-	-
gjeninnta	-	gjeninntok	gjeninntatt	-	gjeninntakende	-
gjenkjenne	-	gjenkjente	gjenkjent	-	-	-
gjennomføre	-	gjennomførte	gjennomført	-	-	-
gjennomgå	-	gjennomgikk	gjennomgått	-	-	-
gjennomskjære	-	gjennomskar	gjennomskåret	-	-	-
gjennomskue	-	gjennomskua|gjennomskuet	gjennomskua|gjennomskuet	gjennomsku	-	-
gjenoppleve	-	gjenopplevde	gjenopplevd	-	-	-
gjenoppstå	-	gjenoppsto|gjenoppstod	gjenoppstått	-	-	-
gjenoppta	-	gjenopptok	gjenopptatt	-	-	-
gjenreise	-	gjenreiste	gjenreist	-	-	-
gjenskape	-	gjenskapte	gjenskapt	-	-	-
gjenstå	-	gjensto|gjenstod	gjenstått	-	-	-
gjenta	-	gjentok	gjentatt	-	gjentakende	-
gjenvelge	-	gjenvalgte	gjenvalgt	-	-	-
gjenvinne	-	gjenvant	gjenvunnet	-	-	-
gjete	-	gjette	gjett	-	-	-
gjømme	-	gjømte	gjømt	gjøm	-	-
gjøre	gjør	gjorde	gjort	-	-	-
glane	-	glante	glant	-	-	-
gle	-	gledde	-	-	-	-
glemme	-	glemte	glemt	glem	-	-
glidefly	-	glidefløy	glideflydd|glidefløyet	-	-	-
glisne	-	-	-	glisne	-	-
glorifisere	-	glorifiserte	glorifisert	-	-	-
glømme	-	glømte	glømt	gløm	-	-
gni	-	gned|gnei|gnidde	gnidd	-	-	-
godkjenne	-	godkjente	godkjent	-	-	-
godta	-	godtok	godtatt	-	godtakende	-
godtgjøre	godtgjør	godtgjorde	godtgjort	-	-	-
gomle	-	gomlet/gomla	gomlet/gomla	-	-	-
gratulere	-	gratulerte	gratulert	-	-	-
grave	-	gravde|grov	gravd	-	-	-
gravere	-	graverte	gravert	-	-	-
gravlegge	-	gravla	gravlagt	-	-	-
gripe	-	greip|grep	grepet	-	-	-
gro	-	grodde	grodd	-	-	-
grue	-	grua|grudde|gruet	grua|grudd|gruet	-	-	-
grunnlegge	-	grunnla	grunnlagt	-	-	-
gruppere	-	grupperte	gruppert	-	-	-
gry	-	grydde	grydd	-	-	-
gråte	-	gråt	grått	-	-	-
gyte	-	gjøt|gytte	gytt	-	-	-
halshogge	-	halshogde|halshogg	halshogd	-	-	-
handtere	-	handterte	handtert	-	-	-
harmonere	-	harmonerte	harmonert	-	-	-
harmonisere	-	harmoniserte	harmonisert	-	-	-
havarere	-	havarerte	havarert	-	-	-
hedre	-	-	-	hedre	-	-
heise	-	heiste	heist	-	-	-
hemme	-	-	-	hem	-	-
hemmeligholde	-	hemmeligholdt	hemmeligholdt	-	-	-
henge	-	hang	hengt	-	-	-
henspille	-	henspilte	henspilt	-	-	-
henvende	-	henvendte	henvendt	-	-	-
henvise	-	henviste	henvist	-	-	-
hete	-	het|hette	hett	-	-	-
hilse	-	hilste	hilst	-	-	-
hjelpe	-	hjalp	hjulpet	-	-	-
hjemsende	-	hjemsendte	hjemsendt	-	-	-
hjemsøke	-	hjemsøkte	hjemsøkt	-	-	-
hogge	-	hogde|hogg	hogd	-	-	-
holde	-	holdt	holdt	-	-	-
hvese	-	hveste	hvest	-	-	-
hvile	-	hvilte	hvilt	-	-	-
hypnotisere	-	hypnotiserte	hypnotisert	-	-	-
hytta	-	hytta	hytta	hytt	-	-
håndhilse	-	håndhilste	håndhilst	-	-	-
håndtere	-	håndterte	håndtert	-	-	-
hærta	-	hærtok	hærtatt	-	hærtakende	-
høre	-	hørte	hørt	-	-	-
identifisere	-	identifiserte	identifisert	-	-	-
igangsette	-	igangsatte	igangsatt	-	-	-
ignorere	-	ignorerte	ignorert	-	-	-
ikle	-	ikledde	ikledd	ikle	-	-
ilegge	-	ila	ilagt	-	-	-
illustrere	-	illustrerte	illustrert	-	-	-
imitere	-	imiterte	imitert	-	-	-
immigrere	-	immigrerte	immigrert	-	-	-
implementere	-	implementerte	implementert	-	-	-
implisere	-	impliserte	implisert	-	-	-
imponere	-	imponerte	imponert	-	-	-
importere	-	importerte	importert	-	-	-
impregnere	-	impregnerte	impregnert	-	-	-
improvisere	-	improviserte	improvisert	-	-	-
inaktivere	-	inaktiverte	inaktivert	-	-	-
indikere	-	indikerte	indikert	-	-	-
industrialisere	-	industrialiserte	industrialisert	-	-	-
infiltrere	-	infiltrerte	infiltrert	-	-	-
infisere	-	infiserte	infisert	-	-	-
influere	-	influerte	influert	-	-	-
informere	-	informerte	informert	-	-	-
inhalere	-	inhalerte	inhalert	-	-	-
initiere	-	initierte	initiert	-	-	-
injisere	-	injiserte	injisert	-	-	-
inkludere	-	inkluderte	inkludert	-	-	-
inkorporere	-	inkorporerte	inkorporert	-	-	-
inndele	-	inndelte	inndelt	-	-	-
innebære	-	innebar	innebåret	-	-	-
inneha	-	innehadde	innehatt	-	-	-
inneholde	-	inneholdt	inneholdt	-	-	-
innføre	-	innførte	innført	-	-	-
inngravere	-	inngraverte	inngravert	-	-	-
inngå	-	inngikk	inngått	-	-	-
innlegge	-	innla	innlagt	-	-	-
innlemme	-	-	-	innlem	-	-
innrullere	-	innrullerte	innrullert	-	-	-
innrømme	-	-	-	innrøm	-	-
innse	-	innså	innsett	innse	innseende	-
innstille	-	innstilte	innstilt	-	-	-
innta	-	inntok	inntatt	-	inntakende	-
inntreffe	-	inntraff	inntruffet	-	-	-
innvie	-	innvia|innvidde|innviet|innvigde	innvia|innvidd|innviet|innvigd	innvi	-	-
insinuere	-	insinuerte	insinuert	-	-	-
insistere	-	insisterte	insistert	-	-	-
inspirere	-	inspirerte	inspirert	-	-	-
inspisere	-	inspiserte	inspisert	-	-	-
installere	-	installerte	installert	-	-	-
institusjonalisere	-	institusjonaliserte	institusjonalisert	-	-	-
integrere	-	integrerte	integrert	-	-	-
intensivere	-	intensiverte	intensivert	-	-	-
interessere	-	interesserte	interessert	-	-	-
interferere	-	interfererte	interferert	-	-	-
internere	-	internerte	internert	-	-	-
intervjue	-	intervjua|intervjuet	intervjua|intervjuet	intervju	-	-
introdusere	-	introduserte	introdusert	-	-	-
invadere	-	invaderte	invadert	-	-	-
invertere	-	inverterte	invertert	-	-	-
investere	-	investerte	investert	-	-	-
invitere	-	inviterte	invitert	-	-	-
involvere	-	involverte	involvert	-	-	-
irritere	-	irriterte	irritert	-	-	-
isolere	-	isolerte	isolert	-	-	-
ivareta	-	ivaretok	ivaretatt	-	ivaretakende	-
iverksette	-	iverksatte	iverksatt	-	-	-
jamføre	-	jamførte	jamført	-	-	-
juge	-	jugde	jugd	-	-	-
justere	-	justerte	justert	-	-	-
kalibrere	-	kalibrerte	kalibrert	-	-	-
kalkulere	-	kalkulerte	kalkulert	-	-	-
kalle	-	kalte	kalt	-	-	-
kalsinere	-	kalsinerte	kalsinert	-	-	-
kamuflere	-	kamuflerte	kamuflert	-	-	-
kanalisere	-	kanaliserte	kanalisert	-	-	-
kanonisere	-	kanoniserte	kanonisert	-	-	-
kansellere	-	kansellerte	kansellert	-	-	-
kapitulere	-	kapitulerte	kapitulert	-	-	-
karakterisere	-	karakteriserte	karakterisert	-	-	-
kartlegge	-	kartla	kartlagt	-	-	-
kassere	-	kasserte	kassert	-	-	-
kastrere	-	kastrerte	kastrert	-	-	-
katalysere	-	katalyserte	katalysert	-	-	-
kategorisere	-	kategoriserte	kategorisert	-	-	-
kike	-	keik|kek	-	-	-	-
kjenne	-	kjente	kjent	-	-	-
kjæle	-	kjælte	kjælt	-	-	-
kjøle	-	kjølte	kjølt	-	-	-
kjønnsdele	-	kjønnsdelte	kjønnsdelt	-	-	-
kjøpe	-	kjøpte	kjøpt	-	-	-
kjøre	-	kjørte	kjørt	-	-	-
klargjøre	klargjør	klargjorde	klargjort	-	-	-
klassifisere	-	klassifiserte	klassifisert	-	-	-
kle	-	kledde|kledte	kledd|kledt	kle	kleende	-
klinge	-	klang	-	-	-	-
klype	-	klypte|kløp	klypt|kløpet	-	-	-
klø	-	klødde	klødd	-	-	-
kløne	-	klønte	klønt	-	-	-
kna	-	knadde	knadd	-	-	-
knipe	-	kneip|knep	knepet	-	-	-
knivstikke	-	knivstakk	knivstukket	-	-	-
knuse	-	knuste	knust	-	-	-
koagulere	-	koagulerte	koagulert	-	-	-
kodifisere	-	kodifiserte	kodifisert	-	-	-
koke	-	kokte	kokt	-	-	-
kokettere	-	koketterte	kokettert	-	-	-
kollidere	-	kolliderte	kollidert	-	-	-
kolonisere	-	koloniserte	kolonisert	-	-	-
kombinere	-	kombinerte	kombinert	-	-	-
kommandere	-	kommanderte	kommandert	-	-	-
komme	-	kom	-	kom	-	-
kommentere	-	kommenterte	kommentert	-	-	-
kommunisere	-	kommuniserte	kommunisert	-	-	-
kompensere	-	kompenserte	kompensert	-	-	-
kompilere	-	kompilerte	kompilert	-	-	-
komplimentere	-	komplimenterte	komplimentert	-	-	-
komplisere	-	kompliserte	komplisert	-	-	-
komponere	-	komponerte	komponert	-	-	-
komprimere	-	komprimerte	komprimert	-	-	-
kondemnere	-	kondemnerte	kondemnert	-	-	-
kondensere	-	kondenserte	kondensert	-	-	-
kondolere	-	kondolerte	kondolert	-	-	-
konferere	-	konfererte	konferert	-	-	-
konfiskere	-	konfiskerte	konfiskert	-	-	-
konfrontere	-	konfronterte	konfrontert	-	-	-
konkludere	-	konkluderte	konkludert	-	-	-
konkurrere	-	konkurrerte	konkurrert	-	-	-
konsentrere	-	konsentrerte	konsentrert	-	-	-
konservere	-	konserverte	konservert	-	-	-
konsolidere	-	konsoliderte	konsolidert	-	-	-
konspirere	-	konspirerte	konspirert	-	-	-
konstatere	-	konstaterte	konstatert	-	-	-
konstituere	-	konstituerte	konstituert	-	-	-
konstruere	-	konstruerte	konstruert	-	-	-
konsultere	-	konsulterte	konsultert	-	-	-
konsumere	-	konsumerte	konsumert	-	-	-
kontrastere	-	kontrasterte	kontrastert	-	-	-
kontrollere	-	kontrollerte	kontrollert	-	-	-
konvergere	-	konvergerte	konvergert	-	-	-
konvertere	-	konverterte	konvertert	-	-	-
koordinere	-	koordinerte	koordinert	-	-	-
kopiere	-	kopierte	kopiert	-	-	-
korrekturlese	-	korrekturleste	korrekturlest	-	-	-
korrelere	-	korrelerte	korrelert	-	-	-
korrespondere	-	korresponderte	korrespondert	-	-	-
korrigere	-	korrigerte	korrigert	-	-	-
korrodere	-	korroderte	korrodert	-	-	-
korrumpere	-	korrumperte	korrumpert	-	-	-
kreditere	-	krediterte	kreditert	-	-	-
kreere	-	kreerte	kreert	-	-	-
kremere	-	kremerte	kremert	-	-	-
kriminalisere	-	kriminaliserte	kriminalisert	-	-	-
kritisere	-	kritiserte	kritisert	-	-	-
kro	-	krodde	krodd	-	-	-
krumme	-	-	-	krum	-	-
krype	-	krøp|krøyp	krøpet	-	-	-
kryptere	-	krypterte	kryptert	-	-	-
krystallisere	-	krystalliserte	krystallisert	-	-	-
kulminere	-	kulminerte	kulminert	-	-	-
kultivere	-	kultiverte	kultivert	-	-	-
kunne	kan	kunne	-	-	-	-
kunngjøre	kunngjør	kunngjorde	kunngjort	-	-	-
kurere	-	kurerte	kurert	-	-	-
kvalifisere	-	kvalifiserte	kvalifisert	-	-	-
kvantifisere	-	kvantifiserte	kvantifisert	-	-	-
kvele	-	kvalte|kvelte	kvalt|kvelt	-	-	-
lagerføre	-	lagerførte	lagerført	-	-	-
lakkere	-	lakkerte	lakkert	-	-	-
lamme	-	-	-	lam	-	-
lansere	-	lanserte	lansert	-	-	-
late	-	lot	latt	-	-	-
latinisere	-	latiniserte	latinisert	-	-	-
latterliggjøre	latterliggjør	latterliggjorde	latterliggjort	-	-	-
legalisere	-	legaliserte	legalisert	-	-	-
legere	-	legerte	legert	-	-	-
legitimere	-	legitimerte	legitimert	-	-	-
leike	-	leikte	leikt	-	-	-
leke	-	lekte	lekt	-	-	-
lese	-	leste	lest	-	-	-
less	-	less	-	-	-	-
lete	-	lette	lett	-	-	-
levere	-	leverte	levert	-	-	-
lide	-	led|lei	lidd|lidt	-	-	-
ligge	-	lå	-	-	-	-
lika	-	lika|likte	lika|likt	-	-	-
like	-	likte	likt	-	-	-
likestille	-	likestilte	likestilt	-	-	-
likvidere	-	likviderte	likvidert	-	-	-
lokalisere	-	lokaliserte	lokalisert	-	-	-
lure	-	lurte	lurt	-	-	-
lyde	-	lydde|lød	lydd|lydt	-	-	-
lyge	-	løy	løyet	-	-	-
lykkes	-	lyktes	lykkes|lyktes	-	-	-
lyse	-	lyste	lyst	-	-	-
lyve	-	løy	løyet	-	-	-
låne	-	lånte	lånt	-	-	-
låse	-	låste	låst	-	-	-
låte	-	låt	-	-	-	-
lære	-	lærte	lært	-	-	-
løpe	-	løp	-	-	-	-
løse	-	løste	løst	-	-	-
løslate	-	løslot	løslatt	-	-	-
løsrive	-	løsreiv|løsrev	løsrevet	-	-	-
løye	-	løya|løyet	løya|løyet	-	-	-
løype	-	løypte	løypt	-	-	-
maksimalisere	-	maksimaliserte	maksimalisert	-	-	-
maksimere	-	maksimerte	maksimert	-	-	-
male	-	malte	malt	-	-	-
manifestere	-	manifesterte	manifestert	-	-	-
manipulere	-	manipulerte	manipulert	-	-	-
manøvrere	-	manøvrerte	manøvrert	-	-	-
marginalisere	-	marginaliserte	marginalisert	-	-	-
marinere	-	marinerte	marinert	-	-	-
markedsføre	-	markedsførte	markedsført	-	-	-
markere	-	markerte	markert	-	-	-
marsjere	-	marsjerte	marsjert	-	-	-
maskere	-	maskerte	maskert	-	-	-
maskinere	-	maskinerte	maskinert	-	-	-
massakrere	-	massakrerte	massakrert	-	-	-
masseprodusere	-	masseproduserte	masseprodusert	-	-	-
massere	-	masserte	massert	-	-	-
meandrere	-	meandrerte	meandrert	-	-	-
medbringe	-	medbrakte	medbrakt	-	-	-
meddele	-	meddelte	meddelt	-	-	-
medføre	-	medførte	medført	-	-	-
meditere	-	mediterte	meditert	-	-	-
mekanisere	-	mekaniserte	mekanisert	-	-	-
melde	-	meldte	meldt	-	-	-
mene	-	mente	ment	-	-	-
menstruere	-	menstruerte	menstruert	-	-	-
mige	-	meg|meig	megen|meget	-	-	-
migrere	-	migrerte	migrert	-	-	-
minesprenge	-	minesprengte	minesprengt	-	-	-
minimalisere	-	minimaliserte	minimalisert	-	-	-
minimere	-	minimerte	minimert	-	-	-
misbruke	-	misbrukte	misbrukt	-	-	-
misforstå	-	misforsto|misforstod	misforstått	-	-	-
mislike	-	mislikte	mislikt	-	-	-
mislykkes	-	mislyktes	mislykkes|mislyktes	-	-	-
mistenke	-	mistenkte	mistenkt	-	-	-
misunne	-	misunte	misunt	-	-	-
mjaue	-	mjaua|mjauet	mjaua|mjauet	-	-	-
mobilisere	-	mobiliserte	mobilisert	-	-	-
modellere	-	modellerte	modellert	-	-	-
modernisere	-	moderniserte	modernisert	-	-	-
modifisere	-	modifiserte	modifisert	-	-	-
modnes	-	modnedes	modnes	-	-	-
montere	-	monterte	montert	-	-	-
motbevise	-	motbeviste	motbevist	-	-	-
motivere	-	motiverte	motivert	-	-	-
motsette	-	motsatte	motsatt	-	-	-
motstå	-	motsto|motstod	motstått	-	-	-
motta	-	mottok	mottatt	-	mottakende	-
muliggjøre	muliggjør	muliggjorde	muliggjort	-	-	-
multiplisere	-	multipliserte	multiplisert	-	-	-
myse	-	myste	myst	-	-	-
mystifisere	-	mystifiserte	mystifisert	-	-	-
måle	-	målte	målt	-	-	-
måtte	må	måtte	-	-	-	-
mæle	-	-	mælt	-	-	-
møte	-	møtte	møtt	-	-	-
møtes	-	møttes	møttes	-	-	-
nasjonalisere	-	nasjonaliserte	nasjonalisert	-	-	-
navigere	-	navigerte	navigert	-	-	-
navngi	-	navnga|navngav	navngitt	-	-	-
nebbes	-	nebbedes	-	-	-	-
nedbetale	-	nedbetalte	nedbetalt	-	-	-
nedbryte	-	nedbrøt|nedbrøyt	nedbrutt	-	-	-
nedgradere	-	nedgraderte	nedgradert	-	-	-
nedkjøle	-	nedkjølte	nedkjølt	-	-	-
nedlegge	-	nedla	nedlagt	-	-	-
nedsette	-	nedsatte	nedsatt	-	-	-
nedskrive	-	nedskreiv|nedskrev	nedskrevet	-	-	-
nevne	-	nevnte	nevnt	-	-	-
nominere	-	nominerte	nominert	-	-	-
normere	-	normerte	normert	-	-	-
notere	-	noterte	notert	-	-	-
nullstille	-	nullstilte	nullstilt	-	-	-
nummerere	-	nummererte	nummerert	-	-	-
nyse	-	nyste|nøs|nøys	nyst	-	-	-
nyte	-	nøt|nøyt	nytt	-	-	-
nyttiggjøre	nyttiggjør	nyttiggjorde	nyttiggjort	-	-	-
nøle	-	nølte	nølt	-	-	-
nøytralisere	-	nøytraliserte	nøytralisert	-	-	-
observere	-	observerte	observert	-	-	-
offentliggjøre	offentliggjør	offentliggjorde	offentliggjort	-	-	-
okkupere	-	okkuperte	okkupert	-	-	-
oksidere	-	oksiderte	oksidert	-	-	-
ombestemme	-	ombestemte	ombestemt	ombestem	-	-
omdefinere	-	omdefinerte	omdefinert	-	-	-
omdirigere	-	omdirigerte	omdirigert	-	-	-
omdøpe	-	omdøpte	omdøpt	-	-	-
omgi	-	omga|omgav	omgitt	-	-	-
omgjøre	omgjør	omgjorde	omgjort	-	-	-
omgruppere	-	omgrupperte	omgruppert	-	-	-
omgå	-	omgikk	omgått	-	-	-
omklassifisere	-	omklassifiserte	omklassifisert	-	-	-
omkomme	-	omkom	-	omkom	-	-
omorganisere	-	omorganiserte	omorganisert	-	-	-
omskjære	-	omskar	omskåret	-	-	-
omskrive	-	omskreiv|omskrev	omskrevet	-	-	-
omstille	-	omstilte	omstilt	-	-	-
omtale	-	omtalte	omtalt	-	-	-
omvende	-	omvendte	omvendt	-	-	-
onanere	-	onanerte	onanert	-	-	-
operere	-	opererte	operert	-	-	-
oppbevare	-	oppbevarte	oppbevart	-	-	-
oppdatere	-	oppdaterte	oppdatert	-	-	-
oppdra	-	oppdro|oppdrog	oppdradd|oppdratt	-	oppdragende	-
oppfinne	-	oppfant	oppfunnet	-	-	-
oppfylle	-	oppfylte	oppfylt	-	-	-
oppføre	-	oppførte	oppført	-	-	-
oppgi	-	oppga|oppgav	oppgitt	-	-	-
oppgradere	-	oppgraderte	oppgradert	-	-	-
oppholde	-	oppholdt	oppholdt	-	-	-
opphøre	-	opphørte	opphørt	-	-	-
opphøye	-	opphøya|opphøyde|opphøyet	opphøya|opphøyd|opphøyet	opphøy	-	-
oppkalle	-	oppkalte	oppkalt	-	-	-
oppleve	-	opplevde	opplevd	-	-	-
opplyse	-	opplyste	opplyst	-	-	-
oppløse	-	oppløste	oppløst	-	-	-
oppnå	-	oppnådde	oppnådd	-	-	-
opponere	-	opponerte	opponert	-	-	-
opprettholde	-	opprettholdt	opprettholdt	-	-	-
oppsluke	-	oppslukte	oppslukt	-	-	-
oppstå	-	oppsto|oppstod	oppstått	-	-	-
oppsummere	-	oppsummerte	oppsummert	-	-	-
oppsøke	-	oppsøkte	oppsøkt	-	-	-
oppta	-	opptok	opptatt	-	opptakende	-
opptre	-	opptrådte	opptrådt	opptre	opptredende	-
oppveie	-	oppveide	oppveid	oppvei	-	-
oppvise	-	oppviste	oppvist	-	-	-
oppvurdere	-	oppvurderte	oppvuder	-	-	-
optimalisere	-	optimaliserte	optimalisert	-	-	-
ordinere	-	ordinerte	ordinert	-	-	-
organisere	-	organiserte	organisert	-	-	-
orientere	-	orienterte	orientert	-	-	-
overbevise	-	overbeviste	overbevist	-	-	-
overbringe	-	overbrakte	overbrakt	-	-	-
overdra	-	overdro|overdrog	overdradd|overdratt	-	overdragende	-
overdrive	-	overdreiv|overdrev	overdrevet	-	-	-
overfalle	-	overfalt	overfalt	-	-	-
overfylle	-	overfylte	overfylt	-	-	-
overføre	-	overførte	overført	-	-	-
overgi	-	overga|overgav	overgitt	-	-	-
overgå	-	overgikk	overgått	-	-	-
overholde	-	overholdt	overholdt	-	-	-
overhøre	-	overhørte	overhørt	-	-	-
overkjøre	-	overkjørte	overkjørt	-	-	-
overlate	-	overlot	overlatt	-	-	-
overleve	-	overlevde	overlevd	-	-	-
overlevere	-	overleverte	overlevert	-	-	-
overprøve	-	overprøvde	overprøvd	-	-	-
overrekke	-	overrakte	overrakt	-	-	-
overse	-	overså	oversett	overse	overseende	-
oversette	-	oversatte	oversatt	-	-	-
overskride	-	overskred|overskrei	overskredet	-	-	-
overstige	-	oversteg|oversteig	oversteget	-	-	-
oversvømme	-	oversvømte	oversvømt	oversvøm	-	-
overta	-	overtok	overtatt	-	overtakende	-
overtale	-	overtalte	overtalt	-	-	-
overtre	-	overtrådte	overtrådt	overtre	overtredende	-
overtreffe	-	overtraff	overtruffet	-	-	-
overvinne	-	overvant	overvunnet	-	-	-
overvurdere	-	overvurderte	overvurdert	-	-	-
overvære	-	overvar	overvært	-	-	-
pantsette	-	pantsatte	pantsatt	-	-	-
paralysere	-	paralyserte	paralysert	-	-	-
parkere	-	parkerte	parkert	-	-	-
passere	-	passerte	passert	-	-	-
pasteurisere	-	pasteuriserte	pasteurisert	-	-	-
patentere	-	patenterte	patentert	-	-	-
patruljere	-	patruljerte	patruljert	-	-	-
peke	-	pekte	pekt	-	-	-
pensjonere	-	pensjonerte	pensjonert	-	-	-
perfeksjonere	-	perfeksjonerte	perfeksjonert	-	-	-
personifisere	-	personifiserte	personifisert	-	-	-
pipe	-	peip|per	pepet	-	-	-
planere	-	planerte	planert	-	-	-
planlegge	-	planla	planlagt	-	-	-
plassere	-	plasserte	plassert	-	-	-
pleie	-	pleia|pleide|pleiet	pleia|pleid|pleiet	plei	-	-
pløye	-	pløyde	pløyd	pløy	-	-
poengtere	-	poengterte	poengtert	-	-	-
polarisere	-	polariserte	polarisert	-	-	-
polere	-	polerte	polert	-	-	-
politisere	-	politiserte	politisert	-	-	-
pollinere	-	pollinerte	pollinert	-	-	-
polymerisere	-	polymeriserte	polymerisert	-	-	-
portrettere	-	portretterte	portrettert	-	-	-
posere	-	poserte	posert	-	-	-
postulere	-	postulerte	postulert	-	-	-
praktisere	-	praktiserte	praktisert	-	-	-
prefabrikkere	-	prefabrikkerte	prefabrikkert	-	-	-
preparere	-	preparerte	preparert	-	-	-
presentere	-	presenterte	presentert	-	-	-
presisere	-	presiserte	presisert	-	-	-
prioritere	-	prioriterte	prioritert	-	-	-
prisgi	-	prisga|prisgav	prisgitt	-	-	-
produsere	-	produserte	produsert	-	-	-
profilere	-	profilerte	profilert	-	-	-
programmere	-	programmerte	programmert	-	-	-
projisere	-	projiserte	projisert	-	-	-
proklamere	-	proklamerte	proklamert	-	-	-
promotere	-	promoterte	promotert	-	-	-
prosessere	-	prosesserte	prosessert	-	-	-
prostituere	-	prostituerte	prostituert	-	-	-
protestere	-	protesterte	protestert	-	-	-
provosere	-	provoserte	provosert	-	-	-
prøve	-	prøvde	prøvd	-	-	-
prøvekjøre	-	prøvekjørte	prøvekjørt	-	-	-
publisere	-	publiserte	publisert	-	-	-
pulsere	-	pulserte	pulsert	-	-	-
pulverisere	-	pulveriserte	pulverisert	-	-	-
punktere	-	punkterte	punktert	-	-	-
påbegynne	-	påbegynte	påbegynt	-	-	-
pådra	-	pådro|pådrog	pådradd|pådratt	-	pådragende	-
påføre	-	påførte	påført	-	-	-
pågripe	-	pågreip|pågrep	pågrepet	-	-	-
pågå	-	pågikk	pågått	-	-	-
påkalle	-	påkalte	påkalt	-	-	-
pålegge	-	påla	pålagt	-	-	-
påpeke	-	påpekte	påpekt	-	-	-
påse	-	påså	påsett	påse	påseende	-
påta	-	påtok	påtatt	-	påtakende	-
påtreffe	-	påtraff	påtruffet	-	-	-
påvise	-	påviste	påvist	-	-	-
pøse	-	pøste	pøst	-	-	-
raffinere	-	raffinerte	raffinert	-	-	-
ramme	-	-	-	ram	-	-
ramponere	-	ramponerte	ramponert	-	-	-
rangere	-	rangerte	rangert	-	-	-
rapportere	-	rapporterte	rapportert	-	-	-
rase	-	raste	rast	-	-	-
rasere	-	raserte	rasert	-	-	-
rasjonalisere	-	rasjonaliserte	rasjonalisert	-	-	-
ratifisere	-	ratifiserte	ratifisert	-	-	-
reagere	-	reagerte	reagert	-	-	-
reaktivere	-	reaktiverte	reaktivert	-	-	-
realisere	-	realiserte	realisert	-	-	-
redefinere	-	redefinerte	redefinert	-	-	-
redigere	-	redigerte	redigert	-	-	-
redusere	-	reduserte	redusert	-	-	-
referere	-	refererte	referert	-	-	-
reflektere	-	reflekterte	reflektert	-	-	-
reformere	-	reformerte	reformert	-	-	-
regenerere	-	regenererte	regenerert	-	-	-
regissere	-	regisserte	regissert	-	-	-
registrere	-	registrerte	registrert	-	-	-
regjere	-	regjerte	regjert	-	-	-
regulere	-	regulerte	regulert	-	-	-
reingjøre	reingjør	reingjorde	reingjort	-	-	-
reise	-	reiste	reist	-	-	-
rekke	-	rakk	rukket	-	-	-
reklamere	-	reklamerte	reklamert	-	-	-
rekonstruere	-	rekonstruerte	rekonstruert	-	-	-
rekruttere	-	rekrutterte	rekruttert	-	-	-
relatere	-	relaterte	relatert	-	-	-
relokalisere	-	relokaliserte	relokalisert	-	-	-
rengjøre	rengjør	rengjorde	rengjort	-	-	-
renne	-	rant	rent	-	-	-
renovere	-	renoverte	renovert	-	-	-
reorganisere	-	reorganiserte	reorganisert	-	-	-
reparere	-	reparerte	reparert	-	-	-
repetere	-	repeterte	repetert	-	-	-
representere	-	representerte	representert	-	-	-
reprodusere	-	reproduserte	reprodusert	-	-	-
reservere	-	reserverte	reservert	-	-	-
resirkulere	-	resirkulerte	resirkulert	-	-	-
respektere	-	respekterte	respektert	-	-	-
restaurere	-	restaurerte	restaurert	-	-	-
resultere	-	resulterte	resultert	-	-	-
returnere	-	returnerte	returnert	-	-	-
retusjere	-	retusjerte	retusjert	-	-	-
revaluere	-	revaluerte	revaluert	-	-	-
reversere	-	reverserte	reversert	-	-	-
revidere	-	reviderte	revidert	-	-	-
revolusjonere	-	revolusjonerte	revolusjonert	-	-	-
ride	-	red|rei	ridd	-	-	-
ringe	-	ringte	ringt	-	-	-
risikere	-	risikerte	risikert	-	-	-
rive	-	reiv|rev	revet	-	-	-
roe	-	roa|roet	roa|roet	ro	-	-
romme	-	-	-	rom	-	-
rope	-	ropte	ropt	-	-	-
rotere	-	roterte	rotert	-	-	-
ryke	-	røk|røyk	røket	-	-	-
rådspørre	rådspør	rådspurte	rådspurt	rådspør	-	-
rømme	-	rømte	rømt	røm	-	-
røntgenfotografere	-	røntgenfotograferte	røntgenfotografert	-	-	-
røre	-	rørte	rørt	-	-	-
sabotere	-	saboterte	sabotert	-	-	-
sammenfalle	-	sammenfalt	sammenfalt	-	-	-
sammenkalle	-	sammenkalte	sammenkalt	-	-	-
sandblåse	-	sandblåste	sandblåst	-	-	-
sanksjonere	-	sanksjonerte	sanksjonert	-	-	-
sannsynliggjøre	sannsynliggjør	sannsynliggjorde	sannsynliggjort	-	-	-
segregere	-	segregerte	segregert	-	-	-
seile	-	seilte	seilt	-	-	-
seksualisere	-	seksualiserte	seksualisert	-	-	-
selge	-	solgte	solgt	-	-	-
selvantenne	-	selvantente	selvantent	-	-	-
selvpublisere	-	selvpubliserte	selvpublisert	-	-	-
sementere	-	sementerte	sementert	-	-	-
sende	-	sendte	sendt	-	-	-
sensurere	-	sensurerte	sensurert	-	-	-
sentralisere	-	sentraliserte	sentralisert	-	-	-
sentrere	-	sentrerte	sentrert	-	-	-
separere	-	separerte	separert	-	-	-
seponere	-	seponerte	seponert	-	-	-
sertifisere	-	sertifiserte	sertifisert	-	-	-
servere	-	serverte	servert	-	-	-
sige	-	seg|seig	seget	-	-	-
signalisere	-	signaliserte	signalisert	-	-	-
signere	-	signerte	signert	-	-	-
simulere	-	simulerte	simulert	-	-	-
single	-	-	-	single	-	-
sirkulere	-	sirkulerte	sirkulert	-	-	-
sitte	-	satt	-	-	-	-
sjarmere	-	sjarmerte	sjarmert	-	-	-
sjokkere	-	sjokkerte	sjokkert	-	-	-
sjonglere	-	sjonglerte	sjonglert	-	-	-
sjøsette	-	sjøsatte	sjøsatt	-	-	-
skamme	-	-	-	skam	-	-
skamslå	-	skamslo	skamslått	-	-	-
skape	-	skapte	skapt	-	-	-
skattlegge	-	skattla	skattlagt	-	-	-
skille	-	skilte	skilt	-	-	-
skilles	-	skiltes	skiltes	-	-	-
skinne	-	skein|skinte	skint	-	-	-
skissere	-	skisserte	skissert	-	-	-
skje	-	skjedde	skjedd	skje	-	-
skjelle	-	skjelte	skjelt	-	-	-
skjelve	-	skalv	-	-	-	-
skjemmes	-	skjemtes	skjemtes	-	-	-
skjule	-	skjulte	skjult	-	-	-
skjære	-	skar	skåret	-	-	-
skjønne	-	skjønte	skjønt	-	-	-
skjønnmale	-	skjønnmalte	skjønnmalt	-	-	-
skli	-	skled|sklei|sklidde	sklidd	-	-	-
sko	-	skodde	skodd	-	-	-
skravere	-	skraverte	skravert	-	-	-
skremme	-	skremte	skremt	skrem	-	-
skrike	-	skreik|skrek	skreket	-	-	-
skrinlegge	-	skrinla	skrinlagt	-	-	-
skrive	-	skreiv|skrev	skrevet	-	-	-
skru	-	skrudde	skrudd	-	-	-
skryte	-	skrytte|skrøt	skrytt	-	-	-
skrøne	-	skrønte	skrønt	-	-	-
skue	-	skua|skuet	skua|skuet	sku	-	-
skule	-	skulte	skult	-	-	-
skulle	skal	skulle	-	-	-	-
skumme	-	-	-	skum	-	-
sky	-	skydde	skydd	-	-	-
skye	-	skya|skyet	skya|skyet	-	-	-
skylde	-	skyldte	skyldt	-	-	-
skyldes	-	skyldtes	skyldes	-	-	-
skyte	-	skjøt|skøyt	skutt	-	-	-
skyve	-	skjøv|skøyv	skjøvet	-	-	-
skåle	-	skålte	skålt	-	-	-
slenge	-	slengte	slengt	-	-	-
slepe	-	slepte	slept	-	-	-
slipe	-	slipte	slipt	-	-	-
slippe	-	slapp	sluppet	-	-	-
slite	-	sleit|slet	slitt	-	-	-
sluke	-	slukte	slukt	-	-	-
sluttføre	-	sluttførte	sluttført	-	-	-
slå	-	slo	slått	-	-	-
slåss	-	sloss	slåss	-	-	-
sløse	-	sløste	sløst	-	-	-
smake	-	smakte	smakt	-	-	-
smaksette	-	smaksatte	smaksatt	-	-	-
smi	-	smidde	smidd	-	-	-
smile	-	smilte	smilt	-	-	-
småkoke	-	småkokte	småkokt	-	-	-
smøre	-	smurte	smurt	-	-	-
sneie	-	sneia|sneide|sneiet	sneia|sneid|sneiet	snei	-	-
snike	-	sneik|snek	sneket	-	-	-
sno	-	snodde	snodd	-	-	-
snu	-	snudde	snudd	-	-	-
snyte	-	snytte|snøt	snytt	-	-	-
snø	-	snødde	snødd	-	-	-
sope	-	sopte	sopt	-	-	-
sortere	-	sorterte	sortert	-	-	-
sove	-	sov	-	-	-	-
spare	-	sparte	spart	-	-	-
spasere	-	spaserte	spasert	-	-	-
spekulere	-	spekulerte	spekulert	-	-	-
spenne	-	spente	spent	-	-	-
spesialisere	-	spesialiserte	spesialisert	-	-	-
spesifisere	-	spesifiserte	spesifisert	-	-	-
spille	-	spilte	spilt	-	-	-
spinne	-	spant	spunnet	-	-	-
spionere	-	spionerte	spionert	-	-	-
spise	-	spiste	spist	-	-	-
spolere	-	spolerte	spolert	-	-	-
spraye	-	spraya|sprayet	spraya|sprayet	spray	-	-
spre	-	spredde|spredte	spredd|spredt	spre	-	-
sprekke	-	sprakk	sprukket	-	-	-
sprenge	-	sprengte	sprengt	-	-	-
sprette	-	spratt	-	-	-	-
springe	-	sprang	sprunget	-	-	-
spy	-	spydde	spydd	-	-	-
spyle	-	spylte	spylt	-	-	-
spå	-	spådde	spådd	-	-	-
spørre	spør	spurte	spurt	spør	-	-
stabilisere	-	stabiliserte	stabilisert	-	-	-
stagnere	-	stagnerte	stagnert	-	-	-
standardisere	-	standardiserte	standardisert	-	-	-
stasjonere	-	stasjonerte	stasjonert	-	-	-
steike	-	steikte	steikt	-	-	-
steke	-	stekte	stekt	-	-	-
stele	-	stal	-	-	-	-
stemme	-	stemte	stemt	stem	-	-
stenge	-	stengte	stengt	-	-	-
sterilisere	-	steriliserte	sterilisert	-	-	-
stige	-	steg|steig	steget	-	-	-
stikke	-	stakk	stukket	-	-	-
stilisere	-	stiliserte	stilisert	-	-	-
stille	-	stilte	stilt	-	-	-
stimulere	-	stimulerte	stimulert	-	-	-
stjele	-	stjal	stjålet	-	-	-
stole	-	stolte	stolt	-	-	-
straffeforfølge	-	straffeforfulgte	-	-	-	-
stramme	-	-	-	stram	-	-
strekke	-	strakk|strakte|strekte	strakt|strekt|strukket	-	-	-
stride	-	stred|strei|stridde	stridd	-	-	-
strukturere	-	strukturerte	strukturert	-	-	-
stryke	-	strøk|strøyk	strøket	-	-	-
stråle	-	strålte	strålt	-	-	-
strø	-	strødde	strødd	-	-	-
strømme	-	-	-	strøm	-	-
studere	-	studerte	studert	-	-	-
stue	-	stua|stuet	stua|stuet	stu	-	-
stupe	-	stupte	stupt	-	-	-
styre	-	styrte	styrt	-	-	-
stålsette	-	stålsatte	stålsatt	-	-	-
støpe	-	støpte	støpt	-	-	-
subtrahere	-	subtraherte	subtrahert	-	-	-
summe	-	-	-	sum	-	-
supplere	-	supplerte	supplert	-	-	-
suspendere	-	suspenderte	suspendert	-	-	-
svare	-	svarte	svart	-	-	-
svi	-	sved|svei|svidde	svidd	-	-	-
svømme	-	svømte	svømt	svøm	-	-
symbolisere	-	symboliserte	symbolisert	-	-	-
syndikere	-	syndikerte	syndikert	-	-	-
synes	-	syntes	syntes	-	-	-
synge	-	sang	sunget	-	-	-
synke	-	sank	sunket	-	-	-
synliggjøre	synliggjør	synliggjorde	synliggjort	-	-	-
syntetisere	-	syntetiserte	syntetisert	-	-	-
sysselsette	-	sysselsatte	sysselsatt	-	-	-
systematisere	-	systematiserte	systematisert	-	-	-
søke	-	søkte	søkt	-	-	-
søle	-	sølte	sølt	-	-	-
taksere	-	takserte	taksert	-	-	-
tale	-	talte	talt	-	-	-
tatovere	-	tatoverte	tatovert	-	-	-
taue	-	taua|tauet	taua|tauet	tau	-	-
tekkes	-	tekkedes|tektes	-	-	-	-
teleportere	-	teleporterte	teleportert	-	-	-
temme	-	-	-	tem	-	-
tendere	-	tenderte	tendert	-	-	-
tenke	-	tenkte	tenkt	-	-	-
tenne	-	tente	tent	-	-	-
terrorisere	-	terroriserte	terrorisert	-	-	-
testamentere	-	testamenterte	testamentert	-	-	-
tie	-	tidde|tiet	tidd|tiet	-	-	-
tilbakebetale	-	tilbakebetalte	tilbakebetalt	-	-	-
tilbakeføre	-	tilbakeførte	tilbakeført	-	-	-
tilbakekalle	-	tilbakekalte	tilbakekalt	-	-	-
tilbakelegge	-	tilbakela	tilbakelagt	-	-	-
tilberede	-	tilberedte	tilberedt	-	-	-
tilbringe	-	tilbrakte	tilbrakt	-	-	-
tilby	-	tilbydde|tilbød|tilbøy	tilbudt|tilbydd	-	-	-
tildele	-	tildelte	tildelt	-	-	-
tilfredsstille	-	tilfredsstilte	tilfredsstilt	-	-	-
tilføre	-	tilførte	tilført	-	-	-
tilføye	-	tilføyde|tilføyet	tilføyd|tilføyet	tilføy	-	-
tilgi	-	tilga|tilgav	tilgitt	-	-	-
tilhøre	-	tilhørte	tilhørt	-	-	-
tilintetgjøre	tilintetgjør	tilintetgjorde	tilintetgjort	-	-	-
tilkalle	-	tilkalte	tilkalt	-	-	-
tilkjennegi	-	tilkjennega|tilkjennegav	tilkjennegitt	-	-	-
tillate	-	tillot	tillatt	-	-	-
tillegge	-	tilla	tillagt	-	-	-
tilrettelegge	-	tilrettela	tilrettelagt	-	-	-
tilsette	-	tilsatte	tilsatt	-	-	-
tilsidesette	-	tilsidesatte	tilsidesatt	-	-	-
tilskrive	-	tilskreiv|tilskrev	tilskrevet	-	-	-
tilstå	-	tilsto|tilstod	tilstått	-	-	-
tilsvare	-	tilsvarte	tilsvart	-	-	-
tiltre	-	tiltrådte	tiltrådt	tiltre	tiltredende	-
tiltrekke	-	tiltrakk	tiltrukket	-	-	-
titrere	-	titrerte	titrert	-	-	-
titulere	-	titulerte	titulert	-	-	-
tjene	-	tjente	tjent	-	-	-
tjenestegjøre	tjenestegjør	tjenestegjorde	tjenestegjort	-	-	-
tolerere	-	tolererte	tolerert	-	-	-
torpedere	-	torpederte	torpedert	-	-	-
torturere	-	torturerte	torturert	-	-	-
trafikkere	-	trafikkerte	trafikkert	-	-	-
trakassere	-	trakasserte	trakassert	-	-	-
transponere	-	transponerte	transponert	-	-	-
transportere	-	transporterte	transportert	-	-	-
tre	-	trådte	trådt	tre	tredende	-
treffe	-	traff	truffet	-	-	-
trekke	-	trakk	trukket	-	-	-
trenge	-	trengte	trengt	-	-	-
trenges	-	trengtes	trengtes	-	-	-
triumfere	-	triumferte	triumfert	-	-	-
trive	-	treiv|trev	trevet|trivd	-	-	-
trives	-	trivdes	trivdes	-	-	-
tro	-	trodde	trodd	-	-	-
trollbinde	-	trollbandt	trollbundet	-	-	-
tru	-	trudde	trudd	-	-	-
true	-	trua|truet	trua|truet	tru	-	-
trå	-	tro|trådde|trådte	trådd|trådt	-	-	-
træ	-	trædde	trædd	-	-	-
turve	tarv	turvte	turvt	-	-	-
tviholde	-	tviholdt	tviholdt	-	-	-
tvile	-	tvilte	tvilt	-	-	-
tvinge	-	tvang	tvunget	-	-	-
tydeliggjøre	tydeliggjør	tydeliggjorde	tydeliggjort	-	-	-
tyrannisere	-	tyranniserte	tyrannisert	-	-	-
tyte	-	tytte|tøt|tøyt	tytt	-	-	-
tåle	-	tålte	tålt	-	-	-
tømme	-	tømte	tømt	tøm	-	-
tørrlegge	-	tørrla	tørrlagt	-	-	-
tøye	-	tøyde	tøyd	tøy	-	-
underdrive	-	underdreiv|underdrev	underdrevet	-	-	-
underholde	-	underholdt	underholdt	-	-	-
underminere	-	underminerte	underminert	-	-	-
underskrive	-	underskreiv|underskrev	underskrevet	-	-	-
undersøke	-	undersøkte	undersøkt	-	-	-
undervise	-	underviste	undervist	-	-	-
undervurdere	-	undervurderte	undervurdert	-	-	-
unne	-	unte	unt	-	-	-
unngå	-	unngikk	unngått	-	-	-
unnlate	-	unnlot	unnlatt	-	-	-
unnskylde	-	unnskyldte	unnskyldt	-	-	-
unnslippe	-	unnslapp	unnsluppet	-	-	-
unnta	-	unntok	unntatt	-	unntakende	-
urinere	-	urinerte	urinert	-	-	-
uskadeliggjøre	uskadeliggjør	uskadeliggjorde	uskadeliggjort	-	-	-
utbetale	-	utbetalte	utbetalt	-	-	-
utbre	-	utbredde|utbredte	utbredd|utbredt	utbre	utbreende	-
utelate	-	utelot	utelatt	-	-	-
utføre	-	utførte	utført	-	-	-
utgi	-	utgav	utgitt	-	-	-
utgjøre	utgjør	utgjorde	utgjort	-	-	-
utkonkurrere	-	utkonkurrerte	utkonkurrert	-	-	-
utløpe	-	utløp	-	-	-	-
utløse	-	utløste	utløst	-	-	-
utløyse	-	utløyste	utløyst	-	-	-
utnevne	-	utnevnte	utnevnt	-	-	-
utpeke	-	utpekte	utpekt	-	-	-
utradere	-	utraderte	utradert	-	-	-
utrangere	-	utrangerte	utrangert	-	-	-
utrope	-	utropte	utropt	-	-	-
utsende	-	utsendte	utsendt	-	-	-
utsette	-	utsatte	utsatt	-	-	-
utskille	-	utskilte	utskilt	-	-	-
utspille	-	utspilte	utspilt	-	-	-
utstede	-	utstedte	utstedt	-	-	-
utstille	-	utstilte	utstilt	-	-	-
utstyre	-	utstyrte	utstyrt	-	-	-
uttale	-	uttalte	uttalt	-	-	-
uttrykke	-	uttrykte	uttrykt	-	-	-
utvinne	-	utvant	utvunnet	-	-	-
vaie	-	vaia|vaiet	vaia|vaiet	vai	-	-
vaksinere	-	vaksinerte	vaksinert	-	-	-
vanskeliggjøre	vanskeliggjør	vanskeliggjorde	vanskeliggjort	-	-	-
vare	-	varte	vart	-	-	-
variere	-	varierte	variert	-	-	-
vedkjenne	-	vedkjente	vedkjent	-	-	-
vedlikeholde	-	vedlikeholdt	vedlikeholdt	-	-	-
vedta	-	vedtok	vedtatt	-	vedtakende	-
vedvare	-	vedvarte	vedvart	-	-	-
vege	-	vog	vegd	-	-	-
veie	-	veide	veid	vei	-	-
velge	-	valgte	valgt	-	-	-
vende	-	vendte	vendt	-	-	-
verdsette	-	verdsatte	verdsatt	-	-	-
verifisere	-	verifiserte	verifisert	-	-	-
vibrere	-	vibrerte	vibrert	-	-	-
videreføre	-	videreførte	videreført	-	-	-
videresende	-	videresendte	videresendt	-	-	-
vie	-	via|vidde|viet|vigde	via|vidd|viet|vigd	vi	-	-
vike	-	veik|vek	veket	-	-	-
ville	vil	ville	-	-	-	-
vinne	-	vant	vunnet	-	-	-
vise	-	viste	vist	-	-	-
vite	veit|vet	visste	visst	-	-	-
vokse	-	vokste	vokst	-	-	-
volde	-	voldte	voldt	-	-	-
voldta	-	voldtok	voldtatt	-	voldtakende	-
vri	-	vred|vrei|vridde	vridd	-	-	-
vurdere	-	vurderte	vurdert	-	-	-
væra	er	var	vært	-	-	-
være	er	var	vært	-	-	-
åpenbare	-	åpenbarte	åpenbart	-	-	-
ødelegge	-	ødela	ødelagt	-	-	-
økonomisere	-	økonomiserte	økonomisert	-	-	-
øse	-	øste	øst	-	-	-
