# lemma(infinitive)	V;NFIN	V;IND;PRS;1;SG	V;IND;PRS;2;SG	V;IND;PRS;3;SG	V;IND;PRS;3	V;IND;PST;1;SG	V;IND;PST;2;SG	V;IND;PST;3;SG	V;IND;PST;3	V;IMP;2;SG	V;IMP;2;PL	V.CVB	V.PTCP.PRS	V.PTCP.PST  ("-" = productive default)
aka	-	-	ekur	ekur	-	ók	ókst	ók	óku	-	-	ikið	-	ikin
ala	-	-	elur	elur	-	ól	ólst	ól	ólu	-	-	alið	-	alin
anda	-	-	-	-	-	-	-	-	-	anda	-	-	-	-
andast	andast	andist	andast	andast	andast	andaðist	andaðist	andaðist	andaðust	-	-	andast	-	-
arbeiða	-	-	arbeiðir	arbeiðir	-	arbeiddi	arbeiddi	arbeiddi	arbeiddu	-	-	arbeitt	-	arbeiddur
avdúka	-	-	-	-	-	-	-	-	-	avdúka	-	-	-	-
avreiða	-	-	avreiðir	avreiðir	-	avreiddi	avreiddi	avreiddi	avreiddu	-	-	avreitt	-	avreiddur
babba	-	-	-	-	-	-	-	-	-	babba	-	-	-	-
baka	-	-	-	-	-	-	-	-	-	baka	-	-	-	-
balla	-	-	-	-	-	-	-	-	-	balla	-	-	-	-
banka	-	-	-	-	-	-	-	-	-	banka	-	-	-	-
banna	-	-	-	-	-	-	-	-	-	banna	-	-	-	-
bar	bera	beri	bert	ber	bera	bar	bart	bar	bóru	ber	berið	borið	berandi	borin
batna	-	-	-	-	-	-	-	-	-	batna	-	-	-	-
baða	-	-	-	-	-	-	-	-	-	baða	-	-	-	-
beina	-	-	beinir	beinir	-	beindi	beindi	beindi	beindu	-	-	beint	-	beindur
benda	-	-	bendir	bendir	-	bendi	bendi	bendi	bendu	-	-	bent	-	bendur
berja	-	berji	berjir	berjir	-	bardi	bardi	bardi	bardu	berj	-	bart	-	bardur
binda	-	-	bindur	bindur	-	bant	banst	bant	bundu	-	-	bundið	-	bundin
biðja	-	biðji	biður	biður	-	bað	baðst	bað	bóðu	-	-	biðið	-	biðin
bjarga	-	-	-	-	-	-	-	-	-	bjarga	-	-	-	-
bjóða	-	-	býður	býður	-	beyð	beyðst	beyð	buðu	-	-	boðið	-	boðin
blaka	-	-	-	-	-	-	-	-	-	blaka	-	-	-	-
blása	-	-	blæs	blæs	-	blásti	blásti	blásti	blástu	blás!	blásið!	blást	blástandi	-
blíva	-	-	blívur	blívur	-	bleiv	bleivst	bleiv	blivu	-	-	blivið	-	blivin
bløða	-	-	bløðir	bløðir	-	bløddi	bløddi	bløddi	bløddu	-	-	bløtt	-	bløddur
borin	bera	beri	bert	ber	bera	bar	bart	bar	bóru	ber	berið	borið	berandi	borin
boyggja	-	-	boyggir	boyggir	-	boygdi	boygdi	boygdi	boygdu	-	boyggið	boygt	-	boygdur
boða	-	-	-	-	-	-	-	-	-	boða	-	-	-	-
boðsenda	-	-	boðsendir	boðsendir	-	boðsendi	boðsendi	boðsendi	boðsendu	-	-	boðsent	-	boðsendur
branda	-	-	-	-	-	-	-	-	-	branda	-	-	-	-
brandar	branda	brandi	brandar	brandar	branda	brandaði	brandaði	brandaði	brandaðu	branda	brandið	brandað	brandandi	brandaður
brann	brenna	brenni	brennur	brennur	brenna	brann	branst	brann	brunnu	brenn	brennið	brunnið	brennandi	brunnin
bregða	-	-	-	-	-	-	-	-	-	bregð!	bregðið!	-	-	-
bresta	-	-	brestur	brestur	-	brast	brastst	brast	brustu	-	-	brostið	-	brostin
broyta	-	-	broytir	broytir	-	broytti	broytti	broytti	broyttu	-	-	broytt	-	broyttur
bróta	-	-	brýtur	brýtur	-	breyt	breytst	breyt	brutu	-	-	brotið	-	brotin
brúka	-	-	-	-	-	brúkti	brúkti	brúkti	brúktu	brúka	-	-	-	brúktur
buka	-	-	-	-	-	-	-	-	-	buka	-	-	-	-
byggja	-	-	byggir	byggir	-	bygdi	bygdi	bygdi	bygdu	-	byggið	bygt	-	bygdur
byrja	-	byrji	-	-	-	-	-	-	-	byrja	-	-	-	-
bína	-	-	bínir	bínir	-	bíndi	bíndi	bíndi	bíndu	-	-	bínt	-	bíndur
bíta	-	-	bítur	bítur	-	beit	beitst	beit	bitu	-	-	bitið	-	bitin
bíða	-	-	-	-	-	-	-	-	-	bíða	-	-	-	-
bólgna	-	-	-	-	-	-	-	-	-	bólgna	-	-	-	-
búgva	-	-	býrt	býr	-	búði	búði	búði	búðu	-	-	búð	-	búgvin
búseta	-	-	búsetur	búsetur	-	búsetti	búsetti	búsetti	búsettu	-	-	búsett	-	búsettur
býta	-	-	býtir	býtir	-	býtti	býtti	býtti	býttu	-	-	býtt	-	býttur
dagføra	-	-	dagførir	dagførir	-	dagførdi	dagførdi	dagførdi	dagførdu	-	-	dagført	-	dagførdur
dansa	-	-	-	-	-	-	-	-	-	dansa	-	-	-	-
detta	-	-	dettur	dettur	-	datt	datst	datt	duttu	-	-	dottið	-	dottin
doyggja	-	-	doyrt	doyr	-	doyði	doyði	doyði	doyðu	doyggj	doyggið	doyð	-	-
doypa	-	-	doypir	doypir	-	doypti	doypti	doypti	doyptu	-	-	doypt	-	doyptur
draga	-	-	dregur	dregur	-	dró	dróst	dró	drógu	-	-	drigið	-	drigin
drekka	-	-	drekkur	drekkur	-	drakk	drakst	drakk	drukku	-	-	drukkið	-	drukkin
drepa	-	-	drepur	drepur	-	drap	drapst	drap	drópu	-	-	dripið	-	dripin
droyma	-	-	droymir	droymir	-	droymdi	droymdi	droymdi	droymdu	-	-	droymt	-	droymdur
drýpa	-	-	drýpir	drýpir	-	drýpti	drýpti	drýpti	drýptu	-	-	drýpt	-	drýptur
duga	-	-	dugir	dugir	-	dugdi	dugdi	dugdi	dugdu	duga	-	-	-	-
dugi	duga	dugi	dugir	dugir	duga	dugdi	dugdi	dugdi	dugdu	duga	dugið	dugað	dugandi	dugaður
dálka	-	-	-	-	-	-	-	-	-	dálka	-	-	-	-
døma	-	-	dømir	dømir	-	dømdi	dømdi	dømdi	dømdu	-	-	dømt	-	dømdur
eggja	-	eggji	-	-	-	-	-	-	-	eggja	-	-	-	-
eigur	eiga	eigi	eigureigir	eigureigir	eiga	áttiár	áttiár	áttiár	áttu	eig	eigið	átt	eigandi	-
eita	-	-	eitur	eitur	-	hæt	hæt	hæt	hitu	-	-	hitið	-	hitin
elska	-	-	-	-	-	-	-	-	-	elska	-	-	-	-
enda	-	-	-	-	-	-	-	-	-	enda	-	-	-	-
er	vera	eri	ert	er	eru	var	vart	var	vóru	ver	verið	verið	verandi	-
ert	vera	eri	ert	er	eru	var	vart	var	vóru	ver	verið	verið	verandi	-
eru	vera	eri	ert	er	eru	var	vart	var	vóru	ver	verið	verið	verandi	-
eydnast	eydnast	eydnist	eydnast	eydnast	eydnast	eydnaðist	eydnaðist	eydnaðist	eydnaðust	-	-	eydnast	-	-
eydnaðist	eydnast	eydnist	eydnast	eydnast	eydnast	eydnaðist	eydnaðist	eydnaðist	eydnaðust	-	-	eydnast	-	-
eyka	-	-	-	-	-	-	-	-	-	eyka	-	-	-	-
eyðkenna	-	-	eyðkennir	eyðkennir	-	eyðkendi	eyðkendi	eyðkendi	eyðkendu	eyðkenna	-	eyðkent	-	eyðkendur
fagna	-	-	-	-	-	-	-	-	-	fagna	-	-	-	-
falla	-	-	fellur	fellur	-	fallfell	fall	fallfell	fullu	-	-	fallið	-	fallin
fara	-	-	fert	fer	-	fór	fórt	fór	fóru	-	-	farið	-	farin
fata	-	-	-	-	-	-	-	-	-	fata	-	-	-	-
fegna	-	-	-	-	-	-	-	-	-	fegna	-	-	-	-
fegnast	fegnast	fegnist	fegnast	fegnast	fegnast	fegnaðist	fegnaðist	fegnaðist	fegnaðust	-	-	fegnast	-	-
fekk	fáa	fái	fært	fær	fáa	fekk	fekst	fekk	fingu	fá	fáið	fingið	-	fingin
fella	-	-	fellir	fellir	-	feldi	feldi	feldi	feldu	fella	-	felt	-	feldur
ferðast	ferðast	ferðist	ferðast	ferðast	ferðast	ferdaðist	ferdaðist	ferdaðist	ferdaðust	-	-	ferdast	-	-
festa	-	-	festir	festir	-	festi	festi	festi	festu	-	-	fest	-	festur
fevna	-	-	fevnir	fevnir	-	fevndi	fevndi	fevndi	fevndu	-	-	fevnt	-	fevndur
fingin	fáa	fái	fært	fær	fáa	fekk	fekst	fekk	fingu	fá	fáið	fingið	-	fingin
fingið	fáa	fái	fært	fær	fáa	fekk	fekst	fekk	fingu	fá	fáið	fingið	-	fingin
fiska	-	-	-	-	-	-	-	-	-	fiska	-	-	-	-
fjala	-	-	fjalir	fjalir	-	fjaldi	fjaldi	fjaldi	fjaldu	-	-	fjalt	-	fjaldur
fjarstýra	-	-	fjarstýrir	fjarstýrir	-	fjarstýrdi	fjarstýrdi	fjarstýrdi	fjarstýrdu	-	-	fjarstýrt	-	fjarstýrdur
fjasa	-	-	-	-	-	-	-	-	-	fjasa	-	-	-	-
flagsa	-	-	-	-	-	-	-	-	-	flagsa	-	-	-	-
flekja	-	-	flekir	flekir	-	flakti	flakti	flakti	flaktu	-	flekið	flakt	-	flaktur
flenna	-	-	flennir	flennir	-	flenti	flenti	flenti	flentu	-	-	flent	-	flentur
fletta	-	-	flettir	flettir	-	fletti	fletti	fletti	flettu	-	-	flett	-	flettur
fljúgva	-	-	fljýgur	fljýgur	-	fljeyg	fljeygst	fljeyg	fljugu	fljúg	fljúgið	fljogið	-	fljogin
flysa	-	-	flysur	flysur	-	flusti	flusti	flusti	flustu	-	-	flust	-	flustur
flyta	-	-	flytur	flytur	-	flutti	flutti	flutti	fluttu	-	-	flutt	-	fluttur
flóta	-	-	flýtur	flýtur	-	fleyt	fleytst	fleyt	flutu	-	-	flotið	-	flotin
flúgva	-	-	flýgur	flýgur	-	fleyg	fleygst	fleyg	flugu	flúg	flúgið	flogið	-	flogin
forelska	-	-	-	-	-	-	-	-	-	forelska	-	-	-	-
fortelja	-	fortelji	fortelur	fortelur	-	fortaldi	fortaldi	fortaldi	fortaldu	-	-	fortalt	-	fortaldur
frata	-	-	-	-	-	-	-	-	-	frata	-	-	-	-
freista	-	-	-	-	-	-	-	-	-	freista	-	-	-	-
frelsa	-	-	frelsir	frelsir	-	frelsti	frelsti	frelsti	frelstu	-	-	frelst	-	frelstur
fremja	-	fremji	fremur	fremur	-	framdi	framdi	framdi	framdu	-	-	framt	-	framdur
frysta	-	-	frystir	frystir	-	frysti	frysti	frysti	frystu	-	-	fryst	-	frystur
frætta	-	-	frættir	frættir	-	frætti	frætti	frætti	frættu	-	-	frætt	-	frættur
fríggja	-	fríggji	-	-	-	-	-	-	-	fríggja	-	-	-	-
frøa	-	-	frøir	frøir	-	frøddi	frøddi	frøddi	frøddu	-	-	frøtt	-	frøddur
fylla	-	-	fyllir	fyllir	-	fylti	fylti	fylti	fyltu	-	-	fylt	-	fyltur
fíggja	-	fíggji	-	-	-	-	-	-	-	fíggja	-	-	-	-
fóðra	-	-	-	-	-	-	-	-	-	fóðra	-	-	-	-
føla	-	-	følir	følir	-	føldi	føldi	føldi	føldu	-	-	følt	-	føldur
følna	-	-	-	-	-	-	-	-	-	følna	-	-	-	-
føra	-	-	førir	førir	-	førdi	førdi	førdi	førdu	-	-	ført	-	førdur
førdu	føra	føri	førir	førir	føra	førdi	førdi	førdi	førdu	før	førið	ført	førandi	førdur
føða	-	-	føðir	føðir	-	føddi	føddi	føddi	føddu	-	-	føtt	-	føddur
fúka	-	-	fýkur	fýkur	-	feyk	feykst	feyk	fuku	-	-	fokið	-	fokin
fýkur	fúka	fúki	fýkur	fýkur	fúka	feyk	feykst	feyk	fuku	fúk	fúkið	fokið	fúkandi	fokin
gala	-	-	gelur	gelur	-	gól	gólst	gól	gólu	-	-	galið	-	galin
ganda	-	-	-	-	-	-	-	-	-	ganda	-	-	-	-
ganga	-	-	gongur	gongur	-	gekk	gekst	gekk	gingu	gakk	-	gingið	-	gingin
gangandi	ganga	gangi	gongur	gongur	ganga	gekk	gekst	gekk	gingu	gakk	gangið	gingið	gangandi	gingin
gangi	ganga	gangi	gongur	gongur	ganga	gekk	gekst	gekk	gingu	gakk	gangið	gingið	gangandi	gingin
gangið	ganga	gangi	gongur	gongur	ganga	gekk	gekst	gekk	gingu	gakk	gangið	gingið	gangandi	gingin
gekk	ganga	gangi	gongur	gongur	ganga	gekk	gekst	gekk	gingu	gakk	gangið	gingið	gangandi	gingin
gekst	ganga	gangi	gongur	gongur	ganga	gekk	gekst	gekk	gingu	gakk	gangið	gingið	gangandi	gingin
gelda	-	-	geldir	geldir	-	geldi	geldi	geldi	geldu	-	-	gelt	-	geldur
gerast	gerast	gerist	gerst	gerst	gerast	gjørdist	gjørdist	gjørdist	gjørdust	-	-	gerast	-	-
geva	-	-	gevur	gevur	-	gav	gavst	gav	góvu	-	-	givið	-	givin
gevast	gevast	gevist	gevst	gevst	gevast	gavst	gavst	gavst	góvust	gevast!	gevast!	gevast	-	-
gifta	-	-	giftir	giftir	-	gifti	gifti	gifti	giftu	-	-	gift	-	giftur
gingin	ganga	gangi	gongur	gongur	ganga	gekk	gekst	gekk	gingu	gakk	gangið	gingið	gangandi	gingin
gingið	ganga	gangi	gongur	gongur	ganga	gekk	gekst	gekk	gingu	gakk	gangið	gingið	gangandi	gingin
gingu	ganga	gangi	gongur	gongur	ganga	gekk	gekst	gekk	gingu	gakk	gangið	gingið	gangandi	gingin
gista	-	-	gistir	gistir	-	gisti	gisti	gisti	gistu	-	-	gist	-	gistur
gjalda	-	-	geldur	geldur	-	galt	galt	galt	guldu	-	-	goldið	-	goldin
gjósa	-	-	gýsur	gýsur	-	geys	geyst	geys	gusu	-	-	gosið	-	gosin
gjørdi	gera	geri	gert	ger	gera	gjørdi	gjørdi	gjørdi	gjørdu	ger	gerið	gjørt	gerandi	gjørdur
glampa	-	-	-	-	-	-	-	-	-	glampa	-	-	-	-
gleppa	-	-	gleppur	gleppur	-	glapp	glapst	glapp	gluppu	-	-	gloppið	-	gloppin
gleða	-	-	gleðir	gleðir	-	gleddi	gleddi	gleddi	gleddu	-	-	glett	-	gleddur
gloyma	-	-	gloymir	gloymir	-	gloymdi	gloymdi	gloymdi	gloymdu	-	-	gloymt	-	gloymdur
glymja	-	-	glymur	glymur	-	glumdi	glumdi	glumdi	glumdu	-	glymið	glumt	-	glumdur
glymur	glymja	glymi	glymur	glymur	glymja	glumdi	glumdi	glumdi	glumdu	glym	glymið	glumt	glymjandi	glumdur
glíða	-	-	glíður	glíður	-	gleið	gleiðst	gleið	gliðu	-	-	gliðið	-	gliðin
glógva	-	-	-	-	-	-	-	-	-	glógva	-	-	-	-
gløa	-	-	gløir	gløir	-	gløddi	gløddi	gløddi	gløddu	-	-	gløtt	-	gløddur
gløða	-	-	gløðir	gløðir	-	gløddi	gløddi	gløddi	gløddu	-	-	gløtt	-	gløddur
gneggja	-	gneggji	-	-	-	-	-	-	-	gneggja	-	-	-	-
gníggja	-	gníggji	-	-	-	-	-	-	-	gníggja	-	-	-	-
gongur	ganga	gangi	gongur	gongur	ganga	gekk	gekst	gekk	gingu	gakk	gangið	gingið	gangandi	gingin
goyggja	-	-	goyrt	goyr	-	goyði	goyði	goyði	goyðu	goyggj	goyggið	goyð	-	-
goyma	-	-	goymir	goymir	-	goymdi	goymdi	goymdi	goymdu	-	-	goymt	-	goymdur
gramla	-	-	-	-	-	-	-	-	-	gramla	-	-	-	-
grava	-	-	grevur	grevur	-	gróv	gróvst	gróv	gróvu	-	-	grivið	-	grivin
greiða	-	-	greiðir	greiðir	-	greiddi	greiddi	greiddi	greiddu	-	-	greitt	-	greiddur
grenja	-	grenji	-	-	-	-	-	-	-	grenja	-	-	-	-
gráta	-	-	grætur	grætur	-	græt	grætst	græt	grótu	-	-	grátið	-	grátin
grætur	gráta	gráti	grætur	grætur	gráta	græt	grætst	græt	grótu	grát	grátið	grátið	grátandi	grátin
grína	-	-	grínur	grínur	-	grein	greinst	grein	grinu	-	-	grinið	-	grinin
grógva	-	-	grørt	grør	-	gróði	gróði	gróði	gróðu	-	-	gróð	-	grógvin
gylla	-	-	gyllir	gyllir	-	gylti	gylti	gylti	gyltu	-	-	gylt	-	gyltur
gyllir	gylla	gylli	gyllir	gyllir	gylla	gylti	gylti	gylti	gyltu	gyll	gyllið	gylt	gyllandi	gyltur
gálva	-	-	-	-	-	-	-	-	-	gálva	-	-	-	-
góvu	geva	gevi	gevur	gevur	geva	gav	gavst	gav	góvu	gev	gevið	givið	gevandi	givin
halda	-	-	heldur	heldur	-	helt	heltst	helt	hildu	-	-	hildið	-	hildin
hanga	-	-	hongur	hongur	-	hekk	hekst	hekk	hingu	-	-	hingið	-	hingin
harðna	-	-	-	-	-	-	-	-	-	harðna	-	-	-	-
hata	-	-	-	-	-	-	-	-	-	hata	-	-	-	-
hava	-	-	hevur	hevur	-	hevði	hevði	hevði	høvdu	-	-	havt	-	havdur
heimta	-	-	-	-	-	-	-	-	-	heimta	-	-	-	-
heingja	-	-	heingir	heingir	-	hongdi	hongdi	hongdi	hongdu	heingj	-	hongt	-	hongdur
heinta	-	-	-	-	-	-	-	-	-	heinta	-	-	-	-
heiðra	-	-	-	-	-	-	-	-	-	heiðra	-	-	-	-
herja	-	herji	-	-	-	-	-	-	-	herja	-	-	-	-
hevja	-	hevji	-	-	-	-	-	-	-	hevja	-	-	-	-
hevur	hava	havi	hevur	hevur	hava	hevði	hevði	hevði	høvdu	hav	havið	havt	havandi	havdur
heysta	-	-	-	-	-	-	-	-	-	heysta	-	-	-	-
hildið	halda	haldi	heldur	heldur	halda	helt	heltst	helt	hildu	hald	haldið	hildið	haldandi	hildin
hitta	-	-	hittir	hittir	-	hitti	hitti	hitti	hittu	-	-	hitt	-	hittur
hjálpa	-	-	hjálpir	hjálpir	-	hjálpti	hjálpti	hjálpti	hjálptu	-	-	hjálpt	-	hjálptur
hoyggja	-	hoyggji	-	-	-	-	-	-	-	hoyggja	-	-	-	-
hoyra	-	-	hoyrir	hoyrir	-	hoyrdi	hoyrdi	hoyrdi	hoyrdu	-	-	hoyrt	-	hoyrdur
hoyrdi	hoyra	hoyri	hoyrir	hoyrir	hoyra	hoyrdi	hoyrdi	hoyrdi	hoyrdu	hoyr	hoyrið	hoyrt	hoyrandi	hoyrdur
hugna	-	-	-	-	-	-	-	-	-	hugna	-	-	-	-
hugsa	-	-	-	-	-	-	-	-	-	hugsa	-	-	-	-
hvína	-	-	hvínur	hvínur	-	hvein	hveinst	hvein	hvinu	-	-	hvinið	-	hvinin
hvørva	-	-	hvørvur	hvørvur	-	hvarv	hvarvst	hvarv	hvurvu	-	-	horvið	-	horvin
hyggja	-	-	hyggur	hyggur	-	hugdi	hugdi	hugdi	hugdu	-	hyggið	hugt	-	hugdur
hylja	-	-	hylur	hylur	-	huldi	huldi	huldi	huldu	-	hylið	hult	-	huldur
hækka	-	-	-	-	-	-	-	-	-	hækka	-	-	-	-
hóma	-	-	-	-	-	-	-	-	-	hóma	-	-	-	-
hóska	-	-	-	-	-	-	-	-	-	hóska	-	-	-	-
hótta	-	-	hóttir	hóttir	-	hótti	hótti	hótti	hóttu	-	-	hótt	-	hóttur
høvdu	hava	havi	hevur	hevur	hava	hevði	hevði	hevði	høvdu	hav	havið	havt	havandi	havdur
húka	-	-	hýkur	hýkur	-	heyk	heykst	heyk	huku	-	-	hokið	-	hokin
húsa	-	-	-	-	-	-	-	-	-	húsa	-	-	-	-
illa	-	-	-	-	-	-	-	-	-	illa	-	-	-	-
jaga	-	-	-	-	-	-	-	-	-	jaga	-	-	-	-
jarma	-	-	-	-	-	-	-	-	-	jarma	-	-	-	-
jarða	-	-	-	-	-	-	-	-	-	jarða	-	-	-	-
játta	-	-	-	-	-	-	-	-	-	játta	-	-	-	-
kalla	-	-	-	-	-	-	-	-	-	kalla	-	-	-	-
kasta	-	-	-	-	-	-	-	-	-	kasta	-	-	-	-
kava	-	-	-	-	-	-	-	-	-	kava	-	-	-	-
kemba	-	-	kembir	kembir	-	kembdi	kembdi	kembdi	kembdu	-	-	kembt	-	kembdur
kemur	koma	komi	kemur	kemur	koma	kom	komst	kom	komu	kom	komið	komið	komandi	komin
kenna	-	-	kennir	kennir	-	kendi	kendi	kendi	kendu	kenna	-	kent	-	kendur
keypa	-	-	keypir	keypir	-	keypti	keypti	keypti	keyptu	-	-	keypt	-	keyptur
kjakast	kjakast	kjakist	kjakast	kjakast	kjakast	kjakaðist	kjakaðist	kjakaðist	kjakaðust	-	-	kjakast	-	-
kjósa	-	-	kýsur	kýsur	-	keys	keyst	keys	kusu	-	-	kosið	-	kosin
klaga	-	-	-	-	-	-	-	-	-	klaga	-	-	-	-
klemma	-	-	-	-	-	-	-	-	-	klemma	-	-	-	-
klippa	-	-	klippir	klippir	-	klipti	klipti	klipti	kliptu	-	-	klipt	-	kliptur
klára	-	-	-	-	-	-	-	-	-	klára	-	-	-	-
klæða	-	-	klæðir	klæðir	-	klæddi	klæddi	klæddi	klæddu	-	-	klætt	-	klæddur
klíva	-	-	klívur	klívur	-	kleiv	kleivst	kleiv	klivu	-	-	klivið	-	klivin
klúgva	-	-	klývur	klývur	-	kleyv	kleyvst	kleyv	kluvu	klúg	klúgið	klovið	-	klovin
knasa	-	-	-	-	-	-	-	-	-	knasa	-	-	-	-
komi	koma	komi	kemur	kemur	koma	kom	komst	kom	komu	kom	komið	komið	komandi	komin
komið	koma	komi	kemur	kemur	koma	kom	komst	kom	komu	kom	komið	komið	komandi	komin
komst	koma	komi	kemur	kemur	koma	kom	komst	kom	komu	kom	komið	komið	komandi	komin
kosta	-	-	-	-	-	-	-	-	-	kosta	-	-	-	-
koyra	-	-	koyrir	koyrir	-	koyrdi	koyrdi	koyrdi	koyrdu	-	-	koyrt	-	koyrdur
krevja	-	krevji	krevur	krevur	-	kravdi	kravdi	kravdi	kravdu	-	-	kravt	-	kravdur
krúpa	-	-	krýpur	krýpur	-	kreyp	kreypst	kreyp	krupu	-	-	kropið	-	kropin
kukka	-	-	-	-	-	-	-	-	-	kukka	-	-	-	-
kunna	-	kann	kanst	kann	kunnu	kundi	kundi	kundi	kundu	-	-	-	-	-
kvað	kvøða	kvøði	kvøður	kvøður	kvøða	kvað	kvaðst	kvað	kvóðu	kvøð	kvøðið	kvøðið	kvøðandi	kvøðin
kvika	-	-	-	-	-	-	-	-	-	kvika	-	-	-	-
kvøða	-	-	kvøður	kvøður	-	kvað	kvaðst	kvað	kvóðu	-	-	kvøðið	-	kvøðin
kyssa	-	-	kyssir	kyssir	-	kysti	kysti	kysti	kystu	-	-	kyst	-	kystur
kína	-	-	kínir	kínir	-	kíndi	kíndi	kíndi	kíndu	-	-	kínt	-	kíndur
kóka	-	-	-	-	-	-	-	-	-	kóka	-	-	-	-
kólna	-	-	-	-	-	-	-	-	-	kólna	-	-	-	-
laga	-	-	-	-	-	-	-	-	-	laga	-	-	-	-
lagt	leggja	leggi	leggur	leggur	leggja	legði	legði	legði	løgdu	leggj	leggjið	lagt	leggjandi	lagdur
las	lesa	lesi	lesur	lesur	lesa	las	last	las	lósu	les	lesið	lisið	lesandi	lisin
lata	-	-	letur	letur	-	læt	lætst	læt	lótu	-	-	latið	-	latin
leggja	-	-	leggur	leggur	-	legði	legði	legði	løgdu	leggj	-	lagt	-	lagdur
legði	leggja	leggi	leggur	leggur	leggja	legði	legði	legði	løgdu	leggj	leggjið	lagt	leggjandi	lagdur
leiga	-	-	-	-	-	-	-	-	-	leiga	-	-	-	-
leika	-	-	-	-	-	leikti	leikti	leikti	leiktu	leika	-	-	-	leiktur
leka	-	-	lekur	lekur	-	lak	lakst	lak	lóku	-	-	likið	-	likin
lemja	-	lemji	lemur	lemur	-	lamdi	lamdi	lamdi	lamdu	-	-	lamt	-	lamdur
lenda	-	-	lendir	lendir	-	lendi	lendi	lendi	lendu	-	-	lent	-	lendur
lesa	-	-	lesur	lesur	-	las	last	las	lósu	-	-	lisið	-	lisin
leypa	-	-	loypur	loypur	-	leyp	leypst	leyp	lupu	-	-	lopið	-	lopin
liggja	-	-	liggur	liggur	-	lá	lást	lá	lógu	-	liggið	ligið	-	ligin
liva	-	-	livir	livir	-	livdi	livdi	livdi	livdu	liva	-	-	-	-
ljóða	-	-	-	-	-	-	-	-	-	ljóða	-	-	-	-
loga	-	-	-	-	-	-	-	-	-	loga	-	-	-	-
lova	-	-	-	-	-	-	-	-	-	lova	-	-	-	-
loyna	-	-	loynir	loynir	-	loyndi	loyndi	loyndi	loyndu	-	-	loynt	-	loyndur
loypa	-	-	loypir	loypir	-	loypti	loypti	loypti	loyptu	-	-	loypt	-	loyptur
loysa	-	-	loysir	loysir	-	loysti	loysti	loysti	loystu	-	-	loyst	-	loystur
loyva	-	-	loyvir	loyvir	-	loyvdi	loyvdi	loyvdi	loyvdu	-	-	loyvt	-	loyvdur
lurta	-	-	-	-	-	-	-	-	-	lurta	-	-	-	-
luttaka	-	-	luttekur	luttekur	-	luttók	luttókst	luttók	luttóku	-	-	luttikið	-	luttikin
lysta	-	-	lystir	lystir	-	lysti	lysti	lysti	lystu	-	-	lyst	-	lystur
lá	liggja	liggi	liggur	liggur	liggja	lá	lást	lá	lógu	ligg	liggið	ligið	liggjandi	ligin
láta	-	-	letur	letur	-	læt	lætst	læt	lótu	-	-	látið	-	látin
læa	-	-	lær	lær	-	læði	læði	læði	læðu	-	-	læið	-	læin
læna	-	-	lænir	lænir	-	lænti	lænti	lænti	læntu	-	-	lænt	-	læntur
læsa	-	-	læsir	læsir	-	læsti	læsti	læsti	læstu	-	-	læst	-	læstur
lætna	-	-	-	-	-	-	-	-	-	lætna	-	-	-	-
líggja	-	líggji	-	-	-	-	-	-	-	líggja	-	-	-	-
líkjast	líkjast	líkist	líkist	líkist	líkjast	líktist	líktist	líktist	líktust	-	-	líkst	-	-
líkna	-	-	-	-	-	-	-	-	-	líkna	-	-	-	-
líva	-	-	lívir	lívir	-	lívdi	lívdi	lívdi	lívdu	-	-	lívt	-	lívdur
lívga	-	-	-	-	-	-	-	-	-	lívga	-	-	-	-
líða	-	-	líður	líður	-	leið	leiðst	leið	liðu	-	-	liðið	-	liðin
løgdu	leggja	leggi	leggur	leggur	leggja	legði	legði	legði	løgdu	leggj	leggjið	lagt	leggjandi	lagdur
løna	-	-	lønir	lønir	-	lønti	lønti	lønti	løntu	-	-	lønt	-	løntur
løða	-	-	løðir	løðir	-	løddi	løddi	løddi	løddu	-	-	løtt	-	løddur
lúka	-	-	lýkur	lýkur	-	leyk	leykst	leyk	luku	-	-	lokið	-	lokin
lýsa	-	-	lýsir	lýsir	-	lýsti	lýsti	lýsti	lýstu	-	-	lýst	-	lýstur
lýða	-	-	lýðir	lýðir	-	lýddi	lýddi	lýddi	lýddu	-	-	lýtt	-	lýddur
mala	-	-	melur	melur	-	mól	mólst	mól	mólu	-	-	malið	-	malin
man	munna	man	manst	man	munnu	mundi	mundi	mundi	mundu	-	-	munnað	-	-
mega	-	má	mást	má	mugu	mátti	mátti	mátti	máttu	-	-	-	-	-
melda	-	-	-	-	-	-	-	-	-	melda	-	-	-	-
merja	-	merji	merjir	merjir	-	mardi	mardi	mardi	mardu	merj	-	mart	-	mardur
merkja	-	-	merkir	merkir	-	merkti	merkti	merkti	merktu	-	merkið	merkt	-	merktur
merkt	merkja	merki	merkir	merkir	merkja	merkti	merkti	merkti	merktu	merk	merkið	merkt	merkjandi	merktur
meta	-	-	metir	metir	-	metti	metti	metti	mettu	-	-	mett	-	mettur
minka	-	-	-	-	-	-	-	-	-	minka	-	-	-	-
minna	-	-	minnir	minnir	-	minti	minti	minti	mintu	-	-	mint	-	mintur
miseydnast	miseydnast	miseydnist	miseydnast	miseydnast	miseydnast	miseydnaðist	miseydnaðist	miseydnaðist	miseydnaðust	-	-	miseydnast	-	-
misnýta	-	-	misnýtir	misnýtir	-	misnýtti	misnýtti	misnýtti	misnýttu	-	-	misnýtt	-	misnýttur
missa	-	-	missir	missir	-	misti	misti	misti	mistu	-	-	mist	-	mistur
misskilja	-	misskilji	misskilur	misskilur	-	misskildi	misskildi	misskildi	misskildu	-	-	misskilt	-	misskildur
mjólka	-	-	-	-	-	-	-	-	-	mjólka	-	-	-	-
mogga	-	-	-	-	-	-	-	-	-	mogga	-	-	-	-
munandi	muna	muni	munar	munar	muna	munti	munti	munti	muntu	muna	munið	munað	munandi	muntur
munda	-	-	-	-	-	-	-	-	-	munda	-	-	-	-
mundi	munna	man	manst	man	munnu	mundi	mundi	mundi	mundu	-	-	munnað	-	-
munna	-	man	manst	man	munnu	mundi	mundi	mundi	mundu	-	-	-	-	-
mutla	-	-	-	-	-	-	-	-	-	mutla	-	-	-	-
mynda	-	-	-	-	-	-	-	-	-	mynda	-	-	-	-
myrkja	-	-	myrkir	myrkir	-	myrkti	myrkti	myrkti	myrktu	-	myrkið	myrkt	-	myrktur
myrða	-	-	myrðir	myrðir	-	myrdi	myrdi	myrdi	myrdu	-	-	myrt	-	myrdur
má	mega	má	mást	má	mugu	mátti	mátti	mátti	máttu	-	-	-	-	-
mála	-	-	-	-	-	-	-	-	-	mála	-	-	-	-
mátti	mega	má	mást	má	mugu	mátti	mátti	mátti	máttu	-	-	-	-	-
mæla	-	-	mælir	mælir	-	mælti	mælti	mælti	mæltu	-	-	mælt	-	mæltur
míga	-	-	mígur	mígur	-	meig	meigst	meig	migu	-	-	migið	-	migin
mølma	-	-	-	-	-	-	-	-	-	mølma	-	-	-	-
møta	-	-	møtir	møtir	-	møtti	møtti	møtti	møttu	-	-	møtt	-	møttur
nema	-	-	nemur	nemur	-	nam	namst	nam	numu	-	-	nomið	-	nomin
nerta	-	-	nertur	nertur	-	nart	nartst	nart	nurtu	-	-	nortið	-	nortin
nevna	-	-	nevnir	nevnir	-	nevndi	nevndi	nevndi	nevndu	-	-	nevnt	-	nevndur
neyðtaka	-	-	neyðtekur	neyðtekur	-	neyðtók	neyðtókst	neyðtók	neyðtóku	-	-	neyðtikið	-	neyðtikin
nikka	-	-	-	-	-	-	-	-	-	nikka	-	-	-	-
njósa	-	-	nýsur	nýsur	-	neys	neyst	neys	nusu	-	-	nosið	-	nosin
njóta	-	-	nýtur	nýtur	-	neyt	neytst	neyt	nutu	-	-	notið	-	notin
nokta	-	-	-	-	-	-	-	-	-	nokta	-	-	-	-
noytt	noyða	noyði	noyðir	noyðir	noyða	noyddi	noyddi	noyddi	noyddu	noyð	noyðið	noytt	noyðandi	noyddur
noyða	-	-	noyðir	noyðir	-	noyddi	noyddi	noyddi	noyddu	-	-	noytt	-	noyddur
nytta	-	-	-	-	-	-	-	-	-	nytta	-	-	-	-
náa	-	-	nær	nær	-	náddi	náddi	náddi	náddu	-	-	nátt	-	náddur
níga	-	-	nígur	nígur	-	neig	neigst	neig	nigu	-	-	nigið	-	nigin
nýta	-	-	nýtir	nýtir	-	nýtti	nýtti	nýtti	nýttu	-	-	nýtt	-	nýttur
oyða	-	-	oyðir	oyðir	-	oyddi	oyddi	oyddi	oyddu	-	-	oytt	-	oyddur
passa	-	-	-	-	-	-	-	-	-	passa	-	-	-	-
pilka	-	-	-	-	-	-	-	-	-	pilka	-	-	-	-
pissa	-	-	-	-	-	-	-	-	-	pissa	-	-	-	-
prumpa	-	-	-	-	-	-	-	-	-	prumpa	-	-	-	-
práta	-	-	-	-	-	-	-	-	-	práta	-	-	-	-
prísa	-	-	-	-	-	-	-	-	-	prísa	-	-	-	-
prógva	-	-	-	-	-	-	-	-	-	prógva	-	-	-	-
pynta	-	-	-	-	-	-	-	-	-	pynta	-	-	-	-
rapla	-	-	-	-	-	-	-	-	-	rapla	-	-	-	-
regna	-	-	-	-	-	-	-	-	-	regna	-	-	-	-
reiva	-	-	-	-	-	-	-	-	-	reiva	-	-	-	-
reiða	-	-	reiðir	reiðir	-	reiddi	reiddi	reiddi	reiddu	-	-	reitt	-	reiddur
reka	-	-	rekur	rekur	-	rak	rakst	rak	róku	-	-	rikið	-	rikin
rekja	-	-	rekir	rekir	-	rakti	rakti	rakti	raktu	-	rekið	rakt	-	raktur
remba	-	-	rembir	rembir	-	rembdi	rembdi	rembdi	rembdu	-	-	rembt	-	rembdur
rigga	-	-	-	-	-	-	-	-	-	rigga	-	-	-	-
rinda	-	-	-	-	-	-	-	-	-	rinda	-	-	-	-
rokna	-	-	-	-	-	-	-	-	-	rokna	-	-	-	-
roykja	-	-	roykir	roykir	-	roykti	roykti	roykti	royktu	-	roykið	roykt	-	royktur
royna	-	-	roynir	roynir	-	royndi	royndi	royndi	royndu	-	-	roynt	-	royndur
rudda	-	-	-	-	-	-	-	-	-	rudda	-	-	-	-
rulla	-	-	-	-	-	-	-	-	-	rulla	-	-	-	-
ráða	-	-	ræður	ræður	-	raddi	raddi	raddi	raddu	-	-	rátt	-	ráðin
ræna	-	-	rænir	rænir	-	rændi	rændi	rændi	rændu	-	-	rænt	-	rændur
rætta	-	-	rættir	rættir	-	rætti	rætti	rætti	rættu	-	-	rætt	-	rættur
ræðast	ræðast	ræðist	ræðast	ræðast	ræðast	ræddist	ræddist	ræddist	ræddust	-	-	ræðst	-	-
rína	-	-	rínur	rínur	-	rein	reinst	rein	rinu	-	-	rinið	-	rinin
rísa	-	-	rísur	rísur	-	reis	reisst	reis	risu	-	-	risið	-	risin
ríva	-	-	rívur	rívur	-	reiv	reivst	reiv	rivu	-	-	rivið	-	rivin
ríða	-	-	ríður	ríður	-	reið	reiðst	reið	riðu	-	-	riðið	-	riðin
rógva	-	-	rørt	rør	-	róði	róði	róði	róðu	-	-	róð	-	rógvin
rópa	-	-	-	-	-	rópti	rópti	rópti	róptu	rópa	-	-	-	róptur
róði	rógva	rógvi	rørt	rør	rógva	róði	róði	róði	róðu	rógv	rógvið	róð	rógvandi	rógvin
røkja	-	-	røkir	røkir	-	røkti	røkti	røkti	røktu	-	røkið	røkt	-	røktur
røkka	-	-	røkkur	røkkur	-	rakk	rakst	rakk	rukku	-	-	rokkið	-	rokkin
røkti	røkja	røki	røkir	røkir	røkja	røkti	røkti	røkti	røktu	røk	røkið	røkt	røkjandi	røktur
røða	-	-	røðir	røðir	-	røddi	røddi	røddi	røddu	-	-	røtt	-	røddur
rúka	-	-	rýkur	rýkur	-	reyk	reykst	reyk	ruku	-	-	rokið	-	rokin
rýma	-	-	rýmir	rýmir	-	rýmdi	rýmdi	rýmdi	rýmdu	-	-	rýmt	-	rýmdur
saga	-	-	-	-	-	-	-	-	-	saga	-	-	-	-
samanber	samanbera	samanberi	samanbert	samanber	samanbera	samanbar	samanbart	samanbar	samanbóru	samanber	samanberið	samanborið	samanberandi	samanborin
samanbera	-	-	samanbert	samanber	-	samanbar	samanbart	samanbar	samanbóru	-	-	samanborið	-	samanborin
samráðast	samráðast	samráðist	samráðast	samráðast	samráðast	samráddist	samráddist	samráddist	samráddust	-	-	samráðst	-	-
samskipa	-	-	-	-	-	-	-	-	-	samskipa	-	-	-	-
samsvara	-	-	-	-	-	-	-	-	-	samsvara	-	-	-	-
samsýna	-	-	samsýnir	samsýnir	-	samsýndi	samsýndi	samsýndi	samsýndu	-	-	samsýnt	-	samsýndur
samtykkja	-	-	samtykkir	samtykkir	-	samtykti	samtykti	samtykti	samtyktu	-	samtykkið	samtykt	-	samtyktur
savna	-	-	-	-	-	-	-	-	-	savna	-	-	-	-
segði	siga	sigi	sigur	sigur	siga	segði	segði	segði	søgdu	sig	sigið	sagt	sigandi	sagdur
sekta	-	-	-	-	-	-	-	-	-	sekta	-	-	-	-
selja	-	selji	selur	selur	-	seldi	seldi	seldi	seldu	-	-	selt	-	seldur
senda	-	-	sendir	sendir	-	sendi	sendi	sendi	sendu	-	-	sent	-	sendur
seta	-	-	setur	setur	-	setti	setti	setti	settu	-	-	sett	-	settur
seyma	-	-	-	-	-	-	-	-	-	seyma	-	-	-	-
sig	siga	sigi	sigur	sigur	siga	segði	segði	segði	søgdu	sig	sigið	sagt	sigandi	sagdur
siga	-	-	sigur	sigur	-	segði	segði	segði	søgdu	-	-	sagt	-	sagdur
sigla	-	-	siglir	siglir	-	sigldi	sigldi	sigldi	sigldu	-	-	siglt	-	sigldur
sigra	-	-	-	-	-	-	-	-	-	sigra	-	-	-	-
sipa	-	-	-	-	-	-	-	-	-	sipa	-	-	-	-
sissa	-	-	-	-	-	-	-	-	-	sissa	-	-	-	-
sita	-	-	situr	situr	-	sat	satst	sat	sótu	-	-	sitið	-	sitin
skal	skula	skal	skalt	skal	skulu	skuldi	skuldi	skuldi	skuldu	-	-	skulað	-	-
skalt	skula	skal	skalt	skal	skulu	skuldi	skuldi	skuldi	skuldu	-	-	skulað	-	-
skapa	-	-	-	-	-	skapti	skapti	skapti	skaptu	skapa	-	-	-	skaptur
ske	ske	-	-	sker	ske	-	-	skeddi	skeddu	-	-	skett	-	skeddur
skeinkja	-	-	skeinkir	skeinkir	-	skonkti	skonkti	skonkti	skonktu	skeinkj	-	skonkt	-	skonktur
skelva	-	-	skelvur	skelvur	-	skalv	skalvst	skalv	skulvu	-	-	skolvið	-	skolvin
skera	-	-	skert	sker	-	skar	skart	skar	skóru	-	-	skorið	-	skorin
skerja	-	skerji	skerjir	skerjir	-	skerdi	skerdi	skerdi	skerdu	skerj	-	skert	-	skerdur
skifta	-	-	skiftir	skiftir	-	skifti	skifti	skifti	skiftu	-	-	skift	-	skiftur
skilja	-	skilji	skilur	skilur	-	skildi	skildi	skildi	skildu	-	-	skilt	-	skildur
skipa	-	-	-	-	-	-	-	-	-	skipa	-	-	-	-
skjóta	-	-	skjýtur	skjýtur	-	skeyt	skeytst	skeyt	skutu	-	-	skotið	-	skotin
skola	-	-	-	-	-	-	-	-	-	skola	-	-	-	-
skoða	-	-	-	-	-	-	-	-	-	skoða	-	-	-	-
skrambla	-	-	-	-	-	-	-	-	-	skrambla	-	-	-	-
skreiða	-	-	skreiðir	skreiðir	-	skreiddi	skreiddi	skreiddi	skreiddu	-	-	skreitt	-	skreiddur
skriva	-	-	-	-	-	-	-	-	-	skriva	-	-	-	-
skráseta	-	-	skrásetur	skrásetur	-	skrásetti	skrásetti	skrásetti	skrásettu	-	-	skrásett	-	skrásettur
skugga	-	-	-	-	-	-	-	-	-	skugga	-	-	-	-
skula	-	skal	skalt	skal	skulu	skuldi	skuldi	skuldi	skuldu	-	-	-	-	-
skuldu	skula	skal	skalt	skal	skulu	skuldi	skuldi	skuldi	skuldu	-	-	skulað	-	-
skunda	-	-	-	-	-	-	-	-	-	skunda	-	-	-	-
skála	-	-	-	-	-	-	-	-	-	skála	-	-	-	-
skína	-	-	skínur	skínur	-	skein	skeinst	skein	skinu	-	-	skinið	-	skinin
skíra	-	-	skírir	skírir	-	skírdi	skírdi	skírdi	skírdu	-	-	skírt	-	skírdur
skíta	-	-	skítur	skítur	-	skeit	skeitst	skeit	skitu	-	-	skitið	-	skitin
skýma	-	-	skýmir	skýmir	-	skýmdi	skýmdi	skýmdi	skýmdu	-	-	skýmt	-	skýmdur
sleipa	-	-	-	-	-	-	-	-	-	sleipa	-	-	-	-
slokna	-	-	-	-	-	-	-	-	-	slokna	-	-	-	-
sláa	-	-	slært	slær	-	sló	slóst	sló	slógu	-	-	sligið	-	sligin
slíta	-	-	slítur	slítur	-	sleit	sleitst	sleit	slitu	-	-	slitið	-	slitin
slóða	-	-	-	-	-	-	-	-	-	slóða	-	-	-	-
sløkkja	-	-	sløkkir	sløkkir	-	sløkti	sløkti	sløkti	sløktu	-	sløkkið	sløkt	-	sløktur
smakka	-	-	-	-	-	-	-	-	-	smakka	-	-	-	-
smyrja	-	smyrji	smyrt	smyr	-	smurdi	smurdi	smurdi	smurdu	-	smyrið	smurt	-	smurdur
smíla	-	-	smílir	smílir	-	smílti	smílti	smílti	smíltu	-	-	smílt	-	smíltur
smúgva	-	-	smýgur	smýgur	-	smeyg	smeygst	smeyg	smugu	smúg	smúgið	smogið	-	smogin
sníkja	-	-	sníkir	sníkir	-	sníkti	sníkti	sníkti	sníktu	-	sníkið	sníkt	-	sníktur
snúgva	-	-	snýrt	snýr	-	snúði	snúði	snúði	snúðu	-	-	snúð	-	snúgvin
sora	-	-	-	-	-	-	-	-	-	sora	-	-	-	-
spara	-	-	sparir	sparir	-	spardi	spardi	spardi	spardu	-	-	spart	-	spardur
spekja	-	-	spekir	spekir	-	spekti	spekti	spekti	spektu	-	spekið	spekt	-	spektur
spenna	-	-	spennir	spennir	-	spenti	spenti	spenti	spentu	-	-	spent	-	spentur
spikka	-	-	-	-	-	-	-	-	-	spikka	-	-	-	-
spilla	-	-	spillir	spillir	-	spilti	spilti	spilti	spiltu	-	-	spilt	-	spiltur
spinna	-	-	spinnur	spinnur	-	spann	spanst	spann	spunnu	-	-	spunnið	-	spunnin
spreingja	-	-	spreingir	spreingir	-	sprongdi	sprongdi	sprongdi	sprongdu	spreingj	-	sprongt	-	sprongdur
spreka	-	-	-	-	-	-	-	-	-	spreka	-	-	-	-
spretta	-	-	sprettur	sprettur	-	spratt	spratst	spratt	spruttu	-	-	sprottið	-	sprottin
spráka	-	-	-	-	-	-	-	-	-	spráka	-	-	-	-
spyrja	-	spyrji	spyrt	spyr	-	spurdi	spurdi	spurdi	spurdu	-	spyrið	spurt	-	spurdur
spáa	-	-	-	-	-	-	-	-	-	spáa	-	-	-	-
spæla	-	-	spælir	spælir	-	spældi	spældi	spældi	spældu	-	-	spælt	-	spældur
spýggja	-	-	spýrt	spýr	-	spýði	spýði	spýði	spýðu	spýggj	spýggið	spýð	-	-
spýta	-	-	spýtir	spýtir	-	spýtti	spýtti	spýtti	spýttu	-	-	spýtt	-	spýttur
standa	-	-	stendur	stendur	-	stóð	stóðst	stóð	stóðu	statt	-	staðið	-	-
staðfesta	-	-	staðfestir	staðfestir	-	staðfesti	staðfesti	staðfesti	staðfestu	-	-	staðfest	-	staðfestur
steikja	-	-	steikir	steikir	-	stokti	stokti	stokti	stoktu	-	steikið	stokt	-	stoktur
steingja	-	-	steingir	steingir	-	stongdi	stongdi	stongdi	stongdu	steingj	-	stongt	-	stongdur
stendur	standa	standi	stendur	stendur	standa	stóð	stóðst	stóð	stóðu	statt	standið	staðið	standandi	-
steðga	-	-	-	-	-	-	-	-	-	steðga	-	-	-	-
stinga	-	-	stingur	stingur	-	stakk	stakst	stakk	stungu	stikk	-	stungið	-	stungin
stjala	-	-	stjelur	stjelur	-	stjól	stjólst	stjól	stjólu	-	-	stolið	-	stolin
stolið	stjala	stjali	stjelur	stjelur	stjala	stjól	stjólst	stjól	stjólu	stjal	stjalið	stolið	stjalandi	stolin
storma	-	-	-	-	-	-	-	-	-	storma	-	-	-	-
stovna	-	-	-	-	-	-	-	-	-	stovna	-	-	-	-
stremba	-	-	-	-	-	-	-	-	-	stremba	-	-	-	-
streva	-	-	-	-	-	-	-	-	-	streva	-	-	-	-
stríða	-	-	stríðir	stríðir	-	stríddi	stríddi	stríddi	stríddu	-	-	strítt	-	stríddur
stynja	-	-	stynur	stynur	-	stundi	stundi	stundi	stundu	-	stynið	stunt	-	stundur
stæla	-	-	stælir	stælir	-	stældi	stældi	stældi	stældu	-	-	stælt	-	stældur
stíga	-	-	stígur	stígur	-	steig	steigst	steig	stigu	-	-	stigið	-	stigin
stóð	standa	standi	stendur	stendur	standa	stóð	stóðst	stóð	stóðu	statt	standið	staðið	standandi	-
stúra	-	-	-	-	-	-	-	-	-	stúra	-	-	-	-
stýra	-	-	stýrir	stýrir	-	stýrdi	stýrdi	stýrdi	stýrdu	-	-	stýrt	-	stýrdur
suffa	-	-	-	-	-	-	-	-	-	suffa	-	-	-	-
sukku	søkka	søkki	søkkur	søkkur	søkka	sakk	sakst	sakk	sukku	søkk	søkkið	sokkið	søkkandi	sokkin
svara	-	-	-	-	-	-	-	-	-	svara	-	-	-	-
svav	sova	sovi	svevur	svevur	sova	svav	svavst	svav	svóvu	sov	sovið	sovið	sovandi	-
sveik	svíkja	svíki	svíkur	svíkur	svíkja	sveik	sveikst	sveik	sviku	svíkj	svíkjið	svikið	svíkjandi	svikin
sveipa	-	-	-	-	-	sveipti	sveipti	sveipti	sveiptu	sveipa	-	-	-	sveiptur
sveitta	-	-	-	-	-	-	-	-	-	sveitta	-	-	-	-
svevur	sova	sovi	svevur	svevur	sova	svav	svavst	svav	svóvu	sov	sovið	sovið	sovandi	-
svimja	-	svimji	svimur	svimur	-	svam	svamst	svam	svumu	-	-	svomið	-	-
svíkja	-	-	svíkur	svíkur	-	sveik	sveikst	sveik	sviku	svíkj	-	svikið	-	svikin
svíða	-	-	svíður	svíður	-	sveið	sveiðst	sveið	sviðu	-	-	sviðið	-	sviðin
svølgja	-	-	svølgir	svølgir	-	svølgdi	svølgdi	svølgdi	svølgdu	-	svølgið	svølgt	-	svølgdur
svørja	-	svørji	svørt	svør	svøra	svór	svórst	svór	svóru	svørj	-	svorið	-	svorin
synda	-	-	-	-	-	-	-	-	-	synda	-	-	-	-
syndra	-	-	-	-	-	-	-	-	-	syndra	-	-	-	-
syngja	-	-	syngur	syngur	-	sang	sang	sang	sungu	syngj	-	sungið	-	sungin
syrgja	-	-	syrgir	syrgir	-	syrgdi	syrgdi	syrgdi	syrgdu	-	syrgið	syrgt	-	syrgdur
særa	-	-	særir	særir	-	særdi	særdi	særdi	særdu	-	-	sært	-	særdur
sæð	síggja	síggi	sært	sær	síggja	sá	sást	sá	sóu	síggj	síggið	sæð	síggjandi	sæddur
síggja	-	-	sært	sær	-	sá	sást	sá	sóu	síggj	síggið	sæð	-	sæddur
sótu	sita	siti	situr	situr	sita	sat	satst	sat	sótu	sit	sitið	sitið	sitandi	sitin
sóu	síggja	síggi	sært	sær	síggja	sá	sást	sá	sóu	síggj	síggið	sæð	síggjandi	sæddur
søgdu	siga	sigi	sigur	sigur	siga	segði	segði	segði	søgdu	sig	sigið	sagt	sigandi	sagdur
søkja	-	-	søkir	søkir	-	søkti	søkti	søkti	søktu	-	søkið	søkt	-	søktur
søkka	-	-	søkkur	søkkur	-	sakk	sakst	sakk	sukku	-	-	sokkið	-	sokkin
søkkja	-	-	søkkir	søkkir	-	søkti	søkti	søkti	søktu	-	søkkið	søkt	-	søktur
søma	-	-	sømir	sømir	-	sømdi	sømdi	sømdi	sømdu	-	-	sømt	-	sømdur
súgva	-	-	sýgur	sýgur	-	seyg	seygst	seyg	sugu	súg	súgið	sogið	-	sogin
súpa	-	-	sýpur	sýpur	-	seyp	seypst	seyp	supu	-	-	sopið	-	sopin
súsa	-	-	-	-	-	-	-	-	-	súsa	-	-	-	-
sýna	-	-	sýnir	sýnir	-	sýndi	sýndi	sýndi	sýndu	-	-	sýnt	-	sýndur
tagna	-	-	-	-	-	-	-	-	-	tagna	-	-	-	-
taka	-	-	tekur	tekur	-	tók	tókst	tók	tóku	-	-	tikið	-	tikin
takast	takast	takist	tekst	tekst	takast	tókst	tókst	tókst	tókust	-	-	takast	-	-
takka	-	-	-	-	-	-	-	-	-	takka	-	-	-	-
tapa	-	-	tapir	tapir	-	tapti	tapti	tapti	taptu	-	-	tapt	-	taptur
taptu	tapa	tapi	tapir	tapir	tapa	tapti	tapti	tapti	taptu	tap	tapið	tapt	tapandi	taptur
tarna	-	-	-	-	-	-	-	-	-	tarna	-	-	-	-
teinkja	-	-	teinkir	teinkir	-	tonkti	tonkti	tonkti	tonktu	teinkj	-	tonkt	-	tonktur
tekja	-	-	tekir	tekir	-	takti	takti	takti	taktu	-	tekið	takt	-	taktur
tekna	-	-	-	-	-	-	-	-	-	tekna	-	-	-	-
tekur	taka	taki	tekur	tekur	taka	tók	tókst	tók	tóku	tak	takið	tikið	takandi	tikin
telja	-	telji	telur	telur	-	taldi	taldi	taldi	taldu	-	-	talt	-	taldur
temja	-	temji	temur	temur	-	tamdi	tamdi	tamdi	tamdu	-	-	tamt	-	tamdur
tendra	-	-	-	-	-	-	-	-	-	tendra	-	-	-	-
teska	-	-	-	-	-	-	-	-	-	teska	-	-	-	-
tiga	-	-	tigur	tigur	-	tagdi	tagdi	tagdi	tagdu	-	-	tagt	-	tagdur
tilbiðja	-	tilbiðji	tilbiður	tilbiður	-	tilbað	tilbaðst	tilbað	tilbóðu	-	-	tilbiðið	-	tilbiðin
titra	-	-	-	-	-	-	-	-	-	titra	-	-	-	-
tiðna	-	-	-	-	-	-	-	-	-	tiðna	-	-	-	-
tola	-	-	tolir	tolir	-	toldi	toldi	toldi	toldu	tola	-	-	-	-
torna	-	-	-	-	-	-	-	-	-	torna	-	-	-	-
tosa	-	-	-	-	-	-	-	-	-	tosa	-	-	-	-
toyggja	-	-	toyggir	toyggir	-	toygdi	toygdi	toygdi	toygdu	-	toyggið	toygt	-	toygdur
traff	treffa	treffi	treffur	treffur	treffa	traff	trafst	traff	truffu	treff	treffið	troffið	treffandi	troffin
treffa	-	-	treffur	treffur	-	traff	trafst	traff	truffu	-	-	troffið	-	troffin
treingja	-	-	treingir	treingir	-	trongdi	trongdi	trongdi	trongdu	treingj	-	trongt	-	trongdur
tryggja	-	tryggji	-	-	-	-	-	-	-	tryggja	-	-	-	-
tríva	-	-	trívur	trívur	-	treiv	treivst	treiv	trivu	-	-	trivið	-	trivin
tróta	-	-	trýtur	trýtur	-	treyt	treytst	treyt	trutu	-	-	trotið	-	trotin
trúgva	-	-	trýrt	trýr	-	trúði	trúði	trúði	trúðu	-	-	trúð	-	trúgvin
trýsta	-	-	trýstir	trýstir	-	trýsti	trýsti	trýsti	trýstu	-	-	trýst	-	trýstur
tutla	-	-	-	-	-	-	-	-	-	tutla	-	-	-	-
tváa	-	-	-	-	-	-	-	-	-	tváa	-	-	-	-
tæna	-	-	tænir	tænir	-	tænti	tænti	tænti	tæntu	-	-	tænt	-	tæntur
tók	taka	taki	tekur	tekur	taka	tók	tókst	tók	tóku	tak	takið	tikið	takandi	tikin
tørva	-	-	-	-	-	-	-	-	-	tørva	-	-	-	-
tøva	-	-	tøvir	tøvir	-	tøvdi	tøvdi	tøvdi	tøvdu	-	-	tøvt	-	tøvdur
týna	-	-	týnir	týnir	-	týndi	týndi	týndi	týndu	-	-	týnt	-	týndur
týða	-	-	týðir	týðir	-	týddi	týddi	týddi	týddu	-	-	týtt	-	týddur
umbera	-	-	umbert	umber	-	umbar	umbart	umbar	umbóru	-	-	umborið	-	umborin
umfata	-	-	-	-	-	-	-	-	-	umfata	-	-	-	-
umhugsa	-	-	-	-	-	-	-	-	-	umhugsa	-	-	-	-
ummæla	-	-	ummælir	ummælir	-	ummælti	ummælti	ummælti	ummæltu	-	-	ummælt	-	ummæltur
umseta	-	-	umsetur	umsetur	-	umsetti	umsetti	umsetti	umsettu	-	-	umsett	-	umsettur
umskera	-	-	umskert	umsker	-	umskar	umskart	umskar	umskóru	-	-	umskorið	-	umskorin
vakja	-	-	vakir	vakir	-	vakti	vakti	vakti	vaktu	-	vakið	vakt	-	vaktur
vakna	-	-	-	-	-	-	-	-	-	vakna	-	-	-	-
vaksa	-	-	veksur	veksur	-	vaks	vaks	vaks	vuksu	-	-	vaksið	-	vaksin
valdi	velja	velji	velur	velur	velja	valdi	valdi	valdi	valdu	vel	veljið	valt	veljandi	valdur
vanta	-	-	-	-	-	-	-	-	-	vanta	-	-	-	-
var	vera	eri	ert	er	eru	var	vart	var	vóru	ver	verið	verið	verandi	-
vara	-	-	varir	varir	-	vardi	vardi	vardi	vardu	-	-	vart	-	vardur
vart	vera	eri	ert	er	eru	var	vart	var	vóru	ver	verið	verið	verandi	-
varð	verða	verði	verður	verður	verða	varð	varð	varð	vórðu	verð	verðið	-	verðandi	vorðin
varðveita	-	-	varðveitir	varðveitir	-	varðveitti	varðveitti	varðveitti	varðveittu	-	-	varðveitt	-	varðveittur
vaska	-	-	-	-	-	-	-	-	-	vaska	-	-	-	-
vaða	-	-	veður	veður	-	vóð	vóðst	vóð	vóðu	-	-	vaðið	-	vaðin
veitst	vita	veit	veitst	veit	vita	visti	visti	visti	vistu	-	-	vitað	-	-
veittra	-	-	-	-	-	-	-	-	-	veittra	-	-	-	-
veksla	-	-	-	-	-	-	-	-	-	veksla	-	-	-	-
velja	-	velji	velur	velur	-	valdi	valdi	valdi	valdu	-	-	valt	-	valdur
venda	-	-	vendir	vendir	-	vendi	vendi	vendi	vendu	-	-	vent	-	vendur
venja	-	venji	venur	venur	-	vandi	vandi	vandi	vandu	-	-	vant	-	vandur
verandi	vera	eri	ert	er	eru	var	vart	var	vóru	ver	verið	verið	verandi	-
verið	vera	eri	ert	er	eru	var	vart	var	vóru	ver	verið	verið	verandi	-
verja	-	verji	verjir	verjir	-	vardi	vardi	vardi	vardu	verj	-	vart	-	vardur
verma	-	-	vermir	vermir	-	vermdi	vermdi	vermdi	vermdu	-	-	vermt	-	vermdur
verpa	-	-	verpur	verpur	-	varp	varpst	varp	vurpu	-	-	vorpið	-	vorpin
verð	definite	verð	verðið	verð	verðini	verð	verðið	verð	verðini	verðsins	verðanna	verð	verð	verð
verða	-	-	verður	verður	-	varð	varð	varð	vórðu	-	-	vorðið	-	vorðin
veva	-	-	vevur	vevur	-	vav	vavst	vav	vóvu	-	-	vovið	-	vovin
vil	vilja	vil	vilt	vil	vilja	vildi	vildi	vildi	vildu	-	-	vilað	-	-
vilja	-	vil	vilt	vil	-	vildi	vildi	vildi	vildu	-	-	vilað	-	-
vinda	-	-	vindur	vindur	-	vant	vanst	vant	vundu	-	-	vundið	-	vundin
virka	-	-	-	-	-	-	-	-	-	virka	-	-	-	-
virkja	-	-	virkir	virkir	-	virkti	virkti	virkti	virktu	-	virkið	virkt	-	virktur
viska	-	-	-	-	-	-	-	-	-	viska	-	-	-	-
vistu	vita	veit	veitst	veit	vita	visti	visti	visti	vistu	-	-	vitað	-	-
vitja	-	vitji	-	-	-	-	-	-	-	vitja	-	-	-	-
vitjandi	vitja	vitji	vitjar	vitjar	vitja	vitjaði	vitjaði	vitjaði	vitjaðu	vitja	vitjið	vitjað	vitjandi	vitjaður
viðganga	-	-	viðgongur	viðgongur	-	viðgekk	viðgekst	viðgekk	viðgingu	viðgakk	-	viðgingið	-	viðgingin
viðgera	-	-	viðgert	viðger	-	viðgjørdi	viðgjørdi	viðgjørdi	viðgjørdu	-	-	viðgjørt	-	viðgjørdur
viðtaka	-	-	viðtekur	viðtekur	-	viðtók	viðtókst	viðtók	viðtóku	-	-	viðtikið	-	viðtikin
viðvíkja	-	-	viðvíkur	viðvíkur	-	viðveik	viðveikst	viðveik	viðviku	viðvíkj	-	viðvikið	-	viðvikin
vundið	vinda	vindi	vindur	vindur	vinda	vant	vanst	vant	vundu	vind	vindið	vundið	vindandi	vundin
vága	-	-	-	-	-	-	-	-	-	vága	-	-	-	-
vára	-	-	-	-	-	-	-	-	-	vára	-	-	-	-
vátta	-	-	-	-	-	-	-	-	-	vátta	-	-	-	-
vænta	-	-	-	-	-	-	-	-	-	vænta	-	-	-	-
væntandi	vænta	vænti	væntar	væntar	vænta	væntaði	væntaði	væntaði	væntaðu	vænta	væntið	væntað	væntandi	væntaður
víkja	-	-	víkur	víkur	-	veik	veikst	veik	viku	víkj	-	vikið	-	vikin
vísa	-	-	vísir	vísir	-	vísti	vísti	vísti	vístu	-	-	víst	-	vístur
vóna	-	-	-	-	-	-	-	-	-	vóna	-	-	-	-
vóru	vera	eri	ert	er	eru	var	vart	var	vóru	ver	verið	verið	verandi	-
vórðu	verða	verði	verður	verður	verða	varð	varð	varð	vórðu	verð	verðið	-	verðandi	vorðin
ynskja	-	-	ynskir	ynskir	-	ynskti	ynskti	ynskti	ynsktu	-	ynskið	ynskt	-	ynsktur
yrkja	-	-	yrkir	yrkir	-	yrkti	yrkti	yrkti	yrktu	-	yrkið	yrkt	-	yrktur
átala	-	-	-	-	-	-	-	-	-	átala	-	-	-	-
átti	eiga	eigi	eigureigir	eigureigir	eiga	áttiár	áttiár	áttiár	áttu	eig	eigið	átt	eigandi	-
æla	-	-	-	-	-	-	-	-	-	æla	-	-	-	-
æt	eita	eiti	eitur	eitur	eita	hæt	hæt	hæt	hitu	eit	eitið	hitið	eitandi	hitin
ætla	-	-	-	-	-	-	-	-	-	ætla	-	-	-	-
ímynda	-	-	-	-	-	-	-	-	-	ímynda	-	-	-	-
ísna	-	-	-	-	-	-	-	-	-	ísna	-	-	-	-
órógva	-	-	-	-	-	-	-	-	-	órógva	-	-	-	-
økja	-	-	økir	økir	-	økti	økti	økti	øktu	-	økið	økt	-	øktur
útnevna	-	-	útnevnir	útnevnir	-	útnevndi	útnevndi	útnevndi	útnevndu	-	-	útnevnt	-	útnevndur
útvega	-	-	-	-	-	-	-	-	-	útvega	-	-	-	-
ýa	-	-	ýir	ýir	-	ýddi	ýddi	ýddi	ýddu	-	-	ýtt	-	ýddur
ýla	-	-	ýlir	ýlir	-	ýldi	ýldi	ýldi	ýldu	-	-	ýlt	-	ýldur
