# lemma	auxiliary (default: avere)
abarrarsi	essere
abbacchiarsi	essere
abbacinarsi	essere
abbagliare	essere/avere
abbagliarsi	essere
abballottarsi	essere
abbaluginare	essere
abbaluginarsi	essere
abbandonarsi	essere
abbarbagliarsi	essere
abbarbarsi	essere
abbarbicarsi	essere
abbarrarsi	essere
abbaruffarsi	essere
abbassarsi	essere
abbastare	essere
abbattersi	essere
abbatuffolarsi	essere
abbellarsi	essere
abbellire	essere/avere
abbellirsi	essere
abbeverarsi	essere
abbicarsi	essere
abbigliarsi	essere
abbinarsi	essere
abbindolarsi	essere
abbioccarsi	essere
abbiosciare	essere
abbiosciarsi	essere
abbisciarsi	essere
abboccarsi	essere
abboffarsi	essere
abbonacciare	essere/avere
abbonacciarsi	essere
abbonarsi	essere
abbondare	essere/avere
abbonirsi	essere
abbottonarsi	essere
abbozzolarsi	essere
abbracciarsi	essere
abbrancarsi	essere
abbrividire	essere
abbronzarsi	essere
abbrumare	essere
abbrunarsi	essere
abbrunire	essere/avere
abbrustolirsi	essere
abbrutire	essere/avere
abbrutirsi	essere
abbruttire	essere/avere
abbruttirsi	essere
abbuffarsi	essere
abbuiare	essere/avere
abbuiarsi	essere
abilitarsi	essere
abissare	essere/avere
abituarsi	essere
abondare	essere/avere
abortire	essere/avere
accadere	essere
accagliarsi	essere
accalcarsi	essere
accaldarsi	essere
accalorarsi	essere
accamparsi	essere
accanirsi	essere
accaparrarsi	essere
accapigliarsi	essere
accapricciare	essere/avere
accarezzarsi	essere
accarnare	essere/avere
accartocciarsi	essere
accasarsi	essere
accascare	essere
accasciarsi	essere
accatarrare	essere
accattivarsi	essere
accavallarsi	essere
accecare	essere/avere
accecarsi	essere
accedere	essere/avere
accendersi	essere
accentrarsi	essere
accentuarsi	essere
accertarsi	essere
accestire	essere
accettarsi	essere
acchiapparsi	essere
acchiocciolarsi	essere
acciambellarsi	essere
accidere	essere/avere
accigliarsi	essere
accingersi	essere
acciocchire	essere/avere
accipigliarsi	essere
acciucchire	essere/avere
acciuffarsi	essere
acclimatarsi	essere
accoccolarsi	essere
accoccovarsi	essere
accodarsi	essere
accogliersi	essere
accollarsi	essere
accomiatarsi	essere
accommiatarsi	essere
accomodarsi	essere
accompagnarsi	essere
acconciarsi	essere
acconfarsi	essere
accontentarsi	essere
accoppiarsi	essere
accorarsi	essere
accorciare	essere/avere
accorciarsi	essere
accordarsi	essere
accorgersi	essere
accorrere	essere
accortigianarsi	essere
accosciarsi	essere
accostarsi	essere
accostumarsi	essere
accovacciarsi	essere
accovarsi	essere
accozzarsi	essere
accreditarsi	essere
accrescere	essere/avere
accrescersi	essere
accucciarsi	essere
accucciolarsi	essere
accularsi	essere
acculturarsi	essere
accumularsi	essere
accusarsi	essere
acetificare	essere/avere
acetire	essere
acidificare	essere/avere
acquattarsi	essere
acquietarsi	essere
acuirsi	essere
acutizzarsi	essere
adagiarsi	essere
adastiarsi	essere
adattarsi	essere
addarsi	essere
addensarsi	essere
addentrarsi	essere
addestrarsi	essere
addiacciare	essere/avere
addietrare	essere
addirsi	essere
addivenire	essere
addolcare	essere/avere
addolcirsi	essere
addolorarsi	essere
addomesticarsi	essere
addormentarsi	essere
addossarsi	essere
addottorarsi	essere
addottrinarsi	essere
adduarsi	essere
addursi	essere
adeguarsi	essere
adempiersi	essere
adirarsi	essere
adombrare	essere/avere
adombrarsi	essere
adontarsi	essere
adoperarsi	essere
adoprarsi	essere
adorarsi	essere
adorezzare	essere
adornarsi	essere
adularsi	essere
adunarsi	essere
affaccendarsi	essere
affacchinarsi	essere
affacciarsi	essere
affamare	essere/avere
affannarsi	essere
affarsi	essere
affaticarsi	essere
affermarsi	essere
afferrarsi	essere
affezionarsi	essere
affiancarsi	essere
affiatarsi	essere
affidarsi	essere
affienare	essere/avere
affienarsi	essere
affievolire	essere/avere
affievolirsi	essere
affiliarsi	essere
affiochire	essere/avere
affiochirsi	essere
affiorare	essere/avere
affittire	essere/avere
affliggersi	essere
afflosciare	essere/avere
afflosciarsi	essere
affluire	essere
affogare	essere/avere
affogarsi	essere
affollarsi	essere
affondare	essere/avere
affondarsi	essere
affrancarsi	essere
affratellarsi	essere
affreddare	essere/avere
affreddarsi	essere
affrettarsi	essere
affrontarsi	essere
aggallare	essere/avere
agganciarsi	essere
aggelare	essere/avere
aggettare	essere
agghiacciare	essere/avere
agghindarsi	essere
aggiornare	essere/avere
aggiornarsi	essere
aggirarsi	essere
aggiudicarsi	essere
aggiungersi	essere
aggiustarsi	essere
agglomerarsi	essere
aggomitolarsi	essere
aggradare	essere/avere
aggradire	essere/avere
aggrapparsi	essere
aggravare	essere/avere
aggravarsi	essere
aggregarsi	essere
aggrinzare	essere/avere
aggrinzarsi	essere
aggrinzire	essere/avere
aggrinzirsi	essere
aggrondarsi	essere
aggrovigliarsi	essere
aggrumare	essere/avere
aggrumarsi	essere
aggrupparsi	essere
agguagliarsi	essere
agguerrirsi	essere
agitarsi	essere
aiutarsi	essere
albeggiare	essere
alcolizzare	essere/avere
alcolizzarsi	essere
alcoolizzare	essere/avere
alidire	essere/avere
alienarsi	essere
alimentarsi	essere
allacciarsi	essere
allagarsi	essere
allamare	essere
allampanare	essere
allampare	essere
allargarsi	essere
allarmarsi	essere
allearsi	essere
allegrarsi	essere
allenare	essere/avere
allenarsi	essere
allentarsi	essere
allettarsi	essere
allibire	essere
allietarsi	essere
allignare	essere/avere
allinearsi	essere
allocchire	essere
allogarsi	essere
allontanarsi	essere
allunare	essere/avere
allungarsi	essere
allupare	essere
alterarsi	essere
alternarsi	essere
altire	essere
alzare	essere/avere
alzarsi	essere
amalgamarsi	essere
amareggiarsi	essere
amarsi	essere
ambasciare	essere/avere
ambientarsi	essere
americanizzarsi	essere
amicarsi	essere
ammaccarsi	essere
ammalarsi	essere
ammanicarsi	essere
ammansirsi	essere
ammantarsi	essere
ammarare	essere/avere
ammassarsi	essere
ammassicciarsi	essere
ammattire	essere/avere
ammazzarsi	essere
ammelmare	essere
ammencire	essere/avere
ammezzire	essere
ammirare	essere/avere
ammogliarsi	essere
ammollare	essere/avere
ammollarsi	essere
ammontare	essere/avere
ammorbare	essere/avere
ammorbidire	essere/avere
ammorbidirsi	essere
ammosciare	essere/avere
ammottare	essere
ammucchiarsi	essere
ammuffire	essere
ammutinarsi	essere
ammutire	essere
ammutolire	essere/avere
ampliarsi	essere
amplificarsi	essere
analizzarsi	essere
anastomizzarsi	essere
anchilosarsi	essere
ancorarsi	essere
andare	essere
andarne	essere
andarsene	essere
anglicizzarsi	essere
angosciarsi	essere
angustiarsi	essere
animarsi	essere
annare	essere
annebbiare	essere/avere
annebbiarsi	essere
annegare	essere/avere
annerare	essere/avere
annerarsi	essere
annericare	essere
annerire	essere/avere
annerirsi	essere
annettersi	essere
annichilarsi	essere
annichilirsi	essere
annidarsi	essere
annodarsi	essere
annoiarsi	essere
annottare	essere/avere
annullarsi	essere
annunciarsi	essere
annunziarsi	essere
annusarsi	essere
annuvolarsi	essere
antistare	essere
aontarsi	essere
apostrofarsi	essere
appacificarsi	essere
appagarsi	essere
appaiarsi	essere
appallottolarsi	essere
appalugarsi	essere
appannarsi	essere
apparentarsi	essere
apparigliare	essere/avere
apparire	essere
appartarsi	essere
appartenere	essere/avere
appassionarsi	essere
appassire	essere/avere
appastellarsi	essere
appellarsi	essere
appendersi	essere
appesantire	essere/avere
appesantirsi	essere
appetire	essere/avere
appiacevolire	essere/avere
appianarsi	essere
appiattarsi	essere
appiattirsi	essere
appiccarsi	essere
appiccicarsi	essere
appigliarsi	essere
appisolarsi	essere
applicarsi	essere
appoggiarsi	essere
appollaiarsi	essere
appontare	essere/avere
appopparsi	essere
appostarsi	essere
appozzarsi	essere
appressarsi	essere
apprestarsi	essere
apprezzarsi	essere
approcciare	essere/avere
approdare	essere/avere
approfittarsene	essere
approfittarsi	essere
approfondirsi	essere
appropinquarsi	essere
appropriarsi	essere
approssimarsi	essere
approvvigionarsi	essere
appruare	essere/avere
appruarsi	essere
appuntare	essere/avere
appuntarsi	essere
aprirsi	essere
arabizzarsi	essere
aragnarsi	essere
arcuarsi	essere
ardere	essere/avere
arenare	essere
arenarsi	essere
arindare	essere
arissomigliare	essere
armarsi	essere
armonizzarsi	essere
arrabattarsi	essere
arrabbiare	essere
arrabbiarsi	essere
arrampicare	essere
arrampicarsi	essere
arrangiarsi	essere
arrapare	essere/avere
arrazzare	essere/avere
arrazzarsi	essere
arrendersi	essere
arrestarsi	essere
arretrare	essere/avere
arricchire	essere/avere
arricchirsi	essere
arricciare	essere/avere
arricciarsi	essere
arrischiarsi	essere
arrivare	essere/avere
arrocare	essere
arroccarsi	essere
arrochire	essere/avere
arrogarsi	essere
arrossare	essere/avere
arrossarsi	essere
arrossire	essere
arrostarsi	essere
arrotolarsi	essere
arrovellarsi	essere
arroventarsi	essere
arruffarsi	essere
arruffianarsi	essere
arrugginire	essere/avere
arruolarsi	essere
articolarsi	essere
ascendere	essere/avere
asciugare	essere/avere
asciugarsi	essere
ascoltarsi	essere
ascondersi	essere
ascriversi	essere
asfissiare	essere/avere
asfissiarsi	essere
aspettarsi	essere
assaettare	essere/avere
assemblarsi	essere
assembrare	essere/avere
assembrarsi	essere
assentarsi	essere
asserragliarsi	essere
asservirsi	essere
assestarsi	essere
assetare	essere/avere
assettarsi	essere
assicurarsi	essere
assiderarsi	essere
assidersi	essere
assimilarsi	essere
assistersi	essere
associarsi	essere
assodare	essere/avere
assodarsi	essere
assoggettarsi	essere
assolare	essere/avere
assolversi	essere
assomigliare	essere/avere
assomigliarsi	essere
assommare	essere/avere
assonare	essere/avere
assonnare	essere/avere
assopirsi	essere
assordare	essere/avere
assordire	essere/avere
assorgere	essere
assottigliarsi	essere
assuefarsi	essere
assumersi	essere
assurgere	essere
astenersi	essere
astrarsi	essere
atrofizzarsi	essere
atrovarsi	essere
attaccarsi	essere
attagliarsi	essere
attardarsi	essere
attediarsi	essere
atteggiarsi	essere
attempare	essere
attemparsi	essere
attendarsi	essere
attendersi	essere
attenere	essere/avere
attenersi	essere
attentarsi	essere
attenuarsi	essere
atterrare	essere/avere
atterrire	essere/avere
atterrirsi	essere
attestarsi	essere
attingersi	essere
attirarsi	essere
attivarsi	essere
attorcigliarsi	essere
attorniarsi	essere
attovagliare	essere
attovagliarsi	essere
attrapparsi	essere
attrarsi	essere
attrezzarsi	essere
attribuirsi	essere
attrupparsi	essere
attuarsi	essere
attutirsi	essere
augurarsi	essere
aumentare	essere/avere
aumentarsi	essere
aunarsi	essere
ausarsi	essere
auspicarsi	essere
autenticarsi	essere
autoaccusarsi	essere
autoadempiersi	essere
autoaffondarsi	essere
autoalimentarsi	essere
autoassemblarsi	essere
autoassolversi	essere
autoavverarsi	essere
autocandidarsi	essere
autocensurarsi	essere
autocitarsi	essere
autocommiserarsi	essere
autocontraddirsi	essere
autocontrarsi	essere
autocontrollarsi	essere
autoconvincersi	essere
autodefinirsi	essere
autodenunciarsi	essere
autodeterminarsi	essere
autodichiararsi	essere
autodistruggersi	essere
autoeccitarsi	essere
autoescludersi	essere
autoesiliarsi	essere
autofinanziarsi	essere
autogestirsi	essere
autogiustificarsi	essere
autogovernarsi	essere
autoimmolarsi	essere
autoimporsi	essere
autoincensarsi	essere
autoinfliggersi	essere
autointersecarsi	essere
autoinvitarsi	essere
autolesionarsi	essere
autolimitarsi	essere
automedicarsi	essere
automotivarsi	essere
autonominarsi	essere
autoproclamarsi	essere
autopromuoversi	essere
autoproteggersi	essere
autopubblicizzarsi	essere
autorealizzarsi	essere
autoregolamentarsi	essere
autoregolarsi	essere
autoripararsi	essere
autorizzarsi	essere
autosospendersi	essere
autosostenersi	essere
autosuggestionarsi	essere
autotassarsi	essere
autotrattarsi	essere
avanzare	essere/avere
avanzarsi	essere
avariarsi	essere
aversela	essere
avvalersi	essere
avvallare	essere/avere
avvallarsi	essere
avvampare	essere/avere
avvantaggiarsi	essere
avvanzare	essere
avvedersi	essere
avvelenarsi	essere
avvenire	essere
avventarsi	essere
avventurarsi	essere
avverarsi	essere
avvezzarsi	essere
avviarsi	essere
avvicendarsi	essere
avvicinarsi	essere
avvilirsi	essere
avvilupparsi	essere
avvinazzarsi	essere
avvincersi	essere
avvinghiarsi	essere
avvisarsi	essere
avvitarsi	essere
avviticchiarsi	essere
avvivarsi	essere
avvizzire	essere/avere
avvolgersi	essere
avvoltolarsi	essere
azzardarsi	essere
azzimarsi	essere
azzoppare	essere/avere
azzopparsi	essere
azzoppirsi	essere
azzuffarsi	essere
azzurrarsi	essere
bacare	essere/avere
bacarsi	essere
baciarsi	essere
badarsi	essere
bagnarsi	essere
balenare	essere/avere
baloccarsi	essere
baluginare	essere
balzare	essere
barcamenarsi	essere
bardarsi	essere
barricarsi	essere
basarsi	essere
basire	essere
bastare	essere
bastonarsi	essere
battersela	essere
battersi	essere
battezzarsi	essere
battibeccarsi	essere
bearsi	essere
beccarsi	essere
becchettarsi	essere
beffarsi	essere
bendarsi	essere
bersela	essere
bersi	essere
bianchire	essere/avere
biasimarsi	essere
biforcarsi	essere
bilanciarsi	essere
biodegradarsi	essere
bipartirsi	essere
bisognare	essere
bisticciarsi	essere
bloccarsi	essere
boriarsi	essere
brinare	essere/avere
bruciacchiarsi	essere
bruciare	essere/avere
bruciarsi	essere
bucarsi	essere
bufare	essere
burlarsi	essere
buscarsi	essere
buttare	essere/avere
buttarsi	essere
cacarsi	essere
cacciarsi	essere
cadere	essere
caducarsi	essere
cagarsi	essere
cagliare	essere/avere
calare	essere/avere
calarsi	essere
calcificare	essere/avere
calcificarsi	essere
calcolarsi	essere
calmarsi	essere
calzare	essere/avere
cambiare	essere/avere
cambiarsi	essere
campare	essere/avere
camuffarsi	essere
cancellarsi	essere
cancerizzarsi	essere
candidarsi	essere
cangiare	essere/avere
capacitare	essere/avere
capacitarsi	essere
capirsi	essere
capitare	essere
capitombolare	essere
capovolgersi	essere
capovoltarsi	essere
caratterizzarsi	essere
carbonizzare	essere/avere
carbonizzarsi	essere
carezzarsi	essere
cariarsi	essere
caricarsi	essere
cascarci	essere
cascare	essere
cascolare	essere
catapultarsi	essere
cautelarsi	essere
cavarsela	essere
cavarsi	essere
cazzottarsi	essere
celarsi	essere
cementarsi	essere
centuplicarsi	essere
cercarsela	essere
cercarsi	essere
cessare	essere/avere
chetarsi	essere
chiamarsi	essere
chiarire	essere/avere
chiarirsi	essere
chiedersi	essere
chilificare	essere/avere
chimificare	essere/avere
chinarsi	essere
chiudersi	essere
cibarsi	essere
cicatrizzare	essere/avere
cicatrizzarsi	essere
cimentarsi	essere
cincinnarsi	essere
circolare	essere/avere
circoncidersi	essere
circondarsi	essere
circonfluire	essere/avere
circulare	essere/avere
citarsi	essere
ciucciarsi	essere
classificarsi	essere
cloroformizzare	essere/avere
coagularsi	essere
coalizzarsi	essere
coccolarsi	essere
coesistere	essere
colare	essere/avere
collassare	essere/avere
collegarsi	essere
collocarsi	essere
colluttarsi	essere
colorarsi	essere
colorirsi	essere
colpevolizzarsi	essere
colpirsi	essere
combattersi	essere
combinarsi	essere
cominciare	essere/avere
commiserarsi	essere
commuoversi	essere
comparire	essere
compatirsi	essere
compattarsi	essere
compenetrarsi	essere
compensarsi	essere
compiacersi	essere
compiangersi	essere
compiersi	essere
compire	essere/avere
completarsi	essere
complicarsi	essere
complimentarsi	essere
comporsi	essere
comportarsi	essere
comprarsi	essere
comprendersi	essere
compromettersi	essere
compungersi	essere
comunicarsi	essere
concedersi	essere
concentrarsi	essere
concepirsi	essere
concertarsi	essere
conciliarsi	essere
concludersi	essere
concrescere	essere
concretarsi	essere
concretizzarsi	essere
condannarsi	essere
condensarsi	essere
condolersi	essere
condursi	essere
confarsi	essere
confederarsi	essere
conferirsi	essere
confermarsi	essere
confessarsi	essere
confidarsi	essere
configurarsi	essere
confinarsi	essere
conflagrare	essere
confluire	essere/avere
confondersi	essere
conformarsi	essere
confortarsi	essere
confrontarsi	essere
congedarsi	essere
congelarsi	essere
congiungersi	essere
conglutinarsi	essere
congratularsi	essere
congregarsi	essere
coniugarsi	essere
connaturarsi	essere
connettersi	essere
conoscersi	essere
conquistarsi	essere
consacrarsi	essere
consapevolizzarsi	essere
consegnarsi	essere
conseguire	essere/avere
consentirsi	essere
conservarsi	essere
considerarsi	essere
consigliarsi	essere
consistere	essere
consociarsi	essere
consolarsi	essere
consolidarsi	essere
consorziarsi	essere
constare	essere
consultarsi	essere
consumarsi	essere
contaminarsi	essere
contarsela	essere
contarsi	essere
contattarsi	essere
contemplarsi	essere
contendersi	essere
contenersi	essere
contentarsi	essere
continuare	essere/avere
contorcersi	essere
contornarsi	essere
contraddirsi	essere
contraddistinguersi	essere
contraffarsi	essere
contrappesare	essere/avere
contrappesarsi	essere
contrapporsi	essere
contrariarsi	essere
contrarsi	essere
contravvalere	essere/avere
contristarsi	essere
controllarsi	essere
convenire	essere/avere
convenirsi	essere
convenzionarsi	essere
convergere	essere/avere
convertirsi	essere
convincersi	essere
convivere	essere/avere
convolare	essere
coordinarsi	essere
copiarsi	essere
coprirsi	essere
corazzarsi	essere
coricarsi	essere
cornarsi	essere
correggersi	essere
corrercene	essere
correre	essere/avere
corrersi	essere
corrispondersi	essere
corrodersi	essere
corrompersi	essere
corrucciarsi	essere
corrugarsi	essere
cospargersi	essere
costare	essere
costernarsi	essere
costicchiare	essere/avere
costituirsi	essere
costringersi	essere
costruirsi	essere
crashare	essere
crearsi	essere
credersi	essere
crepare	essere
creparsi	essere
crescere	essere/avere
cresimarsi	essere
crettare	essere
crettarsi	essere
cristallizzare	essere/avere
cristallizzarsi	essere
criticarsi	essere
crocifiggersi	essere
crogiolarsi	essere
crollare	essere/avere
crollarsi	essere
cronicizzarsi	essere
cronometrarsi	essere
crucciarsi	essere
cucciare	essere
cucirsi	essere
cullarsi	essere
culminare	essere
cumularsi	essere
cuocere	essere/avere
curarsi	essere
curvarsi	essere
custodirsi	essere
dannarsi	essere
danneggiarsi	essere
darsi	essere
deacidificare	essere/avere
debilitarsi	essere
decadere	essere
decalcificare	essere/avere
decedere	essere
decidersi	essere
decomporsi	essere
deconcentrarsi	essere
decongestionarsi	essere
decontrarsi	essere
decorrere	essere
decrescere	essere
decuocere	essere/avere
decuplicarsi	essere
dedicarsi	essere
dedursi	essere
defilarsi	essere
definirsi	essere
defluire	essere
deformarsi	essere
defungere	essere
degnare	essere/avere
degnarsi	essere
degradarsi	essere
delinearsi	essere
deliziarsi	essere
deludersi	essere
demergere	essere/avere
demoralizzarsi	essere
demotivarsi	essere
denaturarsi	essere
denitrificare	essere/avere
denudarsi	essere
denunciarsi	essere
denunziarsi	essere
depauperarsi	essere
deperire	essere
depilarsi	essere
depolimerizzarsi	essere
depositarsi	essere
deprimersi	essere
depurarsi	essere
deradicalizzarsi	essere
deresponsabilizzarsi	essere
derivare	essere/avere
descriversi	essere
desquamarsi	essere
destabilizzarsi	essere
destarsi	essere
destinarsi	essere
destreggiarsi	essere
destrutturarsi	essere
deteriorarsi	essere
determinarsi	essere
detestarsi	essere
devenire	essere
devolvere	essere/avere
diacciare	essere/avere
dibattersi	essere
dichiararsi	essere
difendersi	essere
differenziarsi	essere
diffidarsi	essere
diffondersi	essere
diffrangersi	essere
dilagare	essere
dilaniarsi	essere
dilatarsi	essere
dileguare	essere/avere
dileguarsi	essere
dilettare	essere/avere
dilettarsi	essere
dilungarsi	essere
diluviare	essere/avere
dimagrare	essere/avere
dimagrire	essere
dimenarsi	essere
dimenticarsi	essere
dimettersi	essere
diminuire	essere/avere
dimoiare	essere
dimorare	essere/avere
dimostrarsi	essere
dipanarsi	essere
dipartire	essere/avere
dipartirsi	essere
dipendere	essere
dipingersi	essere
diplomarsi	essere
diradare	essere/avere
diradarsi	essere
diramarsi	essere
direzionarsi	essere
dirigersi	essere
diroccare	essere/avere
dirompere	essere/avere
dirozzarsi	essere
dirsi	essere
dirupare	essere/avere
disabituarsi	essere
disaccordarsi	essere
disacerbarsi	essere
disaffezionarsi	essere
disaggregarsi	essere
disambiguarsi	essere
disamorarsi	essere
disanimarsi	essere
disassuefarsi	essere
disavvezzarsi	essere
disbrigarsi	essere
discadere	essere
discavalcare	essere/avere
discedere	essere
discendere	essere/avere
disciogliersi	essere
discolorarsi	essere
discolparsi	essere
disconnettersi	essere
disconvenire	essere
discoscendere	essere/avere
discostarsi	essere
discreditarsi	essere
discrescere	essere
disdirsi	essere
disegnarsi	essere
disfarsi	essere
disgelarsi	essere
disgregarsi	essere
disgustarsi	essere
disidentificarsi	essere
disidratarsi	essere
disilludersi	essere
disimpegnarsi	essere
disimpiegarsi	essere
disincagliarsi	essere
disincrostarsi	essere
disingannarsi	essere
disinibirsi	essere
disinnamorarsi	essere
disintegrarsi	essere
disinteressarsi	essere
disintossicarsi	essere
disnodarsi	essere
disobbligarsi	essere
disonorarsi	essere
disorientarsi	essere
disormeggiare	essere/avere
disparire	essere
dispensarsi	essere
disperarsi	essere
disperdersi	essere
dispiacere	essere
dispiacersi	essere
dispiegarsi	essere
disporsi	essere
disprezzarsi	essere
disputarsi	essere
dissanguarsi	essere
disseccarsi	essere
dissetarsi	essere
dissiparsi	essere
dissociarsi	essere
dissolversi	essere
distaccarsi	essere
distanziarsi	essere
distendersi	essere
distinguersi	essere
distogliersi	essere
distorcersi	essere
distrarsi	essere
distribuirsi	essere
districarsi	essere
distrigarsi	essere
distruggersi	essere
disturbarsi	essere
disumanarsi	essere
disumanizzarsi	essere
disunirsi	essere
disviarsi	essere
divagarsi	essere
divallare	essere/avere
divampare	essere
divenire	essere
diventare	essere
divertirsi	essere
dividersi	essere
divincolarsi	essere
divorarsi	essere
divulgarsi	essere
docciarsi	essere
documentarsi	essere
dolere	essere/avere
dolersi	essere
domandarsi	essere
domiciliarsi	essere
dominarsi	essere
dondolarsi	essere
doparsi	essere
dormirsela	essere
dotarsi	essere
dottorarsi	essere
dovere	essere/avere
drappeggiarsi	essere
drizzarsi	essere
drogarsi	essere
duplicarsi	essere
duramificare	essere/avere
durare	essere/avere
eccellere	essere/avere
eccitarsi	essere
echeggiare	essere/avere
eclissarsi	essere
edificarsi	essere
educarsi	essere
effeminarsi	essere
effettuarsi	essere
effluire	essere
effondere	essere/avere
effondersi	essere
elevarsi	essere
elidersi	essere
eliminarsi	essere
emaciarsi	essere
emanare	essere/avere
emanarsi	essere
emanciparsi	essere
embricarsi	essere
emendarsi	essere
emergere	essere
emigrare	essere/avere
emozionarsi	essere
enfiare	essere/avere
enfiarsi	essere
entrarci	essere
entrare	essere
entusiasmarsi	essere
enuclearsi	essere
equilibrarsi	essere
equipaggiarsi	essere
equivalere	essere/avere
ergersi	essere
erigersi	essere
erudirsi	essere
esacerbarsi	essere
esaltarsi	essere
esaminarsi	essere
esanimarsi	essere
esasperarsi	essere
esaurirsi	essere
escire	essere
escludersi	essere
escoriarsi	essere
esercitarsi	essere
esfoliarsi	essere
esibirsi	essere
esilararsi	essere
esiliarsi	essere
esimersi	essere
esistere	essere
esondare	essere/avere
esonerarsi	essere
esortarsi	essere
espandersi	essere
espatriare	essere/avere
esplicarsi	essere
esplodere	essere/avere
esporsi	essere
esprimersi	essere
esserci	essere
essere	essere
esservi	essere
essiccarsi	essere
estasiarsi	essere
estendersi	essere
esterificare	essere/avere
estinguersi	essere
estollersi	essere
estraniarsi	essere
estrinsecarsi	essere
estromettersi	essere
esuberare	essere/avere
eterificare	essere/avere
eterificarsi	essere
eternarsi	essere
evadere	essere/avere
evaporare	essere/avere
evidenziarsi	essere
evitarsi	essere
evolvere	essere/avere
evolversi	essere
fallarsi	essere
fallire	essere/avere
familiarizzarsi	essere
farsela	essere
farsene	essere
farsi	essere
fasciarsi	essere
federarsi	essere
felicitarsi	essere
feltrarsi	essere
fendersi	essere
ferirsi	essere
fermarsi	essere
fessurarsi	essere
fiaccare	essere/avere
fiaccarsi	essere
ficcarsi	essere
fidanzarsi	essere
fidarsi	essere
figurarsi	essere
filare	essere/avere
filarsela	essere
filtrare	essere/avere
finanziarsi	essere
fingersi	essere
finire	essere/avere
fioccare	essere
fiondarsi	essere
fiorire	essere/avere
fissarsi	essere
flagrare	essere
flettersi	essere
fluire	essere
fluitare	essere
focalizzarsi	essere
fondarsi	essere
fondersi	essere
forarsi	essere
formalizzarsi	essere
formarsi	essere
formicolare	essere/avere
fornirsi	essere
fortificarsi	essere
forzarsi	essere
fottersene	essere
fottersi	essere
fracassarsi	essere
fraintendersi	essere
frammentarsi	essere
frammettersi	essere
frammischiarsi	essere
franare	essere
frangere	essere/avere
frantumarsi	essere
frapporsi	essere
frastagliarsi	essere
frazionarsi	essere
freddarsi	essere
fregarne	essere
fregarsene	essere
fregarsi	essere
fregiarsi	essere
frenarsi	essere
frequentarsi	essere
frizionarsi	essere
frizzarsi	essere
frollare	essere/avere
frollarsi	essere
fronteggiarsi	essere
frullare	essere/avere
fuggire	essere/avere
fulminare	essere/avere
fulminarsi	essere
fumarsela	essere
fumarsi	essere
funghire	essere
fuoriuscire	essere
furarsi	essere
garantirsi	essere
garbare	essere/avere
gassificare	essere/avere
gelare	essere/avere
gelatinizzarsi	essere
gelificare	essere/avere
gemellarsi	essere
generarsi	essere
genuflettersi	essere
germinare	essere/avere
germogliare	essere/avere
gestirsi	essere
gettarsi	essere
ghiacciare	essere/avere
giacere	essere/avere
gingillarsi	essere
giocarsela	essere
giocarsi	essere
giostrarsela	essere
giostrarsi	essere
giovare	essere/avere
giovarsi	essere
girarsi	essere
gire	essere
girsene	essere
giudicarsi	essere
giulebbarsi	essere
giungere	essere/avere
giurarsi	essere
giustapporsi	essere
giustificarsi	essere
gloriarsi	essere
glorificarsi	essere
gocciare	essere/avere
gocciolare	essere/avere
godersela	essere
godersi	essere
gonfiare	essere/avere
gonfiarsi	essere
gradire	essere/avere
graffiarsi	essere
gragnolare	essere/avere
grandinare	essere/avere
granire	essere/avere
granulare	essere/avere
gratificarsi	essere
grattarsi	essere
gremirsi	essere
gripparsi	essere
grondare	essere/avere
guadagnarsi	essere
guardarsene	essere
guardarsi	essere
guarire	essere/avere
guastarsi	essere
guerreggiarsi	essere
guidarsi	essere
guizzare	essere/avere
gustare	essere/avere
gustarsi	essere
iacere	essere
identificarsi	essere
idratarsi	essere
idrolizzarsi	essere
ignorarsi	essere
illanguidire	essere/avere
illeggiadrire	essere/avere
illeggiadrirsi	essere
illimpidire	essere/avere
illividire	essere/avere
illudersi	essere
illuminarsi	essere
imbacare	essere/avere
imbacuccarsi	essere
imbaldanzire	essere/avere
imbaldanzirsi	essere
imballarsi	essere
imbambolare	essere
imbambolarsi	essere
imbarazzarsi	essere
imbarbarire	essere/avere
imbarbarirsi	essere
imbarcarsi	essere
imbastardire	essere/avere
imbastardirsi	essere
imbastirsi	essere
imbattersi	essere
imbellettarsi	essere
imbellire	essere/avere
imbelvarsi	essere
imbestialire	essere/avere
imbestialirsi	essere
imbeversi	essere
imbiancare	essere/avere
imbiancarsi	essere
imbianchire	essere/avere
imbiondire	essere/avere
imbizzarrire	essere/avere
imbizzarrirsi	essere
imbizzire	essere
imboccare	essere/avere
imbolsire	essere
imbonire	essere/avere
imborghesire	essere/avere
imborghesirsi	essere
imboscarsi	essere
imbottirsi	essere
imbrancarsi	essere
imbrattarsi	essere
imbrigliarsi	essere
imbrillantinarsi	essere
imbrogliarsi	essere
imbronciare	essere
imbronciarsi	essere
imbroncire	essere
imbrunare	essere
imbrunire	essere/avere
imbruttire	essere/avere
imbucarsi	essere
imbufalire	essere
imbufalirsi	essere
immaginarsi	essere
immalinconire	essere/avere
immalinconirsi	essere
immatricolarsi	essere
immedesimarsi	essere
immergersi	essere
immettersi	essere
immigrare	essere
immillarsi	essere
immischiarsi	essere
immiserire	essere/avere
immiserirsi	essere
immolarsi	essere
immortalarsi	essere
immucidire	essere
immunizzarsi	essere
immusonirsi	essere
impadronirsi	essere
impallarsi	essere
impallidire	essere/avere
impaludare	essere/avere
impaludarsi	essere
impancarsi	essere
impaniarsi	essere
impantanarsi	essere
impaperarsi	essere
impappinarsi	essere
imparentarsi	essere
imparruccarsi	essere
impasticcarsi	essere
impataccarsi	essere
impaurire	essere/avere
impaurirsi	essere
impazzare	essere/avere
impazzire	essere
impedantire	essere/avere
impedirsi	essere
impegnarsi	essere
impegolarsi	essere
impelagarsi	essere
impennarsi	essere
impensierirsi	essere
imperlarsi	essere
impermalirsi	essere
impermeabilizzarsi	essere
impestarsi	essere
impiantarsi	essere
impiccarsi	essere
impicciarsi	essere
impicciolire	essere/avere
impiccolire	essere/avere
impidocchiarsi	essere
impiegarsi	essere
impietosirsi	essere
impietrire	essere/avere
impigliarsi	essere
impigrire	essere/avere
impigrirsi	essere
impinguare	essere/avere
impinguarsi	essere
impinzarsi	essere
impiparsene	essere
impiparsi	essere
impiumarsi	essere
implodere	essere
impolparsi	essere
impoltronire	essere/avere
impolverarsi	essere
impomatarsi	essere
imporporarsi	essere
imporsi	essere
importare	essere/avere
impossessarsi	essere
impoverire	essere/avere
impoverirsi	essere
impratichirsi	essere
impregnarsi	essere
impresciuttire	essere
impressionarsi	essere
imprimersi	essere
improntarsi	essere
improsciuttire	essere
impruarsi	essere
impuntarsi	essere
impuparsi	essere
imputridire	essere/avere
impuzzire	essere/avere
inabissarsi	essere
inacerbire	essere/avere
inacetire	essere/avere
inacidire	essere/avere
inacidirsi	essere
inacutirsi	essere
inalbare	essere/avere
inalbarsi	essere
inalberarsi	essere
inarcarsi	essere
inaridire	essere/avere
inaridirsi	essere
inasinire	essere
inasprire	essere/avere
inasprirsi	essere
inazzurrarsi	essere
incacchiarsi	essere
incadaverire	essere
incagliare	essere/avere
incagliarsi	essere
incallire	essere/avere
incalorirsi	essere
incalvare	essere
incalzarsi	essere
incamminarsi	essere
incanagliarsi	essere
incanaglire	essere
incanaglirsi	essere
incanalarsi	essere
incancherire	essere
incancrenire	essere/avere
incancrenirsi	essere
incantarsi	essere
incanutire	essere/avere
incaparbire	essere
incaparbirsi	essere
incapare	essere/avere
incaparsi	essere
incaponirsi	essere
incappare	essere/avere
incappottarsi	essere
incappucciarsi	essere
incapricciarsi	essere
incardinarsi	essere
incaricarsi	essere
incarnire	essere/avere
incarnirsi	essere
incarognire	essere/avere
incarognirsi	essere
incartapecorire	essere
incartapecorirsi	essere
incasinarsi	essere
incastrarsi	essere
incatenarsi	essere
incattivire	essere/avere
incavalcarsi	essere
incavolarsi	essere
incazzarsi	essere
incendiarsi	essere
incentrarsi	essere
incepparsi	essere
inchinarsi	essere
inchiodarsi	essere
inciampare	essere/avere
incipriarsi	essere
inciprignire	essere/avere
incistarsi	essere
inciuccarsi	essere
inciuchire	essere
incocciare	essere/avere
incocciarsi	essere
incoiare	essere
incollarsi	essere
incollerire	essere/avere
incollerirsi	essere
incolonnarsi	essere
incolparsi	essere
incominciare	essere/avere
incomodarsi	essere
incontrare	essere/avere
incontrarsi	essere
incoraggiarsi	essere
incordarsi	essere
incorrere	essere
increscere	essere
incresparsi	essere
incretinire	essere/avere
incretinirsi	essere
incriminarsi	essere
incrinarsi	essere
incrociarsi	essere
incrostare	essere/avere
incrudelire	essere/avere
incrudire	essere/avere
incunearsi	essere
incupire	essere/avere
incuriosirsi	essere
incurvarsi	essere
indebitarsi	essere
indebolire	essere/avere
indebolirsi	essere
indicarsi	essere
indietreggiare	essere/avere
indignarsi	essere
indirizzarsi	essere
indispettire	essere/avere
indispettirsi	essere
individuarsi	essere
indolenzire	essere/avere
indolenzirsi	essere
indugiarsi	essere
indurare	essere/avere
indurarsi	essere
indurire	essere/avere
indurirsi	essere
indursi	essere
industriarsi	essere
inebetire	essere/avere
inebetirsi	essere
inerpicarsi	essere
infagottarsi	essere
infanatichire	essere
infangarsi	essere
infastidirsi	essere
infatuarsi	essere
infebbrare	essere/avere
infeltrire	essere/avere
infeltrirsi	essere
inferocire	essere/avere
inferocirsi	essere
infervorarsi	essere
infettarsi	essere
infiacchire	essere/avere
infiacchirsi	essere
infiammarsi	essere
infilarsi	essere
infiltrarsi	essere
infingardire	essere/avere
infingardirsi	essere
infiochire	essere/avere
infischiarsene	essere
infischiarsi	essere
infistolire	essere/avere
infittire	essere/avere
infittirsi	essere
inflaccidire	essere/avere
infliggersi	essere
influire	essere/avere
infocarsi	essere
infognarsi	essere
infoltire	essere/avere
infoltirsi	essere
informarsi	essere
informatizzarsi	essere
informicolarsi	essere
informicolirsi	essere
infortunarsi	essere
infoscare	essere/avere
infoscarsi	essere
infossarsi	essere
infradiciarsi	essere
inframmettersi	essere
infrancesarsi	essere
infrangersi	essere
infrascarsi	essere
infrattarsi	essere
infreddare	essere/avere
infreddarsi	essere
infreddolire	essere
infreddolirsi	essere
infrollire	essere/avere
infrollirsi	essere
infuocarsi	essere
infurbire	essere/avere
infurbirsi	essere
infuriare	essere/avere
infuriarsi	essere
ingagliardire	essere/avere
ingannarsi	essere
ingarbugliarsi	essere
ingavonarsi	essere
ingegnarsi	essere
ingelosire	essere/avere
ingelosirsi	essere
ingenerarsi	essere
ingentilire	essere/avere
ingentilirsi	essere
ingerirsi	essere
ingiallare	essere/avere
ingiallire	essere/avere
ingigantire	essere/avere
ingigantirsi	essere
inginocchiarsi	essere
ingiovanire	essere/avere
ingiuriarsi	essere
ingobbire	essere/avere
ingobbirsi	essere
ingoffire	essere/avere
ingolfarsi	essere
ingolosire	essere/avere
ingolosirsi	essere
ingorgarsi	essere
ingozzarsi	essere
ingracilire	essere/avere
ingrandire	essere/avere
ingrandirsi	essere
ingrassare	essere/avere
ingrassarsi	essere
ingravidare	essere/avere
ingraziarsi	essere
ingrifarsi	essere
ingrigire	essere
ingropparsi	essere
ingrossare	essere/avere
ingrossarsi	essere
ingrullire	essere/avere
inguaiarsi	essere
inguantarsi	essere
iniettarsi	essere
inimicarsi	essere
iniziare	essere/avere
iniziarsi	essere
inleiarsi	essere
inluiarsi	essere
inmiarsi	essere
innalzarsi	essere
innamorarsi	essere
innervosirsi	essere
innescarsi	essere
innestarsi	essere
innevarsi	essere
innovarsi	essere
inoltrarsi	essere
inorgoglire	essere/avere
inorgoglirsi	essere
inorridire	essere/avere
inquadrarsi	essere
inquietarsi	essere
insabbiarsi	essere
insaccare	essere/avere
insalarsi	essere
insalvatichire	essere/avere
insanguinarsi	essere
insaponarsi	essere
insaporirsi	essere
inscatolarsi	essere
insecchire	essere/avere
insediarsi	essere
insegnare	essere/avere
insegnarsi	essere
inseguirsi	essere
inselvarsi	essere
inselvatichire	essere/avere
insemprarsi	essere
inserirsi	essere
inserpentire	essere
inserpentirsi	essere
insinuarsi	essere
insolentire	essere/avere
insordire	essere/avere
insorgere	essere
insospettire	essere/avere
insospettirsi	essere
insozzarsi	essere
inspessirsi	essere
installarsi	essere
instaurarsi	essere
insterilire	essere/avere
insterilirsi	essere
instradarsi	essere
instupidire	essere/avere
insudare	essere/avere
insudiciarsi	essere
insultarsi	essere
insuperbire	essere/avere
insuperbirsi	essere
intabarrarsi	essere
intarlare	essere
intarlarsi	essere
intasarsi	essere
integrarsi	essere
intendersela	essere
intendersene	essere
intendersi	essere
intenebrarsi	essere
intenerire	essere/avere
intenerirsi	essere
intensificarsi	essere
intercedere	essere/avere
interconnettersi	essere
interconvertirsi	essere
intercorrere	essere
interessare	essere/avere
interessarsi	essere
interfacciarsi	essere
interporsi	essere
interrogarsi	essere
interrompersi	essere
intersecarsi	essere
intervallarsi	essere
intervenire	essere
intessersi	essere
intestardirsi	essere
intestarsi	essere
intiepidire	essere/avere
intimidire	essere/avere
intimidirsi	essere
intimorirsi	essere
intirizzire	essere/avere
intirizzirsi	essere
intisichire	essere
intitolarsi	essere
intonarsi	essere
intontire	essere/avere
intoppare	essere/avere
intopparsi	essere
intorbidare	essere/avere
intorbidire	essere/avere
intorbidirsi	essere
intorpidire	essere/avere
intossicarsi	essere
intrare	essere
intrattenersi	essere
intravedersi	essere
intravenire	essere
intravienire	essere
intravvenire	essere
intrecciarsi	essere
intricarsi	essere
intrigarsi	essere
intripparsi	essere
intristire	essere/avere
introdursi	essere
introflettersi	essere
intromettersi	essere
intronare	essere/avere
introvertersi	essere
introvertirsi	essere
intrufolare	essere/avere
intrufolarsi	essere
intrugliarsi	essere
intrupparsi	essere
intuarsi	essere
intumidire	essere
inturgidire	essere/avere
inturgidirsi	essere
inumidirsi	essere
inurbarsi	essere
invaghire	essere/avere
invaghirsi	essere
invaginarsi	essere
invaiare	essere/avere
invalere	essere
invecchiare	essere/avere
invelenire	essere/avere
invelenirsi	essere
inventarsi	essere
inverdire	essere/avere
inverdirsi	essere
inverminire	essere
inverminirsi	essere
investire	essere/avere
investirsi	essere
inviarsi	essere
invigliacchire	essere/avere
invigliacchirsi	essere
invigorire	essere/avere
invigorirsi	essere
inviperire	essere
invischiarsi	essere
inviscidire	essere
invitarsi	essere
involarsi	essere
involgarire	essere/avere
involgarirsi	essere
involtarsi	essere
inzaccherarsi	essere
inzepparsi	essere
inzotichire	essere/avere
inzotichirsi	essere
inzupparsi	essere
ipertrofizzarsi	essere
irarsi	essere
ire	essere
iridare	essere/avere
irradiare	essere/avere
irradiarsi	essere
irraggiare	essere/avere
irrancidire	essere
irritarsi	essere
irrobustirsi	essere
irrugginire	essere/avere
irruvidire	essere/avere
irruvidirsi	essere
ischeletrire	essere/avere
ischeletrirsi	essere
iscriversi	essere
islamizzarsi	essere
isolarsi	essere
ispessirsi	essere
ispirarsi	essere
issarsi	essere
isterilire	essere/avere
isterilirsi	essere
istituirsi	essere
istruirsi	essere
istupidire	essere/avere
istupidirsi	essere
italianizzarsi	essere
kirkificare	essere/avere
labializzarsi	essere
lacerarsi	essere
laconizzare	essere
lagnarsi	essere
lambiccarsi	essere
lamentarsi	essere
lampeggiare	essere/avere
lanciarsi	essere
lapidificare	essere/avere
lapidificarsi	essere
lasciarsi	essere
laurearsi	essere
lavarsi	essere
lavorarsi	essere
leccarsi	essere
lecere	essere
legarsi	essere
leggersi	essere
legnarsi	essere
lentarsi	essere
lesionarsi	essere
lessicalizzarsi	essere
levarsi	essere
levitare	essere/avere
liberarsi	essere
librarsi	essere
licenziarsi	essere
licere	essere
lievitare	essere/avere
lignificare	essere/avere
lignificarsi	essere
limitarsi	essere
limonarsi	essere
liquefarsi	essere
lisarsi	essere
lisciarsi	essere
liticare	essere/avere
litigarsi	essere
livellarsi	essere
localizzarsi	essere
lodarsi	essere
logorarsi	essere
lordarsi	essere
luccicare	essere/avere
lustrarsi	essere
macchiarsi	essere
macerarsi	essere
magnetizzarsi	essere
malandare	essere
maledirsi	essere
mallevare	essere/avere
mancare	essere/avere
mandarsi	essere
maneggiarsi	essere
mangiarsi	essere
manifestarsi	essere
manlevare	essere/avere
mansuefarsi	essere
mantenersi	essere
manucarsi	essere
marcire	essere/avere
maritarsi	essere
martirizzarsi	essere
mascherarsi	essere
mascolinizzarsi	essere
massacrarsi	essere
massaggiarsi	essere
masturbarsi	essere
materializzarsi	essere
maturare	essere/avere
maturarsi	essere
meare	essere
medicarsi	essere
menomare	essere/avere
mentirsi	essere
meravigliare	essere/avere
meravigliarsi	essere
meritarsela	essere
meritarsi	essere
mescolarsi	essere
metallificare	essere
metamorfosarsi	essere
mettersi	essere
migliorare	essere/avere
migliorarsi	essere
migrare	essere/avere
millantarsi	essere
mimetizzarsi	essere
minacciarsi	essere
mineralizzarsi	essere
minuire	essere/avere
mischiarsi	essere
misurarsi	essere
mitigarsi	essere
mobilitarsi	essere
modellarsi	essere
moderarsi	essere
modernizzarsi	essere
modificarsi	essere
mollare	essere/avere
mollarsi	essere
molleggiarsi	essere
moltiplicarsi	essere
monacarsi	essere
montare	essere/avere
montarsi	essere
mordersi	essere
mordicchiarsi	essere
morire	essere/avere
morirsene	essere
morirsi	essere
mortificarsi	essere
mostrarsi	essere
movimentarsi	essere
mucciare	essere/avere
muffire	essere
mummificare	essere/avere
mummificarsi	essere
munirsi	essere
muovere	essere/avere
muoversi	essere
murarsi	essere
musicare	essere/avere
mutare	essere/avere
nascere	essere
nascondersi	essere
naturalizzarsi	essere
necessitare	essere/avere
negarsi	essere
negativizzarsi	essere
nevare	essere/avere
nevicare	essere/avere
nevigare	essere/avere
nevischiare	essere/avere
nevrotizzarsi	essere
nitrificare	essere/avere
nobilitarsi	essere
normalizzarsi	essere
notare	essere/avere
notificarsi	essere
nullificarsi	essere
nutrirsene	essere
nutrirsi	essere
obbligarsi	essere
obiettivarsi	essere
obliarsi	essere
obnubilarsi	essere
occhieggiarsi	essere
occidentalizzarsi	essere
occorrere	essere
occuparsene	essere
occuparsi	essere
odiarsi	essere
offendersi	essere
offrirsi	essere
offuscarsi	essere
oggettivarsi	essere
oltrarsi	essere
ombreggiarsi	essere
omologarsi	essere
onorarsi	essere
operarsi	essere
opporsi	essere
organizzarsi	essere
orgoglire	essere
orientarsi	essere
originarsi	essere
orizzontarsi	essere
ormeggiarsi	essere
ornarsi	essere
orrire	essere/avere
oscurarsi	essere
osservarsi	essere
ossidarsi	essere
ossificare	essere/avere
ossificarsi	essere
ossigenarsi	essere
ostacolarsi	essere
ostinarsi	essere
ostruirsi	essere
ottenebrarsi	essere
otturarsi	essere
ovalizzarsi	essere
pacarsi	essere
padroneggiarsi	essere
pagarsi	essere
palesarsi	essere
palleggiarsi	essere
paracadutarsi	essere
paragonarsi	essere
pararsi	essere
parere	essere
parlarsi	essere
partenere	essere/avere
partire	essere/avere
partirsi	essere
pascersi	essere
passare	essere/avere
passarsela	essere
passarsi	essere
passire	essere
pavoneggiarsi	essere
peggiorare	essere/avere
penetrare	essere/avere
pensarsi	essere
pentirsi	essere
percolare	essere/avere
percuotersi	essere
perdersi	essere
perdonarsi	essere
perdurare	essere/avere
perennare	essere/avere
perfezionarsi	essere
perire	essere/avere
peritarsi	essere
permanere	essere
permettersi	essere
perpetuarsi	essere
persuadersi	essere
perturbarsi	essere
pervenire	essere
pervertirsi	essere
pesare	essere/avere
pesarsi	essere
pettinarsi	essere
piacere	essere/avere
piacersi	essere
piaciucchiare	essere
piagarsi	essere
piangersi	essere
piantarsi	essere
piazzarsi	essere
piccarsi	essere
picchiarsi	essere
piegarsi	essere
pietrificarsi	essere
pigmentarsi	essere
piombare	essere/avere
piottare	essere/avere
piovere	essere/avere
pioviccicare	essere/avere
piovigginare	essere/avere
pioviscolare	essere/avere
pitturarsi	essere
placarsi	essere
poggiarsi	essere
polarizzarsi	essere
politicizzarsi	essere
pollare	essere
polverizzarsi	essere
popolarsi	essere
porsi	essere
portarsi	essere
posarsi	essere
posizionarsi	essere
posteggiarsi	essere
potere	essere/avere
preannunciarsi	essere
precipitare	essere/avere
precipitarsi	essere
precisarsi	essere
precludersi	essere
precorrere	essere/avere
precostituirsi	essere
predisporsi	essere
preesistere	essere
prefiggersi	essere
prefiorire	essere
pregiarsi	essere
pregiudicarsi	essere
premorire	essere
premunirsi	essere
premurarsi	essere
prenascere	essere
prendere	essere/avere
prendersela	essere
prendersi	essere
prenotarsi	essere
preoccuparsi	essere
prepararsi	essere
prepensionarsi	essere
prescriversi	essere
presentarsi	essere
preservarsi	essere
pressarsi	essere
prestarsi	essere
prevalere	essere/avere
principiare	essere/avere
privarsi	essere
procacciarsi	essere
procedere	essere/avere
proclamarsi	essere
procurarsi	essere
prodigarsi	essere
prodursi	essere
professarsi	essere
profilarsi	essere
profondarsi	essere
profondersi	essere
profumarsi	essere
progredire	essere/avere
proiettarsi	essere
proletarizzarsi	essere
proliferarsi	essere
prolungarsi	essere
promanare	essere/avere
promettersi	essere
pronunciarsi	essere
pronunziarsi	essere
propagarsi	essere
propiziarsi	essere
proporsi	essere
prorompere	essere/avere
prosciugarsi	essere
proseguire	essere/avere
prospettare	essere/avere
prospettarsi	essere
prosternarsi	essere
prostituirsi	essere
prostrarsi	essere
proteggersi	essere
protendersi	essere
protestarsi	essere
protrarsi	essere
protrudere	essere/avere
provarsi	essere
provenire	essere
provocarsi	essere
provvedersi	essere
pulire	essere/avere
pulirsi	essere
pungersi	essere
punirsi	essere
puntigliarsi	essere
punzecchiarsi	essere
purgarsi	essere
purificarsi	essere
putrefare	essere/avere
putrefarsi	essere
putrire	essere
quadrare	essere/avere
quadruplicarsi	essere
quagliare	essere
qualificarsi	essere
quietarsi	essere
quintuplicarsi	essere
rabbonacciarsi	essere
rabbonirsi	essere
rabbrividire	essere/avere
rabbruscare	essere
rabbuffarsi	essere
rabbuiare	essere
rabbuiarsi	essere
raccapezzarsi	essere
raccapigliarsi	essere
raccapricciare	essere/avere
racchetarsi	essere
racchiudersi	essere
raccogliersi	essere
raccomandarsi	essere
raccontarsi	essere
raccorciarsi	essere
raccordarsi	essere
raccorgersi	essere
racquattarsi	essere
raddensarsi	essere
raddolcirsi	essere
raddoppiare	essere/avere
raddrizzarsi	essere
raddursi	essere
radersi	essere
radicare	essere/avere
radicarsi	essere
radunarsi	essere
raffermarsi	essere
raffinire	essere
raffittire	essere/avere
rafforzarsi	essere
raffreddare	essere/avere
raffreddarsi	essere
raffrenarsi	essere
raffrescare	essere/avere
raggelarsi	essere
raggiornare	essere/avere
raggiungersi	essere
raggiustarsi	essere
raggomitolarsi	essere
raggranchire	essere/avere
raggrinzare	essere/avere
raggrinzire	essere/avere
raggrinzirsi	essere
raggrumarsi	essere
raggrupparsi	essere
rallegrarsi	essere
rallentare	essere/avere
rallentarsi	essere
ramacciare	essere
ramificarsi	essere
rammaricarsi	essere
rammemorarsi	essere
rammentarsi	essere
rammeschinire	essere
rammollire	essere/avere
rammollirsi	essere
rammorbidirsi	essere
rampare	essere
rampicare	essere/avere
rampollare	essere
rancidire	essere
rannerare	essere
rannerire	essere/avere
rannicchiarsi	essere
rannuvolare	essere/avere
rannuvolarsi	essere
rappacificarsi	essere
rappallottolarsi	essere
rappattumarsi	essere
rappisolarsi	essere
rapportarsi	essere
rapprendersi	essere
rappresentarsi	essere
rarefarsi	essere
rasarsi	essere
rassegare	essere
rassegnarsi	essere
rasserenarsi	essere
rassicurarsi	essere
rassimigliare	essere/avere
rassodare	essere/avere
rassodarsi	essere
rassomigliare	essere/avere
rassomigliarsi	essere
rassottigliarsi	essere
rastremarsi	essere
rattrappirsi	essere
rattristarsi	essere
ravvedersi	essere
ravviarsi	essere
ravvilupparsi	essere
ravvivarsi	essere
ravvolgersi	essere
ravvoltolarsi	essere
razzuffarsi	essere
realizzarsi	essere
recarsi	essere
recarvisi	essere
recedere	essere/avere
recidersi	essere
reclinarsi	essere
redimersi	essere
redire	essere
refluire	essere/avere
refulgere	essere/avere
regalarsi	essere
reggersi	essere
registrarsi	essere
regolarizzarsi	essere
regolarsi	essere
regredire	essere
reimbarcarsi	essere
reimmergersi	essere
reincarnarsi	essere
reinfettarsi	essere
reinsediarsi	essere
reinserirsi	essere
reinsorgere	essere
reintegrarsi	essere
reintervenire	essere
reintrodursi	essere
reinventarsi	essere
relazionarsi	essere
rendersi	essere
repentirsi	essere
replicarsi	essere
reprimersi	essere
reputarsi	essere
residuare	essere
resinificare	essere/avere
respingersi	essere
responsabilizzarsi	essere
restarci	essere
restare	essere
restarsi	essere
restituirsi	essere
restringersi	essere
resurgere	essere
resuscitare	essere/avere
retrocedere	essere/avere
riabbracciarsi	essere
riabilitarsi	essere
riabituarsi	essere
riaccadere	essere
riaccalcarsi	essere
riaccapigliarsi	essere
riaccendersi	essere
riaccomodarsi	essere
riaccrescere	essere/avere
riaccucciarsi	essere
riacquattarsi	essere
riacutizzarsi	essere
riaddormentarsi	essere
riadunarsi	essere
riaffacciarsi	essere
riaffermarsi	essere
riaffiatarsi	essere
riaffiorare	essere
riagganciarsi	essere
riaggiustarsi	essere
riaggravare	essere/avere
riaggravarsi	essere
riaggregarsi	essere
riallacciarsi	essere
riallinearsi	essere
rialzare	essere/avere
rialzarsi	essere
riambientarsi	essere
riammalare	essere
riammalarsi	essere
riammogliarsi	essere
riammutinarsi	essere
riandare	essere/avere
rianimarsi	essere
riappacificarsi	essere
riapparire	essere
riappassire	essere
riappellarsi	essere
riappisolarsi	essere
riapplicarsi	essere
riapprodare	essere/avere
riappropriarsi	essere
riaprirsi	essere
riardere	essere/avere
riarmarsi	essere
riarmonizzare	essere/avere
riascendere	essere
riassentarsi	essere
riassettarsi	essere
riassicurarsi	essere
riassidersi	essere
riassociarsi	essere
riassorbirsi	essere
riassumersi	essere
riattaccarsi	essere
riatterrare	essere/avere
riaversi	essere
riavventarsi	essere
riavventurarsi	essere
riavviarsi	essere
riavvicinarsi	essere
riavvolgersi	essere
riazzuffarsi	essere
ribadirsi	essere
ribaltare	essere/avere
ribaltarsi	essere
ribassare	essere/avere
ribellarsi	essere
ribisognare	essere/avere
riboccare	essere
ributtarsi	essere
ricacciarsi	essere
ricadere	essere
ricalcificare	essere/avere
ricalcificarsi	essere
ricambiarsi	essere
ricandidarsi	essere
ricapitare	essere/avere
ricaricarsi	essere
ricascare	essere
richiamarsi	essere
richiudersi	essere
riciclarsi	essere
ricollegarsi	essere
ricollocarsi	essere
ricolorarsi	essere
ricombinarsi	essere
ricominciare	essere/avere
ricomparire	essere
ricompattarsi	essere
ricomporsi	essere
ricomprarsi	essere
riconciliarsi	essere
ricondursi	essere
riconfermarsi	essere
riconfluire	essere/avere
riconfortarsi	essere
ricongiungersi	essere
riconoscersi	essere
riconsolarsi	essere
riconvenire	essere/avere
riconvertirsi	essere
ricoprirsi	essere
ricordarsi	essere
ricoricarsi	essere
ricorrere	essere/avere
ricostituirsi	essere
ricostruirsi	essere
ricoverarsi	essere
ricrearsi	essere
ricredersi	essere
ricrescere	essere/avere
ricristallizzare	essere/avere
ricristallizzarsi	essere
ridare	essere/avere
ridarsi	essere
ridersene	essere
ridersi	essere
ridestarsi	essere
rideterminarsi	essere
ridimensionarsi	essere
ridiminuire	essere
ridiscendere	essere/avere
ridisfarsi	essere
ridivenire	essere
ridiventare	essere
ridolere	essere/avere
ridondare	essere/avere
ridursi	essere
riecheggiare	essere/avere
riemergere	essere
riemigrare	essere
riempirsi	essere
rientrarci	essere
rientrare	essere
riequilibrarsi	essere
riescire	essere
riesercitarsi	essere
riesplodere	essere/avere
riessere	essere
rievaporare	essere/avere
rifallire	essere/avere
rifarsela	essere
rifarsi	essere
riferirsi	essere
rifermarsi	essere
rifiammeggiare	essere/avere
rificcarsi	essere
rifioccare	essere
rifiorire	essere/avere
rifiutarsi	essere
riflettersi	essere
rifluire	essere
rifocillarsi	essere
riformarsi	essere
rifornirsi	essere
rifrangersi	essere
rifronzire	essere/avere
rifuggire	essere/avere
rifugiarsi	essere
rifulgere	essere/avere
rigassificare	essere/avere
rigenerare	essere/avere
rigenerarsi	essere
rigettare	essere/avere
rigettarsi	essere
rigiacere	essere
rigirarsi	essere
rigiungere	essere/avere
rigocciolare	essere/avere
rigonfiare	essere/avere
rigonfiarsi	essere
rigrandinare	essere/avere
rigrondare	essere/avere
riguadagnarsi	essere
riguardarsi	essere
riguarire	essere
riguizzare	essere/avere
rigurgitare	essere/avere
rilagnarsi	essere
rilanciarsi	essere
rilasciarsi	essere
rilassarsi	essere
rileggersi	essere
rilevarsi	essere
rimanere	essere
rimanersi	essere
rimangiarsi	essere
rimarginare	essere/avere
rimarginarsi	essere
rimaritarsi	essere
rimbalzare	essere
rimbambinire	essere
rimbambire	essere/avere
rimbambirsi	essere
rimbambolire	essere
rimbarbarire	essere/avere
rimbarcarsi	essere
rimbeccarsi	essere
rimbecillire	essere/avere
rimbecillirsi	essere
rimbellire	essere/avere
rimbiancare	essere/avere
rimbiondire	essere/avere
rimboccarsi	essere
rimbombare	essere/avere
rimboscarsi	essere
rimboschire	essere/avere
rimbricconire	essere
rimbrunare	essere
rimbrunire	essere/avere
rimbruttire	essere/avere
rimembrarsi	essere
rimemorarsi	essere
rimettersi	essere
rimirarsi	essere
rimmelensire	essere
rimminchionire	essere
rimontare	essere/avere
rimorchiarsi	essere
rimorire	essere
rimpadronirsi	essere
rimpatriare	essere/avere
rimpaurire	essere/avere
rimpazzire	essere
rimpennare	essere/avere
rimpennarsi	essere
rimpiattarsi	essere
rimpicciolire	essere/avere
rimpicciolirsi	essere
rimpiccolire	essere/avere
rimpiccolirsi	essere
rimpigrire	essere/avere
rimpinzarsi	essere
rimpoltronire	essere/avere
rimpossessarsi	essere
rimpresciuttire	essere
rimproverarsi	essere
rimputridire	essere/avere
rimuoversi	essere
rimutare	essere/avere
rimutarsi	essere
rinascere	essere
rincamminarsi	essere
rincanagliarsi	essere
rincantucciarsi	essere
rincaponirsi	essere
rincappare	essere
rincarare	essere/avere
rincarnarsi	essere
rincarognire	essere
rincasare	essere
rincattivire	essere
rinchiocciolire	essere
rinchiudersi	essere
rinciampare	essere/avere
rincingere	essere
rinciprignire	essere
rincitrullire	essere/avere
rinciuchire	essere
rincoglionire	essere/avere
rincoglionirsi	essere
rincollerire	essere
rincominciare	essere/avere
rincontrarsi	essere
rincorarsi	essere
rincorrersi	essere
rincrescere	essere
rincrescersi	essere
rincretinire	essere/avere
rincrudelire	essere/avere
rincrudire	essere/avere
rinculare	essere/avere
rincuorarsi	essere
rincupire	essere/avere
rindurire	essere/avere
rinevicare	essere/avere
rinfiammarsi	essere
rinfichisecchire	essere
rinficosecchire	essere
rinfierire	essere/avere
rinfilarsi	essere
rinfingardire	essere/avere
rinfittire	essere
rinfittirsi	essere
rinfocolarsi	essere
rinforzare	essere/avere
rinforzarsi	essere
rinfoscare	essere/avere
rinfrancarsi	essere
rinfrescare	essere/avere
rinfrescarsi	essere
rinfrigidarsi	essere
rinfuriare	essere
ringagliardire	essere/avere
ringalluzzare	essere/avere
ringalluzzire	essere/avere
ringalluzzirsi	essere
ringiallire	essere/avere
ringinocchiarsi	essere
ringiovanire	essere/avere
ringiovanirsi	essere
ringiovenire	essere/avere
ringrassare	essere/avere
ringravidare	essere/avere
ringraziarsi	essere
ringrullire	essere/avere
rinnamorarsi	essere
rinnervarsi	essere
rinnovarsi	essere
rinsaccare	essere/avere
rinsaldarsi	essere
rinsalvatichire	essere
rinsanire	essere
rinsavire	essere/avere
rinsecchire	essere/avere
rinselvarsi	essere
rinselvatichire	essere/avere
rinserrarsi	essere
rintanarsi	essere
rintasare	essere/avere
rintepidire	essere/avere
rintiepidire	essere/avere
rintombare	essere/avere
rintontire	essere/avere
rintoppare	essere/avere
rintristire	essere
rintronare	essere/avere
rintrupparsi	essere
rinvenire	essere/avere
rinvenirsi	essere
rinverdire	essere/avere
rinverdirsi	essere
rinverminire	essere
rinvertire	essere/avere
rinvigorire	essere/avere
rinvigorirsi	essere
rinviliare	essere
rinvilire	essere/avere
rinviperire	essere
rinvivire	essere
rinzelarsi	essere
rioccuparsi	essere
riorganizzarsi	essere
riparare	essere/avere
ripararsi	essere
ripartire	essere/avere
ripartirsi	essere
ripassare	essere/avere
ripeggiorare	essere/avere
ripensarsi	essere
ripentirsi	essere
ripercuotersi	essere
ripetersi	essere
ripiegarsi	essere
ripigliarsi	essere
ripiombare	essere/avere
ripiovere	essere/avere
ripopolarsi	essere
riportarsi	essere
riposare	essere/avere
riposarsi	essere
riposizionarsi	essere
ripotere	essere/avere
riprecipitare	essere/avere
riprendere	essere/avere
riprendersi	essere
ripresentarsi	essere
riprincipiare	essere/avere
riprodursi	essere
ripromettersi	essere
riproporsi	essere
riputarsi	essere
riquadrare	essere/avere
riqualificarsi	essere
risalire	essere/avere
risaltare	essere/avere
risanare	essere/avere
risanarsi	essere
risbucare	essere
riscaldare	essere/avere
riscaldarsi	essere
riscattarsi	essere
riscendere	essere/avere
rischiarare	essere/avere
rischiararsi	essere
rischiare	essere/avere
rischizzare	essere/avere
risciacquarsi	essere
riscolare	essere/avere
riscontrarsi	essere
riscoppiare	essere
riscorrere	essere/avere
riscuotersi	essere
risdegnarsi	essere
risdrucciolare	essere/avere
riseccare	essere/avere
risecchire	essere
risedere	essere
riseguitare	essere/avere
risembrare	essere
risentirsi	essere
riserbarsi	essere
riservarsi	essere
riservire	essere/avere
risgocciolare	essere/avere
risgorgare	essere
risgusciare	essere
risimigliare	essere/avere
risolidificare	essere/avere
risolidificarsi	essere
risollevarsi	essere
risolversi	essere
risomigliare	essere/avere
risommare	essere/avere
risonare	essere/avere
risorgere	essere
risovvenire	essere/avere
risovvenirsi	essere
risparmiarsi	essere
rispecchiarsi	essere
rispettarsi	essere
risplendere	essere/avere
rispondersi	essere
risposarsi	essere
rispuntare	essere/avere
ristabilirsi	essere
ristabilizzarsi	essere
ristare	essere
ristillare	essere/avere
ristorarsi	essere
ristramazzare	essere
ristringersi	essere
ristruggere	essere/avere
risultare	essere
risuonare	essere/avere
risurgere	essere
risuscitare	essere/avere
risvegliarsi	essere
risvenire	essere
risvoltare	essere/avere
ritagliarsi	essere
ritemprarsi	essere
ritenersi	essere
ritirarsi	essere
ritombolare	essere
ritonare	essere/avere
ritorcersi	essere
ritornare	essere/avere
ritornarsene	essere
ritornarsi	essere
ritrarsi	essere
ritrovarsi	essere
rituffarsi	essere
rituonare	essere/avere
riunificarsi	essere
riunirsi	essere
riusare	essere/avere
riuscire	essere
riuscirsene	essere
rivaccinarsi	essere
rivalersi	essere
rivedersi	essere
rivelarsi	essere
rivenire	essere
riverberare	essere/avere
riverberarsi	essere
rivergognarsi	essere
riversarsi	essere
rivestirsi	essere
rivitalizzarsi	essere
rivivere	essere/avere
rivolare	essere/avere
rivolgersi	essere
rivoltarsi	essere
rizzarsi	essere
robotizzarsi	essere
rodersi	essere
rompersi	essere
rotolare	essere/avere
rotolarsi	essere
rovesciarsi	essere
rovinare	essere/avere
rovinarsi	essere
rubarsi	essere
ruzzolare	essere/avere
saccarificare	essere/avere
sacrificarsi	essere
saettare	essere/avere
saglire	essere/avere
saldarsi	essere
salificare	essere/avere
salire	essere/avere
salpare	essere/avere
saltare	essere/avere
salutarsi	essere
salvaguardarsi	essere
salvarsi	essere
sanarsi	essere
sanguificarsi	essere
sapere	essere/avere
sapersi	essere
saponificare	essere/avere
saporirsi	essere
satollarsi	essere
saziarsi	essere
sbaciucchiarsi	essere
sbagliarsi	essere
sbaldire	essere
sbalordire	essere/avere
sbalordirsi	essere
sbaluginare	essere/avere
sbalzare	essere/avere
sbambagiare	essere
sbancare	essere/avere
sbandare	essere/avere
sbandarsi	essere
sbarazzarsi	essere
sbarbarsi	essere
sbarcare	essere/avere
sbasire	essere
sbattersene	essere
sbattersi	essere
sbattezzarsi	essere
sbaudire	essere
sbavarsi	essere
sbellicarsi	essere
sbiadire	essere/avere
sbiadirsi	essere
sbiancare	essere/avere
sbiascicarsi	essere
sbiellare	essere/avere
sbiettare	essere/avere
sbigottire	essere/avere
sbigottirsi	essere
sbilanciarsi	essere
sbilencare	essere/avere
sbirbarsela	essere
sbisciare	essere
sbizzarrirsi	essere
sbizzire	essere
sbloccarsi	essere
sboccare	essere/avere
sbocciare	essere/avere
sbollentarsi	essere
sbollire	essere/avere
sborniarsi	essere
sbottare	essere
sbottonarsi	essere
sbozzacchire	essere/avere
sbracarsi	essere
sbracciarsi	essere
sbranarsi	essere
sbrancarsi	essere
sbreccarsi	essere
sbrecciarsi	essere
sbriciolarsi	essere
sbrigarsela	essere
sbrigarsi	essere
sbrigliarsi	essere
sbrodolarsi	essere
sbrogliarsi	essere
sbronzarsi	essere
sbucare	essere/avere
sbucciarsi	essere
sbudellarsi	essere
sbugiardarsi	essere
sbullonarsi	essere
scaccolarsi	essere
scadere	essere
scagionarsi	essere
scagliarsi	essere
scalare	essere/avere
scaldarsi	essere
scalducciarsi	essere
scalfirsi	essere
scalmanarsi	essere
scalmarsi	essere
scaltrirsi	essere
scalzarsi	essere
scambiarsi	essere
scamiciarsi	essere
scampare	essere/avere
scandalizzarsi	essere
scannarsi	essere
scansarsi	essere
scaparsi	essere
scapicollarsi	essere
scappare	essere
scappellarsi	essere
scaraventarsi	essere
scardinarsi	essere
scaricare	essere/avere
scarmigliarsi	essere
scassarsi	essere
scatenarsi	essere
scattare	essere/avere
scaturire	essere
scavalcare	essere/avere
scavallare	essere/avere
scazzarsi	essere
scazzottarsi	essere
scegliersi	essere
scemare	essere/avere
scendere	essere/avere
scervellarsi	essere
scheggiare	essere/avere
scheggiarsi	essere
schermirsi	essere
schiacciarsi	essere
schiantare	essere/avere
schiantarsi	essere
schiarire	essere/avere
schiarirsi	essere
schiattare	essere
schierarsi	essere
schifarsi	essere
schiodarsi	essere
schiostrarsi	essere
schiudersi	essere
schizzare	essere/avere
sciacquarsi	essere
scialarsi	essere
sciamare	essere/avere
sciancarsi	essere
sciarrare	essere/avere
scindersi	essere
sciogliersi	essere
scionnarsi	essere
sciorare	essere/avere
sciuparsi	essere
scivolare	essere/avere
sclerotizzarsi	essere
scoccare	essere/avere
scocciarsi	essere
scoglionarsi	essere
scolare	essere/avere
scollacciarsi	essere
scollarsi	essere
scollinare	essere/avere
scolorare	essere/avere
scolorarsi	essere
scolorire	essere/avere
scolorirsi	essere
scolparsi	essere
scommettersi	essere
scomodarsi	essere
scompaginarsi	essere
scompagnarsi	essere
scomparire	essere
scompisciarsi	essere
scomporsi	essere
sconcertarsi	essere
scondizionarsi	essere
sconfinare	essere/avere
sconfortarsi	essere
scongelarsi	essere
sconquassarsi	essere
scontrarsi	essere
sconvenire	essere
sconvolgersi	essere
scoparsi	essere
scoppiare	essere/avere
scoprirsi	essere
scoraggiarsi	essere
scorarsi	essere
scorciare	essere/avere
scorciarsi	essere
scordarsi	essere
scornarsi	essere
scorrere	essere/avere
scorrucciarsi	essere
scorticarsi	essere
scorzarsi	essere
scoscendere	essere/avere
scosciarsi	essere
scostarsi	essere
scottare	essere/avere
scottarsi	essere
screpolare	essere/avere
screpolarsi	essere
screscere	essere
scriversi	essere
scrollarsi	essere
scrosciare	essere/avere
scrostarsi	essere
scuocere	essere/avere
scuotersi	essere
scurire	essere/avere
scurirsi	essere
scusarsi	essere
sdebitarsi	essere
sdegnarsi	essere
sdentarsi	essere
sdigiunarsi	essere
sdilinquire	essere/avere
sdilinquirsi	essere
sdolere	essere
sdoppiarsi	essere
sdraiarsi	essere
sdrucciolare	essere/avere
sdrucirsi	essere
seccare	essere/avere
seccarsi	essere
sedere	essere
sedersi	essere
sedimentare	essere/avere
sedimentarsi	essere
segarsi	essere
segnalarsi	essere
segnarsi	essere
seguire	essere/avere
seguirsi	essere
seguitare	essere/avere
sembiare	essere
semblare	essere
sembrare	essere
sentirsela	essere
sentirsi	essere
separarsi	essere
seppellirsi	essere
serbarsi	essere
serenarsi	essere
serrarsi	essere
servire	essere/avere
servirsi	essere
sfagiolare	essere
sfagliare	essere/avere
sfaldarsi	essere
sfamarsi	essere
sfanfanare	essere/avere
sfangare	essere/avere
sfarinarsi	essere
sfarsi	essere
sfasciarsi	essere
sfebbrare	essere
sfegatarsi	essere
sfiancarsi	essere
sfiatarsi	essere
sfidarsi	essere
sfiduciarsi	essere
sfilacciare	essere/avere
sfilacciarsi	essere
sfilare	essere/avere
sfilarsi	essere
sfinirsi	essere
sfiorarsi	essere
sfiorire	essere
sfociare	essere/avere
sfogare	essere/avere
sfogarsi	essere
sfollare	essere/avere
sfoltirsi	essere
sfondarsi	essere
sfondolare	essere/avere
sformarsi	essere
sforzarsi	essere
sfottersi	essere
sfracellarsi	essere
sfrangersi	essere
sfratarsi	essere
sfrattare	essere/avere
sfrecciare	essere
sfreddarsi	essere
sfregarsi	essere
sfrenarsi	essere
sfrondarsi	essere
sfuggire	essere/avere
sfumare	essere/avere
sganasciarsi	essere
sganciarsi	essere
sgangherarsi	essere
sgattaiolare	essere
sgelarsi	essere
sghiacciare	essere/avere
sgocciolare	essere/avere
sgolarsi	essere
sgomentarsi	essere
sgomitolarsi	essere
sgonfiare	essere/avere
sgonfiarsi	essere
sgorgare	essere/avere
sgradire	essere/avere
sgranchirsi	essere
sgratare	essere
sgravarsi	essere
sgretolarsi	essere
sgrillettarsi	essere
sgualcirsi	essere
sguizzare	essere
sgusciare	essere/avere
sincerarsi	essere
sincronizzarsi	essere
sindacalizzarsi	essere
sintonizzarsi	essere
sistemarsi	essere
situarsi	essere
slabbrare	essere/avere
slabbrarsi	essere
slacciarsi	essere
slamare	essere/avere
slanciarsi	essere
slargarsi	essere
slegarsi	essere
slittare	essere/avere
smagliarsi	essere
smagnetizzarsi	essere
smagrire	essere/avere
smaliziarsi	essere
smaltarsi	essere
smammolarsi	essere
smanicarsi	essere
smantellarsi	essere
smarcarsi	essere
smarrire	essere/avere
smarrirsi	essere
smascellarsi	essere
smascherarsi	essere
smaterializzarsi	essere
smembrarsi	essere
smemorare	essere
smemorarsi	essere
smencire	essere/avere
smentirsi	essere
smerlucciare	essere
sminuire	essere/avere
sminuirsi	essere
smogliarsi	essere
smollicarsi	essere
smonacarsi	essere
smontare	essere/avere
smontarsi	essere
smortire	essere/avere
smorzarsi	essere
smottare	essere/avere
smuoversi	essere
smussarsi	essere
smutandarsi	essere
snaturarsi	essere
snellirsi	essere
snervarsi	essere
snidare	essere/avere
sobbarcarsi	essere
soccorrere	essere/avere
soddisfarsi	essere
soffermarsi	essere
soffiarsi	essere
soffocare	essere/avere
soffocarsi	essere
soffogare	essere/avere
soggiacere	essere
sognarsi	essere
solidificare	essere/avere
solidificarsi	essere
solimare	essere/avere
sollazzarsi	essere
sollevarsi	essere
somigliare	essere/avere
somigliarsi	essere
sommare	essere/avere
sommarsi	essere
sommosciare	essere/avere
sopirsi	essere
sopportarsi	essere
soprabbondare	essere/avere
sopraccorrere	essere
sopraccrescere	essere
sopraelevarsi	essere
sopraggiungere	essere/avere
soprarrivare	essere
sopravanzare	essere/avere
sopravvalutarsi	essere
sopravvenire	essere/avere
sopravvivere	essere
sorare	essere/avere
sorbirsi	essere
sorgere	essere
sorgiungere	essere/avere
sormontare	essere/avere
sorprendersi	essere
sorridersi	essere
sortire	essere/avere
sorvenire	essere
sostantivarsi	essere
sostanziarsi	essere
sostenersi	essere
sostentarsi	essere
sostituirsi	essere
sottentrare	essere
sottogiacere	essere
sottomettersi	essere
sottoporsi	essere
sottostare	essere
sottovalutarsi	essere
sottrarsi	essere
sovrabbondare	essere/avere
sovraccaricarsi	essere
sovraffaticarsi	essere
sovraggiungere	essere/avere
sovrapporsi	essere
sovrastare	essere/avere
sovvenire	essere/avere
spaccarsi	essere
spacciarsi	essere
spalancarsi	essere
spallarsi	essere
spalleggiarsi	essere
spalmarsi	essere
spanciarsi	essere
spandersi	essere
spaparacchiarsi	essere
spaparanzarsi	essere
spappolarsi	essere
spararsi	essere
sparere	essere
spargersi	essere
sparire	essere
sparpagliarsi	essere
spartirsi	essere
spassarsela	essere
spassarsi	essere
spaurarsi	essere
spaurirsi	essere
spaventarsi	essere
spawnare	essere
spaziarsi	essere
spazientire	essere/avere
spazientirsi	essere
spazzolarsi	essere
specchiarsi	essere
specializzarsi	essere
spedirsi	essere
spegnersi	essere
spelagare	essere/avere
spelagarsi	essere
spelarsi	essere
spellarsi	essere
spendersi	essere
spengersi	essere
spennarsi	essere
spenzolarsi	essere
spericolarsi	essere
spersonalizzarsi	essere
sperticarsi	essere
spessire	essere/avere
spettare	essere
spettinarsi	essere
spezzarsi	essere
spiaccicarsi	essere
spiacere	essere
spiacersi	essere
spiaggiare	essere/avere
spianarsi	essere
spicciare	essere/avere
spicciarsi	essere
spiccicarsi	essere
spiegarsi	essere
spiegazzarsi	essere
spiemontizzarsi	essere
spigare	essere/avere
spigionarsi	essere
spillare	essere/avere
spingersi	essere
spiovere	essere/avere
spirare	essere/avere
spogliarsi	essere
spolmonarsi	essere
spoltrirsi	essere
spopolarsi	essere
sporcarsi	essere
sporgere	essere/avere
sporgersi	essere
sposarsi	essere
spostarsi	essere
spregiudicarsi	essere
spremersi	essere
spretarsi	essere
sprigionarsi	essere
sprizzare	essere/avere
sprofondare	essere/avere
sprofondarsi	essere
sprovarsi	essere
spuleggiare	essere
spulezzare	essere
spuntare	essere/avere
squagliarsela	essere
squagliarsi	essere
squarciarsi	essere
squilibrarsi	essere
sradicarsi	essere
stabilirsi	essere
stabilizzarsi	essere
staccarsi	essere
staffarsi	essere
stagionare	essere/avere
stagionarsi	essere
stagliarsi	essere
stallare	essere/avere
stamparsi	essere
stancarsi	essere
stanziarsi	essere
stare	essere
starsene	essere
starsi	essere
stasarsi	essere
stecchire	essere/avere
stemperarsi	essere
stempiarsi	essere
stendersi	essere
stillare	essere/avere
stimarsi	essere
stingere	essere/avere
stingersi	essere
stiparsi	essere
stiracchiarsi	essere
stirarsi	essere
stizzare	essere/avere
stizzire	essere/avere
stizzirsi	essere
stomacarsi	essere
storcersi	essere
stordire	essere/avere
stordirsi	essere
storpiarsi	essere
strabalzare	essere/avere
strabattersene	essere
strabiliarsi	essere
straboccare	essere/avere
stracciarsi	essere
strafarsi	essere
strafogarsi	essere
strafottersene	essere
strafregarsene	essere
stramazzare	essere/avere
strangolarsi	essere
strapparsi	essere
straripare	essere/avere
strascicarsi	essere
strascinarsi	essere
stratificarsi	essere
strattonarsi	essere
stravaccarsi	essere
striarsi	essere
striminzirsi	essere
strinarsi	essere
stringersi	essere
strisciarsi	essere
strofinarsi	essere
stropicciarsene	essere
stropicciarsi	essere
strozzarsi	essere
struccarsi	essere
struggersi	essere
strusciarsi	essere
strutturarsi	essere
studiarsi	essere
stufarsi	essere
stupefare	essere/avere
stupefarsi	essere
stupire	essere/avere
stupirsi	essere
stuzzicarsi	essere
subentrare	essere
subirsi	essere
subissare	essere/avere
sublimare	essere/avere
subsistere	essere
succedere	essere
succedersi	essere
succhiarsi	essere
sudarsi	essere
suddividersi	essere
suggerirsi	essere
suggestionarsi	essere
suicidarsi	essere
suonare	essere/avere
superarsi	essere
suppurare	essere/avere
surgelarsi	essere
surgere	essere
surriscaldarsi	essere
surrogarsi	essere
susseguire	essere
susseguirsi	essere
sussistere	essere
sussurrarsi	essere
svaccarsi	essere
svagarsi	essere
svalutarsi	essere
svampire	essere
svanire	essere
svaporare	essere
svariare	essere/avere
svegliarsi	essere
svelarsi	essere
svelenirsi	essere
svenarsi	essere
svendersi	essere
svenire	essere
svestirsi	essere
sviarsi	essere
svicolare	essere/avere
svignare	essere
svignarsela	essere
svigorirsi	essere
svillaneggiarsi	essere
svilupparsi	essere
svincolarsi	essere
svolgersi	essere
svuotarsi	essere
tagliarsi	essere
talentare	essere
tallire	essere/avere
tapparsi	essere
tardare	essere/avere
tarlare	essere/avere
tarlarsi	essere
tarmare	essere/avere
tarmarsi	essere
tassarsi	essere
tediarsi	essere
telare	essere
telecopiarsi	essere
telefonarsi	essere
teletrasportarsi	essere
temersi	essere
temperarsi	essere
tenersi	essere
tepefarsi	essere
terminare	essere/avere
tesserarsi	essere
tingersi	essere
tintinnare	essere/avere
tirarsela	essere
tirarsi	essere
toccarsi	essere
togliersi	essere
tomare	essere/avere
tombolare	essere
tonare	essere/avere
tonchiare	essere
tondeggiare	essere/avere
tonfare	essere/avere
torcere	essere/avere
torcersi	essere
tormentarsi	essere
tornare	essere/avere
tornarsene	essere
tornarsi	essere
torturarsi	essere
toscanizzarsi	essere
trabaltare	essere
traboccare	essere/avere
trabucarsi	essere
trabuccare	essere/avere
tracollare	essere
tradirsi	essere
tradursi	essere
trafiggersi	essere
tralignare	essere/avere
trambasciare	essere
tramontare	essere
tramortire	essere/avere
tramutarsi	essere
tranquillare	essere/avere
tranquillarsi	essere
tranquillizzarsi	essere
transandare	essere/avere
transandarsi	essere
transcendere	essere/avere
transcorrere	essere/avere
transfluire	essere
transire	essere
transitare	essere
transumanare	essere
transumare	essere/avere
transustanziarsi	essere
trapassare	essere/avere
trapelare	essere/avere
trarsi	essere
trarupare	essere
trasalire	essere/avere
trasandare	essere/avere
trasandarsi	essere
trasbordare	essere/avere
trascendere	essere/avere
trascinarsi	essere
trascolorare	essere/avere
trascolorarsi	essere
trascorrere	essere/avere
trascurarsi	essere
trasecolare	essere/avere
trasferirsi	essere
trasfigurarsi	essere
trasformarsi	essere
traslocarsi	essere
trasmettersi	essere
trasmigrare	essere/avere
trasmutarsi	essere
trasparere	essere
trasparire	essere
traspirare	essere/avere
trasportarsi	essere
trastullarsi	essere
trasudare	essere/avere
trasumanare	essere
trasvolare	essere/avere
trattarsi	essere
trattenersi	essere
travagliarsi	essere
travestirsi	essere
traviarsi	essere
trincerarsi	essere
triplicarsi	essere
trovarsi	essere
truccarsi	essere
tuffarsi	essere
tumefarsi	essere
tuonare	essere/avere
turarsi	essere
turbarsi	essere
tutelarsi	essere
ubriacarsi	essere
uccidersi	essere
ulcerarsi	essere
umanarsi	essere
umanizzarsi	essere
umiliarsi	essere
ungersi	essere
uniformarsi	essere
unirsi	essere
universalizzarsi	essere
uprire	essere
urtarsi	essere
usare	essere/avere
usarsi	essere
uscire	essere
uscirne	essere
uscirsene	essere
ustionarsi	essere
usurarsi	essere
vacare	essere/avere
vaccinarsi	essere
vagare	essere/avere
vagheggiarsi	essere
vaiare	essere
vaiolare	essere
valere	essere/avere
valersi	essere
valorizzarsi	essere
valutarsi	essere
vanagloriarsi	essere
vanire	essere
vantarsi	essere
vaporare	essere/avere
vaporizzarsi	essere
varcare	essere/avere
vedersela	essere
vedersi	essere
velarsi	essere
velocizzarsi	essere
vendersi	essere
vendicarsi	essere
venire	essere
venirne	essere
venirsene	essere
vergognarsi	essere
verificarsi	essere
verminare	essere/avere
versare	essere/avere
versarsi	essere
vestirsi	essere
vetrificare	essere/avere
vetrificarsi	essere
vezzeggiarsi	essere
vienire	essere
vigorire	essere/avere
vincersi	essere
visitarsi	essere
vivere	essere/avere
viversi	essere
vivificarsi	essere
volare	essere/avere
volatilizzare	essere/avere
volatilizzarsi	essere
volercene	essere
volerci	essere
volere	essere/avere
volersi	essere
volgere	essere/avere
volgersi	essere
voltarsi	essere
voltolarsi	essere
votarsi	essere
vuotarsi	essere
zampillare	essere/avere
zittirsi	essere
zompare	essere/avere
zoppare	essere
