# lemma	class (a i uje ne)
alumniti	ne
bevskniti	ne
bevsniti	ne
biksniti	ne
bipniti	ne
blazniti	ne
blekniti	ne
bliskniti	ne
blisniti	ne
boksniti	ne
brcniti	ne
brenkniti	ne
brizgniti	ne
brlizgniti	ne
bruhniti	ne
bucniti	ne
buhniti	ne
bukniti	ne
bumfniti	ne
buniti	ne
butniti	ne
bučniti	ne
buškniti	ne
bušniti	ne
bzikniti	ne
cepetniti	ne
cepniti	ne
cikniti	ne
cmokniti	ne
copotniti	ne
crkniti	ne
cugniti	ne
cukniti	ne
curniti	ne
cvenkniti	ne
cvesti	a
cvikniti	ne
cvrkniti	ne
dahniti	ne
dajati	a
dampniti	ne
desnoklikniti	ne
dihniti	ne
domakniti	ne
dopihniti	ne
dopolniti	ne
dotakniti	ne
dotisniti	ne
drapniti	ne
dregniti	ne
drezniti	ne
drgniti	ne
driskniti	ne
drkniti	ne
drzniti	ne
dvigniti	ne
dvojnoklikniti	ne
dvoklikniti	ne
eksniti	ne
flikniti	ne
flokniti	ne
flopniti	ne
focniti	ne
fokniti	ne
frcniti	ne
frizniti	ne
frkniti	ne
fucniti	ne
fukniti	ne
gagniti	ne
ganiti	ne
gasniti	ne
gavzniti	ne
golsniti	ne
goltniti	ne
grezniti	ne
grkniti	ne
guzniti	ne
habniti	ne
hamsniti	ne
hasniti	ne
havsniti	ne
hlastniti	ne
hlipniti	ne
hmkniti	ne
hopsniti	ne
hreskniti	ne
hrestniti	ne
hrkniti	ne
hropniti	ne
hrskniti	ne
hrstniti	ne
hrustniti	ne
hrzniti	ne
hukniti	ne
huškniti	ne
hušniti	ne
ispolniti	ne
izbegniti	ne
izblekniti	ne
izbljuniti	ne
izbrizgniti	ne
izbruhniti	ne
izbuhniti	ne
izdahniti	ne
izdihniti	ne
izdrgniti	ne
izginiti	ne
izgniti	ne
izigniti	ne
izkihniti	ne
izlakotniti	ne
izmakniti	ne
izmuzniti	ne
izogniti	ne
izpahniti	ne
izpesniti	ne
izpihniti	ne
izplahniti	ne
izplakniti	ne
izpljuniti	ne
izpljusniti	ne
izpodmakniti	ne
izpodriniti	ne
izpolniti	ne
izprdniti	ne
izpreobrniti	ne
izpuhniti	ne
izriniti	ne
izstisniti	ne
iztakniti	ne
iztegniti	ne
iztisniti	ne
izvrniti	ne
javkniti	ne
javskniti	ne
jecniti	ne
jekniti	ne
kapniti	ne
kavsniti	ne
kazniti	ne
kidniti	ne
kihniti	ne
kikirikniti	ne
kikniti	ne
kiksniti	ne
kimniti	ne
kinkniti	ne
kipniti	ne
klapniti	ne
klecniti	ne
klekniti	ne
klenkniti	ne
klepniti	ne
klikniti	ne
kljuniti	ne
kljunčkniti	ne
klofniti	ne
klofutniti	ne
kloniti	ne
klopniti	ne
kokniti	ne
kolapsniti	ne
kolcniti	ne
kolniti	ne
kopitniti	ne
korakniti	ne
krahniti	ne
krakniti	ne
krcniti	ne
krehniti	ne
kreniti	ne
krepniti	ne
kresniti	ne
krikniti	ne
kušniti	ne
kvasniti	ne
kvikniti	ne
kvorkniti	ne
legniti	ne
lopniti	ne
loputniti	ne
mahniti	ne
makniti	ne
mazniti	ne
mežikniti	ne
migniti	ne
mijavkniti	ne
miniti	ne
mižikniti	ne
mlaskniti	ne
mljaskniti	ne
molsti	a
motniti	ne
mrdniti	ne
mrkniti	ne
mukniti	ne
muksniti	ne
nabrekniti	ne
nabuhniti	ne
nadahniti	ne
nadihniti	ne
nadrgniti	ne
nagniti	ne
namakniti	ne
namigniti	ne
namrdniti	ne
namrzniti	ne
namuzniti	ne
napesniti	ne
napihniti	ne
naplakniti	ne
naprdniti	ne
napuhniti	ne
nariniti	ne
nasmehniti	ne
natakniti	ne
nategniti	ne
natisniti	ne
natolcniti	ne
navdahniti	ne
navdihniti	ne
navezniti	ne
navihniti	ne
obdregniti	ne
obdrgniti	ne
obdrsniti	ne
obgrizniti	ne
oblizniti	ne
obmolkniti	ne
obniti	ne
obregniti	ne
obrizgniti	ne
obrniti	ne
odahniti	ne
odbleskniti	ne
odblisniti	ne
odbrcniti	ne
odcvikniti	ne
oddahniti	ne
oddihniti	ne
oddrgniti	ne
oddrsniti	ne
odfrcniti	ne
odgrizniti	ne
odgrniti	ne
odhrkniti	ne
odjekniti	ne
odkleniti	ne
odkrehniti	ne
odkrhniti	ne
odloputniti	ne
odmahniti	ne
odmakniti	ne
odmežikniti	ne
odmigniti	ne
odmrzniti	ne
odpahniti	ne
odpihniti	ne
odplahniti	ne
odplakniti	ne
odpljuniti	ne
odpljuskniti	ne
odpljusniti	ne
odpolniti	ne
odpuhniti	ne
odrgniti	ne
odriniti	ne
odstrniti	ne
odsuniti	ne
odtakniti	ne
odtegniti	ne
odtisniti	ne
odtrzniti	ne
odvezniti	ne
odvihniti	ne
odvrniti	ne
odčehniti	ne
odčesniti	ne
odšavsniti	ne
odškrbniti	ne
odškrkniti	ne
odškrniti	ne
odškrtniti	ne
odščipniti	ne
ogniti	ne
ogrniti	ne
ohlapniti	ne
ohromiti	i
okleniti	ne
okrcniti	ne
okreniti	ne
omahniti	ne
omlahniti	ne
omrzniti	ne
opesniti	ne
oplahniti	ne
oplakniti	ne
opljuskniti	ne
opljusniti	ne
opomniti	ne
opočasniti	ne
oprasniti	ne
oprhniti	ne
osmrkniti	ne
osmukniti	ne
osupniti	ne
otesniti	ne
oteti	a
otrezniti	ne
otrpniti	ne
oveniti	ne
ošiniti	ne
oškrbniti	ne
oškrniti	ne
ošvigniti	ne
ošvistniti	ne
ošvrcniti	ne
ošvrkniti	ne
ožlahtniti	ne
pahniti	ne
pajsniti	ne
pihniti	ne
pikniti	ne
pipniti	ne
piskniti	ne
pisniti	ne
plahniti	ne
plahutniti	ne
planiti	ne
plesniti	ne
plivkniti	ne
pljuniti	ne
pljuskniti	ne
pljusniti	ne
ploskniti	ne
plosniti	ne
plunkniti	ne
pobegniti	ne
pobliskniti	ne
poblisniti	ne
pobuniti	ne
pocrkniti	ne
pocukniti	ne
podpihniti	ne
podregniti	ne
podrgniti	ne
podrsniti	ne
podtakniti	ne
pogasniti	ne
poginiti	ne
pogoltniti	ne
pogrezniti	ne
pogrkniti	ne
pogrniti	ne
poklekniti	ne
pokniti	ne
pokreniti	ne
polizniti	ne
pomahniti	ne
pomakniti	ne
pomežikniti	ne
pomigniti	ne
pomižikniti	ne
pomrkniti	ne
pomrzniti	ne
pomuzniti	ne
ponatisniti	ne
ponikniti	ne
poplahniti	ne
poplakniti	ne
poriniti	ne
posahniti	ne
poslati	a
posluhniti	ne
posmehniti	ne
posmrkniti	ne
posmukniti	ne
pospomniti	ne
potakniti	ne
potegniti	ne
potihniti	ne
potisniti	ne
potoniti	ne
potrzniti	ne
potuhniti	ne
poveniti	ne
poverniti	ne
povezniti	ne
povohuniti	ne
povrniti	ne
povzdigniti	ne
povzdihniti	ne
pozahodniti	ne
pozakleniti	ne
počeniti	ne
počepniti	ne
pošepniti	ne
pošvigniti	ne
požmigniti	ne
požmrkniti	ne
praskniti	ne
prasniti	ne
prdniti	ne
prebegniti	ne
prebliskniti	ne
preblisniti	ne
prebrniti	ne
precvikniti	ne
predahniti	ne
predizpolniti	ne
predpomniti	ne
predprazniti	ne
predrgniti	ne
predrzniti	ne
preganiti	ne
pregrizniti	ne
pregrniti	ne
prekiniti	ne
prekopicniti	ne
prekreniti	ne
prekucniti	ne
premakniti	ne
preminiti	ne
premolkniti	ne
premrzniti	ne
prenagniti	ne
prenapihniti	ne
prenikniti	ne
preobrniti	ne
preokreniti	ne
prepikniti	ne
preplakniti	ne
prepljusniti	ne
prepogniti	ne
preraztegniti	ne
preriniti	ne
presahniti	ne
presuniti	ne
pretakniti	ne
pretegniti	ne
pretisniti	ne
prevezniti	ne
prevrniti	ne
prevzdigniti	ne
prešiniti	ne
prešpikniti	ne
preščipniti	ne
prežlahtniti	ne
prhniti	ne
prhutniti	ne
pribegniti	ne
pricurniti	ne
pridahniti	ne
pridihniti	ne
pridrgniti	ne
pridvigniti	ne
prifrkniti	ne
prigrizniti	ne
prigrniti	ne
prijazniti	ne
priklekniti	ne
prikleniti	ne
prilizniti	ne
primakniti	ne
primrzniti	ne
prinikniti	ne
pripesniti	ne
pripogniti	ne
pririniti	ne
prisluhniti	ne
prismukniti	ne
prisuniti	ne
pritakniti	ne
pritegniti	ne
pritisniti	ne
pritlehniti	ne
privihniti	ne
privzdigniti	ne
prišepniti	ne
priškrniti	ne
priškrtniti	ne
priščipniti	ne
pronicniti	ne
pronikniti	ne
prskniti	ne
puhniti	ne
pukniti	ne
pušniti	ne
ravsniti	ne
razbegniti	ne
razbrizgniti	ne
razganiti	ne
razgrniti	ne
razkleniti	ne
razkrehniti	ne
razlegniti	ne
razmahniti	ne
razmakniti	ne
razpahniti	ne
razpesniti	ne
razpihniti	ne
razpljusniti	ne
razpotegniti	ne
razprhniti	ne
razprsniti	ne
razriniti	ne
raztegniti	ne
razvezniti	ne
razčesniti	ne
reskniti	ne
retvitniti	ne
revskniti	ne
revsniti	ne
rigniti	ne
rikniti	ne
riniti	ne
ritniti	ne
rukniti	ne
rvati	a
sahniti	ne
scvrkniti	ne
scvrkotniti	ne
sfrkniti	ne
sikniti	ne
siniti	ne
skleniti	ne
sklizniti	ne
skokniti	ne
skomigniti	ne
skomizgniti	ne
skovikniti	ne
skreniti	ne
skrkniti	ne
skrniti	ne
smrkniti	ne
smukniti	ne
snifniti	ne
sopihniti	ne
sopniti	ne
sopojasniti	ne
spahniti	ne
spihniti	ne
splahniti	ne
splakniti	ne
splesniti	ne
spodmakniti	ne
spodriniti	ne
spodrsniti	ne
spodtakniti	ne
spodvihniti	ne
spomniti	a
spopolniti	ne
spoprijazniti	ne
spotakniti	ne
spotegniti	ne
sprdniti	ne
spreobrniti	ne
sprevrniti	ne
sprhniti	ne
srebniti	ne
srkniti	ne
stakniti	ne
stegniti	ne
stekniti	ne
stigniti	ne
stisniti	ne
stokniti	ne
stopicniti	ne
stresniti	ne
strniti	ne
suniti	ne
takniti	ne
tapniti	ne
tegniti	ne
tekniti	ne
telebniti	ne
tkati	a
tleskniti	ne
tlesniti	ne
toniti	ne
topotniti	ne
treniti	ne
trepniti	ne
treskniti	ne
tresniti	ne
trezniti	ne
trgati	a
trkniti	ne
trofniti	ne
trzniti	ne
tvitniti	ne
twitniti	ne
twittniti	ne
ubegniti	ne
udrihniti	ne
uganiti	ne
ugasniti	ne
ugrezniti	ne
ugrizniti	ne
ukiniti	ne
ukleniti	ne
ukreniti	ne
ulekniti	ne
umakniti	ne
umolkniti	ne
upihniti	ne
uplahniti	ne
upogniti	ne
uprasniti	ne
uresniti	ne
usahniti	ne
usekniti	ne
utegniti	ne
utihniti	ne
utoniti	ne
utripniti	ne
utrniti	ne
uzdigniti	ne
uščeniti	ne
uščipniti	ne
vbrizgniti	ne
vdahniti	ne
vdihniti	ne
vdrgniti	ne
veniti	ne
vgrezniti	ne
vgrizniti	ne
vikniti	ne
vkleniti	ne
vlekniti	ne
vnikniti	ne
vniti	ne
vpesniti	ne
vpihniti	ne
vpikniti	ne
vplakniti	ne
vpotegniti	ne
vriniti	ne
vriskniti	ne
vrisniti	ne
vrniti	ne
vsekniti	ne
vstisniti	ne
vtakniti	ne
vtisniti	ne
vzbuhniti	ne
vzdigniti	ne
vzdihniti	ne
vzdvigniti	ne
vzklikniti	ne
vzkrikniti	ne
vznikniti	ne
vzprhniti	ne
vščipniti	ne
zabliskniti	ne
zablisniti	ne
zabuhniti	ne
zacahniti	ne
zadrgniti	ne
zadrleskniti	ne
zadrlesniti	ne
zadrsniti	ne
zafrkniti	ne
zagolsniti	ne
zagrezniti	ne
zagrizniti	ne
zagrniti	ne
zakleniti	ne
zakolniti	ne
zakopniti	ne
zakrkniti	ne
zakrniti	ne
zalegniti	ne
zaloputniti	ne
zamahniti	ne
zamakniti	ne
zamežikniti	ne
zamolkniti	ne
zamrzniti	ne
zaobrniti	ne
zapahniti	ne
zapesniti	ne
zapikniti	ne
zaplesniti	ne
zapljuskniti	ne
zapljusniti	ne
zapogniti	ne
zapopolniti	ne
zapotegniti	ne
zariniti	ne
zaripniti	ne
zasukniti	ne
zasuniti	ne
zasužniti	ne
zatakniti	ne
zategniti	ne
zatisniti	ne
zatleskniti	ne
zatoniti	ne
zatreskniti	ne
zatresniti	ne
zatrzniti	ne
zavihniti	ne
zavrisniti	ne
zavrniti	ne
zavzdihniti	ne
začrniti	ne
zašepniti	ne
zašvistniti	ne
zbegniti	ne
zbuniti	ne
zdihniti	ne
zdrgniti	ne
zdrkniti	ne
zdrsniti	ne
zdruzniti	ne
zdrzniti	ne
zehniti	ne
zevniti	ne
zezniti	ne
zganiti	ne
zgasniti	ne
zginiti	ne
zgrezniti	ne
zgrniti	ne
zicniti	ne
ziniti	ne
zlakotniti	ne
zlačniti	ne
zlekniti	ne
zmakniti	ne
zmigniti	ne
zmrdniti	ne
zmrzniti	ne
zmuzniti	ne
zriniti	ne
zvati	a
zviniti	ne
zvizniti	ne
zvrniti	ne
čapniti	ne
čavsniti	ne
čehniti	ne
čikniti	ne
čipniti	ne
čivkniti	ne
čmokniti	ne
čmrkniti	ne
čofniti	ne
čofotniti	ne
čohniti	ne
čopniti	ne
črhniti	ne
čukniti	ne
čvekniti	ne
šapniti	ne
šavsniti	ne
šepniti	ne
šibniti	ne
šicniti	ne
šikniti	ne
šiniti	ne
šklepniti	ne
škljocniti	ne
šklocniti	ne
škrcniti	ne
škripniti	ne
škrtniti	ne
šljukniti	ne
šlukniti	ne
šmrkniti	ne
špikniti	ne
špricniti	ne
špukniti	ne
štihniti	ne
štrbunkniti	ne
štrcniti	ne
štrkniti	ne
šusniti	ne
šutniti	ne
švicniti	ne
švigniti	ne
švisniti	ne
švistniti	ne
švrkniti	ne
ščapniti	ne
ščipniti	ne
žokniti	ne
žugniti	ne
žvajzniti	ne
žvenkniti	ne
žvižgniti	ne
