# Swedish principal parts, mined from the gold oracles.
# lemma <TAB> present <TAB> past <TAB> supine <TAB> imperative <TAB> subj-pres <TAB> subj-past ("-" = class-1 default)
K-märka	K-märker	K-märkte	K-märkt	K-märk	-	-
KU-anmäla	KU-anmäler	KU-anmälde	KU-anmält	KU-anmäl	-	-
anbefalla	anbefaller	anbefallde	anbefallt	anbefall	-	-
andra	-	androg	andragit	-	andrage	-
anfalla	anfaller	anföll	anfallit	anfall	-	-
anfräta	anfräter	anfrätte	anfrätt	anfrät	-	-
anföra	anför	anförde	anfört	anför	-	-
anförtro	-	anförtrodde	anförtrott	-	-	-
ange	-	angav	angett	-	angive	-
angripa	angriper	angrep	angripit	angrip	-	-
angå	-	angick	angått	-	-	-
angöra	angör	angjorde	angjort	angör	-	-
anhålla	anhåller	anhöll	anhållit	anhåll	-	-
anknyta	anknyter	anknöt	anknutit	anknyt	-	-
ankomma	ankommer	ankom	ankommit	ankom	-	-
anligga	anligger	anlåg	anlegat	anligg	-	-
anlägga	anlägger	anla	anlagt	anlägg	-	-
anlända	anländer	anlände	anlänt	anländ	-	-
anlöpa	anlöper	anlöpte	anlöpt	anlöp	-	-
anmäla	anmäler	anmälde	anmält	anmäl	-	-
anmärka	anmärker	anmärkte	anmärkt	anmärk	-	-
anse	-	ansåg	ansett	-	-	-
ansluta	ansluter	anslöt	anslutit	anslut	-	-
anslå	-	anslog	anslagit	-	-	-
anstryka	anstryker	anströk	anstrukit	anstryk	-	-
anstränga	anstränger	ansträngde	ansträngt	ansträng	-	-
anställa	anställer	anställde	anställt	anställ	-	-
anstå	-	anstod	anstått	-	-	-
ansvälla	ansväller	ansvällde	ansvällt	ansväll	-	-
ansätta	ansätter	ansatte	ansatt	ansätt	-	-
ansöka	ansöker	ansökte	ansökt	ansök	-	-
anta	-	antog	antagit	-	antage	-
ante	-	ante	-	-	-	-
anträda	anträder	anträdde	anträtt	anträd	-	-
antyda	antyder	antydde	antytt	antyd	-	-
antända	antänder	antände	antänt	antänd	-	-
använda	använder	använde	använt	använd	-	-
artbestämma	artbestämmer	artbestämde	artbestämt	artbestäm	-	-
avbeställa	avbeställer	avbeställde	avbeställt	avbeställ	-	-
avbinda	avbinder	avband	avbundit	avbind	-	-
avblåsa	avblåser	avblåste	avblåst	avblås	-	-
avbryta	avbryter	avbröt	avbrutit	avbryt	-	-
avböja	avböjer	avböjde	avböjt	avböj	-	-
avdagata	-	avdagatog	avdagatagit	-	avdagatage	-
avdriva	avdriver	avdrev	avdrivit	avdriv	-	-
avdämma	avdämmer	avdämde	avdämt	avdäm	-	-
avdöma	avdömer	avdömde	avdömt	avdöm	-	-
avfalla	avfaller	avföll	avfallit	avfall	-	-
avföra	avför	avförde	avfört	avför	-	-
avge	-	avgav	avgett	-	avgive	-
avgiftsbelägga	avgiftsbelägger	avgiftsbela	avgiftsbelagt	avgiftsbelägg	-	-
avgå	-	avgick	avgått	-	avgånge	-
avgöra	avgör	avgjorde	avgjort	avgör	-	-
avhjälpa	avhjälper	avhjälpte	avhjälpt	avhjälp	-	-
avhysa	avhyser	avhyste	avhyst	avhys	-	-
avhända	avhänder	avhände	avhänt	avhänd	-	-
avhänga	avhänger	avhängde	avhängt	avhäng	-	-
avhålla	avhåller	avhöll	avhållit	avhåll	-	-
avhöra	avhör	avhörde	avhört	avhör	-	-
avklä	-	avklädde	avklätt	-	-	-
avkräva	avkräver	avkrävde	avkrävt	avkräv	-	-
avkyla	avkyler	avkylde	avkylt	avkyl	-	-
avkänna	avkänner	avkände	avkänt	avkänn	-	-
avleda	avleder	avledde	avlett	avled	-	-
avlida	avlider	avled	avlidit	avlid	-	-
avlysa	avlyser	avlyste	avlyst	avlys	-	-
avlägga	avlägger	avla	avlagt	avlägg	-	-
avläsa	avläser	avläste	avläst	avläs	-	-
avlåta	avlåter	avlät	avlåtit	avlåt	-	-
avlöpa	avlöper	avlöpte	avlöpt	avlöp	-	-
avlösa	avlöser	avlöste	avlöst	avlös	-	-
avmäta	avmäter	avmätte	avmätt	avmät	-	-
avnjuta	avnjuter	avnjöt	avnjutit	avnjut	-	-
avreda	avreder	avredde	avrett	avred	-	-
avresa	avreser	avreste	avrest	avres	-	-
avrinna	avrinner	avrann	avrunnit	avrinn	-	-
avråda	avråder	avrådde	avrått	avråd	-	-
avse	-	avsåg	avsett	-	-	-
avsjunga	avsjunger	avsjöng	avsjungit	avsjung	-	-
avskava	avskaver	avskavde	avskavt	avskav	-	-
avskilja	avskiljer	avskilde	avskilt	avskilj	-	-
avskjuta	avskjuter	avsköt	avskjutit	avskjut	-	-
avskriva	avskriver	avskrev	avskrivit	avskriv	-	-
avskräcka	avskräcker	avskräckte	avskräckt	avskräck	-	-
avskräda	avskräder	avskrädde	avskrätt	avskräd	-	-
avsky	-	avskydde	avskytt	-	-	-
avskära	avskär	avskar	avskurit	avskär	-	-
avslita	avsliter	avslet	avslitit	avslit	-	-
avslå	-	avslog	avslagit	-	-	-
avsnöra	avsnör	avsnörde	avsnört	avsnör	-	-
avstyra	avstyr	avstyrde	avstyrt	avstyr	-	-
avstyrka	avstyrker	avstyrkte	avstyrkt	avstyrk	-	-
avställa	avställer	avställde	avställt	avställ	-	-
avstämma	avstämmer	avstämde	avstämt	avstäm	-	-
avstänga	avstänger	avstängde	avstängt	avstäng	-	-
avstå	-	avstod	avstått	-	-	-
avstöra	avstör	avstörde	avstört	avstör	-	-
avstöta	avstöter	avstötte	avstött	avstöt	-	-
avsvärja	avsvär	avsvor	avsvurit	avsvärj	-	-
avsäga	avsäger	avsa	avsagt	avsäg	-	-
avsända	avsänder	avsände	avsänt	avsänd	-	-
avsätta	avsätter	avsatte	avsatt	avsätt	-	-
avsöka	avsöker	avsökte	avsökt	avsök	-	-
avta	-	avtog	avtagit	-	avtage	-
avträda	avträder	avträdde	avträtt	avträd	-	-
avtvå	-	avtvådde	avtvagit	-	-	-
avtäcka	avtäcker	avtäckte	avtäckt	avtäck	-	-
avvika	avviker	avvek	avvikit	avvik	-	-
avvinna	avvinner	avvann	avvunnit	avvinn	-	-
avväga	avväger	avvägde	avvägt	avväg	-	-
avvända	avvänder	avvände	avvänt	avvänd	-	-
avvänja	avvänjer	avvande	avvant	avvänj	-	-
avvärja	avvärjer	avvärjde	avvärjt	avvärj	-	-
aväta	aväter	avåt	avätit	avät	-	-
bakbinda	bakbinder	bakband	bakbundit	bakbind	-	-
bannlysa	bannlyser	bannlyste	bannlyst	bannlys	-	-
be	-	bad	bett	-	bede	-
bebo	-	bebodde	bebott	-	-	-
bebygga	bebygger	bebyggde	bebyggt	bebygg	-	-
bedra	-	bedrog	bedragit	-	bedrage	-
bedriva	bedriver	bedrev	bedrivit	bedriv	-	-
bedöma	bedömer	bedömde	bedömt	bedöm	-	-
befalla	befaller	befallde	befallt	befall	-	-
befinna	befinner	befann	befunnit	befinn	-	-
befinnas	befinns	-	-	-	-	-
befästa	befäster	befäste	befäst	befäst	-	-
begjuta	begjuter	begöt	begjutit	begjut	-	-
beglänsa	beglänser	beglänste	beglänst	begläns	-	-
begrava	begraver	begravde	begravit	begrav	-	-
begripa	begriper	begrep	begripit	begrip	-	-
begråta	begråter	begrät	begråtit	begråt	-	-
begynna	begynner	begynte	begynt	begynn	-	-
begära	begär	begärde	begärt	begär	-	-
begå	-	begick	begått	-	begånge	-
behänga	behänger	behängde	behängt	behäng	-	-
behålla	behåller	behöll	behållit	behåll	-	-
behöva	behöver	behövde	behövt	behöv	-	-
behövas	behövs	-	-	-	-	-
bekantgöra	bekantgör	bekantgjorde	bekantgjort	bekantgör	-	-
beklä	-	beklädde	beklätt	-	-	-
beknipa	bekniper	beknep	beknipit	beknip	-	-
bekomma	bekommer	bekom	bekommit	-	-	-
bekröna	bekröner	bekrönte	bekrönt	bekrön	-	-
bekänna	bekänner	bekände	bekänt	bekänn	-	-
bele	-	belog	belett	-	-	-
beljuga	beljuger	beljög	beljugit	beljug	-	-
belysa	belyser	belyste	belyst	belys	-	-
belägga	belägger	bela	belagt	belägg	-	-
bemänga	bemänger	bemängde	bemängt	bemäng	-	-
bemärka	bemärker	bemärkte	bemärkt	bemärk	-	-
bemöta	bemöter	bemötte	bemött	bemöt	-	-
benämna	benämner	benämnde	benämnt	benämn	-	-
bepryda	bepryder	beprydde	beprytt	bepryd	-	-
bereda	bereder	beredde	berett	bered	-	-
bero	-	berodde	berott	-	-	-
berömma	berömmer	berömde	berömt	beröm	-	-
beröra	berör	berörde	berört	berör	-	-
bese	-	besåg	besett	-	-	-
besitta	besitter	besatt	besuttit	besitt	-	-
besjunga	besjunger	besjöng	besjungit	besjung	-	-
beskjuta	beskjuter	besköt	beskjutit	beskjut	-	-
beskriva	beskriver	beskrev	beskrivit	beskriv	-	-
beskylla	beskyller	beskyllde	beskyllt	beskyll	-	-
beskära	beskär	beskar	beskurit	beskär	-	-
beslaglägga	beslaglägger	beslagla	beslaglagt	beslaglägg	-	-
beslagta	-	beslagtog	beslagtagit	-	beslagtage	-
beslå	-	beslog	beslagit	-	-	-
besmörja	besmörjer	besmorde	besmort	besmörj	-	-
besticka	besticker	bestack	bestuckit	bestick	-	-
bestiga	bestiger	besteg	bestigit	bestig	-	-
bestjäla	bestjäl	bestal	bestulit	bestjäl	-	-
bestrida	bestrider	bestred	bestridit	bestrid	-	-
bestryka	bestryker	beströk	bestrukit	bestryk	-	-
beströ	-	beströdde	bestrött	-	-	-
bestyra	bestyr	bestyrde	bestyrt	bestyr	-	-
bestyrka	bestyrker	bestyrkte	bestyrkt	bestyrk	-	-
beställa	beställer	beställde	beställt	beställ	-	-
bestämma	bestämmer	bestämde	bestämt	bestäm	-	-
bestänka	bestänker	bestänkte	bestänkt	bestänk	-	-
bestå	-	bestod	bestådd	-	-	-
besvärja	besvär	besvor	besvurit	besvärj	-	-
besätta	besätter	besatte	besatt	besätt	-	-
beså	-	besådde	besått	-	-	-
besöka	besöker	besökte	besökt	besök	-	-
besörja	besörjer	besörjde	besörjt	besörj	-	-
beta	-	-	-	-	betage	-
betro	-	betrodde	betrott	-	-	-
betrycka	betrycker	betryckte	betryckt	betryck	-	-
beträda	beträder	beträdde	beträtt	beträd	-	-
betyda	betyder	betydde	betytt	betyd	-	-
betygssätta	betygssätter	betygssatte	betygssatt	betygssätt	-	-
betygsätta	betygsätter	betygsatte	betygsatt	betygsätt	-	-
betäcka	betäcker	betäckte	betäckt	betäck	-	-
betänka	betänker	betänkte	betänkt	betänk	-	-
bevare	-	-	-	-	bevare	-
bibehålla	bibehåller	bibehöll	bibehållit	bibehåll	-	-
bidra	-	bidrog	bidragit	-	bidrage	-
bifalla	bifaller	biföll	bifallit	bifall	-	-
bilägga	bilägger	bila	bilagt	bilägg	-	-
binda	binder	band	bundit	bind	-	-
bispringa	bispringer	bisprang	bisprungit	bispring	-	-
bisträcka	bisträcker	bisträckte	bisträckt	bisträck	-	-
bistå	-	bistod	bistått	-	-	-
bisätta	bisätter	bisatte	bisatt	bisätt	-	-
bitas	bits	-	-	-	-	-
biträda	biträder	biträdde	biträtt	biträd	-	-
bjuda	bjuder	bjöd	bjudit	bjud	-	-
bleka	bleker	blekte	blekt	blek	-	-
bli	-	blev	blivit	-	blive	-
blottlägga	blottlägger	blottla	blottlagt	blottlägg	-	-
blottställa	blottställer	blottställde	blottställt	blottställ	-	-
blygas	blygs	-	-	-	-	-
blänga	blänger	blängde	blängt	bläng	-	-
blänka	blänker	blänkte	blänkt	blänk	-	-
blåköra	blåkör	blåkörde	blåkört	blåkör	-	-
blåljuga	blåljuger	blåljög	blåljugit	blåljug	-	-
blåsa	blåser	blåste	blåst	blås	-	-
blöda	blöder	blödde	blött	blöd	-	-
blöta	blöter	blötte	blött	blöt	-	-
blötlägga	blötlägger	blötla	blötlagt	blötlägg	-	-
bo	-	bodde	bott	-	-	-
bokföra	bokför	bokförde	bokfört	bokför	-	-
bordlägga	bordlägger	bordla	bordlagt	bordlägg	-	-
bortavinna	bortavinner	bortavann	bortavunnit	bortavinn	-	-
bortdriva	bortdriver	bortdrev	bortdrivit	bortdriv	-	-
bortfalla	bortfaller	bortföll	bortfallit	bortfall	-	-
bortföra	bortför	bortförde	bortfört	bortför	-	-
bortgå	-	bortgick	bortgått	-	-	-
bortrinna	bortrinner	bortrann	bortrunnit	bortrinn	-	-
bortse	-	bortsåg	bortsett	-	-	-
bortskrämma	bortskrämmer	bortskrämme	bortskrämt	bortskräm	-	-
bortskänka	bortskänker	bortskänkte	bortskänkt	bortskänk	-	-
bortsluta	bortsluter	bortslöt	bortslutit	bortslut	-	-
bortta	-	borttog	borttagit	-	borttage	-
borttränga	borttränger	bortträngde	bortträngt	bortträng	-	-
bortvräka	bortvräker	bortvräkte	bortvräkt	bortvräk	-	-
bottenfrysa	bottenfryser	bottenfryste	bottenfrusit	bottenfrys	-	-
bre	-	bredde	brett	-	-	-
bredså	-	bredsådde	bredsått	-	-	-
brinna	brinner	brann	brunnit	brinn	-	-
brista	brister	brast	brustit	brist	-	-
brolägga	brolägger	brola	brolagt	brolägg	-	-
bronsförgylla	bronsförgyller	bronsförgyllde	bronsförgyllt	bronsförgyll	-	-
brukslå	-	brukslog	brukslagit	-	-	-
bry	-	brydde	brytt	-	-	-
bryta	bryter	bröt	brutit	bryt	-	-
bräcka	bräcker	bräckte	bräckt	bräck	-	-
brädbeklä	-	brädbeklädde	brädbeklätt	-	-	-
brädbeslå	-	brädbeslog	brädbeslagit	-	-	-
brädslå	-	brädslog	brädslagit	-	-	-
bräka	bräker	bräkte	bräkt	bräk	-	-
bränna	bränner	brände	bränt	bränn	-	-
brännas	bränns	-	-	-	-	-
brännmärka	brännmärker	brännmärkte	brännmärkt	brännmärk	-	-
busringa	busringer	busringde	busringt	busring	-	-
bygga	bygger	byggde	byggt	bygg	-	-
byka	byker	bykte	bykt	byk	-	-
bysätta	bysätter	bysatte	bysatt	bysätt	-	-
byta	byter	bytte	bytt	byt	-	-
bända	bänder	bände	bänt	bänd	-	-
bära	bär	bar	burit	bär	-	-
böja	böjer	böjde	böjt	böj	-	-
bönfalla	bönfaller	bönföll	bönfallit	bönfall	-	-
bönhöra	bönhör	bönhörde	bönhört	bönhör	-	-
böra	bör	borde	bort	bör	-	-
bötfälla	bötfäller	bötfällde	bötfällt	bötfäll	-	-
chockhöja	chockhöjer	chockhöjde	chockhöjt	chockhöj	-	-
dagdrömma	dagdrömmer	dagdrömde	dagdrömt	dagdröm	-	-
dammsuga	dammsuger	dammsög	dammsugit	dammsug	-	-
datummärka	datummärker	datummärkte	datummärkt	datummärk	-	-
delge	-	delgav	delgett	-	delgive	-
delta	-	deltog	deltagit	-	deltage	-
detaljstyra	detaljstyr	detaljstyrde	detaljstyrt	detaljstyr	-	-
diarieföra	diarieför	diarieförde	diariefört	diarieför	-	-
dimpa	dimper	damp	dumpit	dimp	-	-
direktsända	direktsänder	direktsände	direktsänt	direktsänd	-	-
djupfrysa	djupfryser	djupfryste	djupfryst	djupfrys	-	-
djärvas	djärvs	djärvdes	djärvts	-	-	-
domfälla	domfäller	domfällde	domfällt	domfäll	-	-
dra	-	drog	dragit	-	drage	-
drejvända	drejvänder	drejvände	drejvänt	drejvänd	-	-
dricka	dricker	drack	druckit	drick	-	-
driva	driver	drev	drivit	driv	-	-
drypa	dryper	dröp	drupit	dryp	-	-
drälla	dräller	drällde	drällt	dräll	-	-
drämma	drämmer	drämde	drämt	dräm	-	-
dränka	dränker	dränkte	dränkt	dränk	-	-
dräpa	dräper	dräpte	dräpt	dräp	-	-
dröja	dröjer	dröjde	dröjt	dröj	-	-
drömma	drömmer	drömde	drömt	dröm	-	-
drösa	dröser	-	-	drös	-	-
duga	duger	-	dugit	dug	-	-
dväljas	dväljs	-	-	-	-	-
dyka	dyker	dykte	dykt	dyk	-	-
dämma	dämmer	dämde	dämt	däm	-	-
dänga	dänger	dängde	dängt	däng	-	-
dänka	dänker	dänkte	dänkt	dänk	-	-
dö	-	dog	dött	-	-	-
dödsskjuta	dödsskjuter	dödssköt	dödsskjutit	dödsskjut	-	-
dölja	döljer	dolde	dolt	dölj	-	-
döma	dömer	dömde	dömt	döm	-	-
döpa	döper	döpte	döpt	döp	-	-
edfästa	edfäster	edfäste	edfäst	edfäst	-	-
efteranmäla	efteranmäler	efteranmälde	efteranmält	efteranmäl	-	-
efterfölja	efterföljer	efterföljde	efterföljt	efterfölj	-	-
efterge	-	eftergav	eftergett	-	eftergive	-
eftergöra	eftergör	eftergjorde	eftergjort	eftergör	-	-
efterhålla	efterhåller	efterhöll	efterhållit	efterhåll	-	-
efterhöra	efterhör	efterhörde	efterhört	efterhör	-	-
efterkomma	efterkommer	efterkom	efterkommit	efterkom	-	-
efterleva	efterlever	efterlevde	-	efterlev	-	-
efterlysa	efterlyser	efterlyste	efterlyst	efterlys	-	-
efterlåta	efterlåter	efterlät	efterlåtit	efterlåt	-	-
efterse	-	eftersåg	eftersett	-	-	-
efterskänka	efterskänker	efterskänkte	efterskänkt	efterskänk	-	-
eftersäga	eftersäger	eftersa	eftersagt	eftersäg	-	-
eftersända	eftersänder	eftersände	eftersänt	eftersänd	-	-
eftersätta	eftersätter	eftersatte	eftersatt	eftersätt	-	-
eftersöka	eftersöker	eftersökte	eftersökt	eftersök	-	-
efterträda	efterträder	efterträdde	efterträtt	efterträd	-	-
eftertrå	-	eftertrådde	eftertrått	-	-	-
egensvänga	egensvänger	egensvängde	egensvängt	egensväng	-	-
emotse	-	emotsåg	emotsett	-	-	-
emotstå	-	emotstod	emotstått	-	-	-
emotta	-	emottog	emottagit	-	emottage	-
enkelskriva	enkelskriver	enkelskrev	enkelskrivit	enkelskriv	-	-
erbjuda	erbjuder	erbjöd	erbjudit	erbjud	-	-
erfara	erfar	erfor	erfarit	erfar	-	-
erhålla	erhåller	erhöll	erhållit	erhåll	-	-
erkänna	erkänner	erkände	erkänt	erkänn	-	-
erlägga	erlägger	erla	erlagt	erlägg	-	-
ernå	-	ernådde	ernått	-	-	-
ersätta	ersätter	ersatte	ersatt	ersätt	-	-
extraknäcka	extraknäcker	extraknäckte	extraknäckt	extraknäck	-	-
falla	faller	föll	fallit	fall	-	-
fara	far	for	farit	far	-	-
fastgöra	fastgör	fastgjorde	fastgjort	fastgör	-	-
fasthålla	fasthåller	fasthöll	fasthållit	fasthåll	-	-
fastlägga	fastlägger	fastla	fastlagt	fastlägg	-	-
fastslå	-	fastslog	fastslagit	-	-	-
fastställa	fastställer	fastställde	fastställt	fastställ	-	-
fastsätta	fastsätter	fastsatte	fastsatt	fastsätt	-	-
fastta	-	fasttog	fasttagit	-	fasttage	-
felbedöma	felbedömer	felbedömde	felbedömt	felbedöm	-	-
finbränna	finbränner	finbrände	finbränt	finbränn	-	-
fininställa	fininställer	fininställde	fininställt	fininställ	-	-
finmala	finmaler	finmalde	finmalt	finmal	-	-
finna	finner	fann	funnit	finn	-	-
finnas	finns	fanns	funnits	-	-	-
fisa	fiser	fes	fisit	fis	-	-
fly	-	flydde	flytt	-	-	-
flyga	flyger	flög	flugit	flyg	-	-
flyta	flyter	flöt	flutit	flyt	-	-
fläka	fläker	fläkte	fläkt	fläk	-	-
flänga	flänger	flängde	flängt	fläng	-	-
flå	-	flådde	flått	-	-	-
fnysa	fnyser	fnyste	fnyst	fnys	-	-
fogstryka	fogstryker	fogströk	fogstrukit	fogstryk	-	-
folkbokföra	folkbokför	folkbokförde	folkbokfört	folkbokför	-	-
fontänkräkas	fontänkräks	-	-	-	-	-
formge	-	formgav	formgett	-	formgive	-
formgjuta	formgjuter	formgöt	formgjutit	formgjut	-	-
fortbestå	-	fortbestod	fortbestått	-	-	-
fortfara	fortfar	fortfor	fortfarit	fortfar	-	-
fortgå	-	fortgick	fortgått	-	-	-
fortköra	fortkör	fortkörde	fortkört	fortkör	-	-
fortleva	fortlever	fortlevde	-	fortlev	-	-
fortlöpa	fortlöper	fortlöpte	fortlöpt	fortlöp	-	-
fortskrida	fortskrider	fortskred	fortskridit	fortskrid	-	-
fortsätta	fortsätter	fortsatte	fortsatt	fortsätt	-	-
frambesvärja	frambesvär	frambesvor	frambesvurit	frambesvärj	-	-
frambryta	frambryter	frambröt	frambrutit	frambryt	-	-
frambära	frambär	frambar	framburit	frambär	-	-
framdriva	framdriver	framdrev	framdrivit	framdriv	-	-
framfara	framfar	framfor	framfarit	framfar	-	-
framföda	framföder	framfödde	framfött	framföd	-	-
framföra	framför	framförde	framfört	framför	-	-
framgå	-	framgick	framgått	-	framgånge	-
framhäva	framhäver	framhävde	framhävt	framhäv	-	-
framhålla	framhåller	framhöll	framhållit	framhåll	-	-
framkomma	framkommer	framkom	framkommit	framkom	-	-
framleva	framlever	framlevde	-	framlev	-	-
framlida	framlider	framled	framlidit	framlid	-	-
framlägga	framlägger	framla	framlagt	framlägg	-	-
framskina	framskiner	framsken	framskinit	framskin	-	-
framskjuta	framskjuter	framsköt	framskjutit	framskjut	-	-
framskrida	framskrider	framskred	framskridit	framskrid	-	-
framställa	framställer	framställde	framställt	framställ	-	-
framstå	-	framstod	framstått	-	-	-
framsäga	framsäger	framsade	framsagt	framsäg	-	-
framträda	framträder	framträdde	framträtt	framträd	-	-
framtränga	framtränger	framträngde	framträngt	framträng	-	-
framväxa	framväxer	framväxte	framvuxit	-	-	-
fridlysa	fridlyser	fridlyste	fridlyst	fridlys	-	-
frige	-	frigav	frigett	-	frigive	-
frigöra	frigör	frigjorde	frigjort	frigör	-	-
frikänna	frikänner	frikände	frikänt	frikänn	-	-
friköpa	friköper	friköpte	friköpt	friköp	-	-
frilägga	frilägger	frila	frilagt	frilägg	-	-
frimärka	frimärker	frimärkte	frimärkt	frimärk	-	-
friskanmäla	friskanmäler	friskanmälde	friskanmält	friskanmäl	-	-
friskskriva	friskskriver	friskskrev	friskskrivit	friskskriv	-	-
frisläppa	frisläpper	frisläppte	frisläppt	frisläpp	-	-
friställa	friställer	friställde	friställt	friställ	-	-
frisäga	frisäger	frisade	frisagt	frisäg	-	-
frisätta	frisätter	frisatte	frisatt	frisätt	-	-
frita	-	fritog	fritagit	-	fritage	-
fryna	fryner	frynte	frynt	fryn	-	-
frysa	fryser	fryste	frusit	frys	-	-
frälsa	frälser	frälste	frälst	fräls	-	-
fräsa	fräser	fräste	fräst	fräs	-	-
fräta	fräter	frätte	frätt	frät	-	-
fråndöma	fråndömer	fråndömde	fråndömt	fråndöm	-	-
frångå	-	frångick	frångått	-	-	-
frånkänna	frånkänner	frånkände	frånkänt	frånkänn	-	-
frånse	-	frånsåg	frånsett	-	-	-
frånskilja	frånskiljer	frånskilde	frånskilt	frånskilj	-	-
frånta	-	fråntog	fråntagit	-	fråntage	-
frånträda	frånträder	frånträdde	frånträtt	frånträd	-	-
fullfölja	fullföljer	fullföljde	fullföljt	fullfölj	-	-
fullgöra	fullgör	fullgjorde	fullgjort	fullgör	-	-
fylla	fyller	fyllde	fyllt	fyll	-	-
fälla	fäller	fällde	fällt	fäll	-	-
färdigbygga	färdigbygger	färdigbyggde	färdigbyggt	färdigbygg	-	-
färdigjäsa	färdigjäser	färdigjäste	färdigjäst	färdigjäs	-	-
färdigställa	färdigställer	färdigställde	färdigställt	färdigställ	-	-
färglägga	färglägger	färgla	färglagt	färglägg	-	-
fästa	fäster	fäste	fäst	fäst	-	-
få	-	fick	fått	-	-	-
föda	föder	födde	fött	föd	-	-
följa	följer	följde	följt	följ	-	-
föra	för	förde	fört	för	-	-
föranleda	föranleder	föranledde	föranlett	föranled	-	-
föranlåta	föranlåter	föranlät	föranlåtit	föranlåt	-	-
föranmäla	föranmäler	föranmälde	föranmält	föranmäl	-	-
förbehålla	förbehåller	förbehöll	förbehållit	förbehåll	-	-
förbereda	förbereder	förberedde	förberett	förbered	-	-
förbeställa	förbeställer	förbeställde	förbeställt	förbeställ	-	-
förbigå	-	förbigick	förbigått	-	förbigånge	-
förbinda	förbinder	förband	förbundit	förbind	-	-
förbise	-	förbisåg	förbisett	-	-	-
förbjuda	förbjuder	förbjöd	förbjudit	förbjud	-	-
förbli	-	förblev	förblivit	-	förblive	-
förblöda	förblöder	förblödde	förblött	förblöd	-	-
förbrinna	förbrinner	förbrann	förbrunnit	förbrinn	-	-
förbränna	förbränner	förbrände	förbränt	förbränn	-	-
förbygga	förbygger	förbyggde	förbyggt	förbygg	-	-
förbyta	förbyter	förbytte	förbytt	förbyt	-	-
fördra	-	fördrog	fördragit	-	fördrage	-
fördriva	fördriver	fördrev	fördrivit	fördriv	-	-
fördröja	fördröjer	fördröjde	fördröjt	fördröj	-	-
fördämma	fördämmer	fördämde	fördämt	fördäm	-	-
fördölja	fördöljer	fördolde	fördolt	fördölj	-	-
fördöma	fördömer	fördömde	fördömt	fördöm	-	-
förebrå	-	förebrådde	förebrått	-	-	-
förebygga	förebygger	förebyggde	förebyggt	förebygg	-	-
förebära	förebär	förebar	föreburit	förebär	-	-
föredra	-	föredrog	föredragit	-	föredrage	-
förefalla	förefaller	föreföll	förefallit	förefall	-	-
förefinnas	förefinns	-	-	-	-	-
förege	-	föregav	föregett	-	föregive	-
föregripa	föregriper	föregrep	föregripit	föregrip	-	-
föregå	-	föregick	föregått	-	föregånge	-
föreha	-	-	förehaft	-	-	-
förehålla	förehåller	förehöll	förehållit	förehåll	-	-
förekomma	förekommer	förekom	förekommit	förekom	-	-
föreligga	föreligger	förelåg	förelegat	föreligg	-	-
förelägga	förelägger	förela	förelagt	förelägg	-	-
föreläsa	föreläser	föreläste	föreläst	föreläs	-	-
föreskriva	föreskriver	föreskrev	föreskrivit	föreskriv	-	-
föreslå	-	föreslog	föreslagit	-	-	-
förespå	-	förespådde	förespått	-	-	-
föreställa	föreställer	föreställde	föreställt	föreställ	-	-
förestå	-	förestod	förestått	-	-	-
företa	-	företog	företagit	-	företage	-
förete	-	företedde	företett	-	-	-
företräda	företräder	företrädde	företrätt	företräd	-	-
förevara	-	förevar	förevarit	-	-	-
förfalla	förfaller	förföll	förfallit	förfall	-	-
förfara	förfar	förfor	förfarit	förfar	-	-
förfaras	förfars	förfors	förfarits	-	-	-
förflyta	förflyter	förflöt	förflutit	förflyt	-	-
förfrysa	förfryser	förfryste	förfrusit	förfrys	-	-
förfölja	förföljer	förföljde	förföljt	förfölj	-	-
förföra	förför	förförde	förfört	förför	-	-
förglömma	förglömmer	förglömde	förglömt	förglöm	-	-
förgylla	förgyller	förgyllde	förgyllt	förgyll	-	-
förgäta	förgäter	förgat	förgätit	förgät	-	-
förgå	-	förgick	förgått	-	förgånge	-
förgöra	förgör	förgjorde	förgjort	förgör	-	-
förhyda	förhyder	förhydde	förhytt	förhyd	-	-
förhyra	förhyr	förhyrde	förhyrt	förhyr	-	-
förhålla	förhåller	förhöll	förhållit	förhåll	-	-
förhållas	förhålls	-	-	-	-	-
förhöja	förhöjer	förhöjde	förhöjt	förhöj	-	-
förhöra	förhör	förhörde	förhört	förhör	-	-
förkomma	förkommer	förkom	förkommit	förkom	-	-
förkrympa	förkrymper	förkrympte	förkrympt	förkrymp	-	-
förkrympas	förkrymps	-	-	-	-	-
förkväva	förkväver	förkvävde	förkvävt	förkväv	-	-
förleda	förleder	förledde	förlett	förled	-	-
förlida	förlider	förled	förlidit	förlid	-	-
förlika	förliker	förlikte	förlikt	förlik	-	-
förlikas	förliks	-	-	-	-	-
förlisa	förliser	förliste	förlist	förlis	-	-
förljudas	förljuds	-	-	-	-	-
förlägga	förlägger	förla	förlagt	förlägg	-	-
förlänga	förlänger	förlängde	förlängt	förläng	-	-
förlåta	förlåter	förlät	förlåtit	förlåt	-	-
förlöpa	förlöper	förlöpte	förlupit	förlöp	-	-
förlösa	förlöser	förlöste	förlöst	förlös	-	-
förmäla	förmäler	förmälde	förmält	förmäl	-	-
förmärka	förmärker	förmärkte	förmärkt	förmärk	-	-
förmå	-	förmådde	förmått	-	-	-
förnimma	förnimmer	förnam	förnummit	förnim	-	-
förnöja	förnöjer	förnöjde	förnöjt	förnöj	-	-
förnöta	förnöter	förnötte	förnött	förnöt	-	-
förrinna	förrinner	förrann	förrunnit	förrinn	-	-
förrycka	förrycker	förryckte	förryckt	förryck	-	-
förråda	förråder	förrådde	förrått	förråd	-	-
förse	-	försedde	försett	-	-	-
försiggå	-	försiggick	försiggått	-	försiggånge	-
försitta	försitter	försatt	försuttit	försitt	-	-
försjunka	försjunker	försjönk	försjunkit	försjunk	-	-
förskjuta	förskjuter	försköt	förskjutit	förskjut	-	-
förskriva	förskriver	förskrev	förskrivit	förskriv	-	-
förskräcka	förskräcker	förskräckte	förskräckt	förskräck	-	-
förskräckas	förskräcks	-	-	-	-	-
förskylla	förskyller	förskyllde	förskyllt	förskyll	-	-
förskära	förskär	förskar	förskurit	förskär	-	-
förslita	försliter	förslet	förslitit	förslit	-	-
försluta	försluter	förslöt	förslutit	förslut	-	-
förslå	-	förslog	förslagit	-	förslåge	-
försmå	-	försmådde	försmått	-	-	-
förspilla	förspiller	förspillde	förspillt	förspill	-	-
förspörja	förspörjer	försporde	försport	förspörj	-	-
försträcka	försträcker	försträckte	försträckt	försträck	-	-
förströ	-	förströdde	förstrött	-	-	-
förställa	förställer	förställde	förställt	förställ	-	-
förstämma	förstämmer	förstämde	förstämt	förstäm	-	-
förstärka	förstärker	förstärkte	förstärkt	förstärk	-	-
förstå	-	förstod	förstått	-	-	-
förstöra	förstör	förstörde	förstört	förstör	-	-
förstöras	förstörs	-	-	-	-	-
försvinna	försvinner	försvann	försvunnit	försvinn	-	-
försvärja	försvär	försvor	försvurit	försvärj	-	-
försälja	försäljer	försålde	försålt	försälj	-	-
försända	försänder	försände	försänt	försänd	-	-
försänka	försänker	försänkte	försänkt	försänk	-	-
försätta	försätter	försatte	försatt	försätt	-	-
försöka	försöker	försökte	försökt	försök	-	-
försörja	försörjer	försörjde	försörjt	försörj	-	-
förta	-	förtog	förtagit	-	förtage	-
förtiga	förtiger	förteg	förtigit	förtig	-	-
förtjusa	förtjuser	förtjuste	förtjust	förtjus	-	-
förtro	-	förtrodde	förtrott	-	-	-
förtrycka	förtrycker	förtryckte	förtryckt	förtryck	-	-
förtryta	förtryter	förtröt	förtrutit	förtryt	-	-
förtränga	förtränger	förträngde	förträngt	förträng	-	-
förtycka	förtycker	förtyckte	förtyckt	förtyck	-	-
förtälja	förtäljer	förtalde	förtalt	förtälj	-	-
förtänka	förtänker	förtänkte	förtänkt	förtänk	-	-
förtära	förtär	förtärde	förtärt	förtär	-	-
förtöja	förtöjer	förtöjde	förtöjt	förtöj	-	-
förundersöka	förundersöker	förundersökte	förundersökt	förundersök	-	-
förutbestämma	förutbestämmer	förutbestämde	förutbestämt	förutbestäm	-	-
förutse	-	förutsåg	förutsett	-	-	-
förutspå	-	förutspådde	förutspått	-	-	-
förutsäga	förutsäger	förutsade	förutsagt	förutsäg	-	-
förutsätta	förutsätter	förutsatte	förutsatt	förutsätt	-	-
förvrida	förvrider	förvred	förvridit	förvrid	-	-
förvränga	förvränger	förvrängde	förvrängt	förvräng	-	-
förvälla	förväller	förvällde	förvällt	förväll	-	-
förvända	förvänder	förvände	förvänt	förvänd	-	-
föryngringsbeskära	föryngringsbeskär	föryngringsbeskar	föryngringsbeskurit	föryngringsbeskär	-	-
föröda	föröder	förödde	förött	föröd	-	-
fösa	föser	föste	föst	fös	-	-
gala	gal	gol	galit	gal	-	-
gallskrika	gallskriker	gallskrek	gallskrikit	gallskrik	-	-
galltjuta	galltjuter	galltjöt	galltjutit	galltjut	-	-
ge	-	gav	gett	-	give	-
gendriva	gendriver	gendrev	gendrivit	gendriv	-	-
genljuda	genljuder	genljöd	genljudit	genljud	-	-
genmäla	genmäler	genmälde	genmält	genmäl	-	-
genombryta	genombryter	genombröt	genombrutit	genombryt	-	-
genomdriva	genomdriver	genomdrev	genomdrivit	genomdriv	-	-
genomfara	genomfar	genomfor	genomfarit	genomfar	-	-
genomföra	genomför	genomförde	genomfört	genomför	-	-
genomgå	-	genomgick	genomgått	-	genomgånge	-
genomleva	genomlever	genomlevde	-	genomlev	-	-
genomlida	genomlider	genomled	genomlidit	genomlid	-	-
genomlysa	genomlyser	genomlyste	genomlyst	genomlys	-	-
genomlöpa	genomlöper	genomlöpte	genomlöpt	genomlöp	-	-
genomskölja	genomsköljer	genomsköljde	genomsköljt	genomskölj	-	-
genomsteka	genomsteker	genomstekte	genomstekt	genomstek	-	-
genomsöka	genomsöker	genomsökte	genomsökt	genomsök	-	-
genomtränga	genomtränger	genomträngde	genomträngt	genomträng	-	-
genomtänka	genomtänker	genomtänkte	genomtänkt	genomtänk	-	-
genomvärma	genomvärmer	genomvärmde	genomvärmt	genomvärm	-	-
genskjuta	genskjuter	gensköt	genskjutit	genskjut	-	-
genta	-	gentog	gentagit	-	gentage	-
gitta	gitter	gitte	-	gitt	-	-
gjuta	gjuter	göt	gjutit	gjut	-	-
glida	glider	gled	glidit	glid	-	-
glisa	gliser	gliste	glist	glis	-	-
glo	-	glodde	glott	-	-	-
glädja	glädjer	gladde	glatt	gläd	-	-
glädjas	gläds	gladdes	glatts	-	-	-
glädjemäta	glädjemäter	glädjemätte	glädjemätt	glädjemät	-	-
gläfsa	gläfser	gläfste	gläfst	gläfs	-	-
glänsa	glänser	glänste	glänst	gläns	-	-
glöda	glöder	glödde	glött	glöd	-	-
glödsteka	glödsteker	glödstekte	glödstekt	glödstek	-	-
glödtända	glödtänder	glödtände	glödtänt	glödtänd	-	-
glömma	glömmer	glömde	glömt	glöm	-	-
gnaga	gnager	gnagde	gnagt	gnag	-	-
gnava	gnaver	gnavde	gnavt	gnav	-	-
gnida	gnider	gned	gnidit	gnid	-	-
gno	-	gnodde	gnott	-	-	-
gny	-	gnydde	gnytt	-	-	-
gnälla	gnäller	gnällde	gnällt	gnäll	-	-
godkänna	godkänner	godkände	godkänt	godkänn	-	-
godta	-	godtog	godtagit	-	godtage	-
gottgöra	gottgör	gottgjorde	gottgjort	gottgör	-	-
gottskriva	gottskriver	gottskrev	gottskrivit	gottskriv	-	-
granatbeskjuta	granatbeskjuter	granatbesköt	granatbeskjutit	granatbeskjut	-	-
gravlägga	gravlägger	gravla	gravlagt	gravlägg	-	-
gravsätta	gravsätter	gravsatte	gravsatt	gravsätt	-	-
gripa	griper	grep	gripit	grip	-	-
gro	-	grodde	grott	-	-	-
grovhugga	grovhugger	grovhögg	grovhuggit	grovhugg	-	-
grovmala	grovmaler	grovmalde	grovmalt	grovmal	-	-
grundlägga	grundlägger	grundla	grundlagt	grundlägg	-	-
grundstryka	grundstryker	grundströk	grundstrukit	grundstryk	-	-
grundstöta	grundstöter	grundstötte	grundstött	grundstöt	-	-
gruppså	-	gruppsådde	gruppsått	-	-	-
gry	-	grydde	grytt	-	-	-
gräma	grämer	grämde	grämt	gräm	-	-
gräva	gräver	grävde	grävt	gräv	-	-
gråta	gråter	grät	gråtit	gråt	-	-
gudomliggöra	gudomliggör	gudomliggjorde	gudomliggjort	gudomliggör	-	-
gälla	gäller	-	-	gäll	-	-
gå	-	gick	gått	-	gånge	-
göda	göder	gödde	gött	göd	-	-
gömma	gömmer	gömde	gömt	göm	-	-
göra	gör	gjorde	gjort	gör	-	-
ha	-	-	haft	-	-	-
halshugga	halshugger	halshögg	halshuggit	halshugg	-	-
halvligga	halvligger	halvlåg	halvlegat	halvligg	-	-
halvsova	halvsover	halvsov	halvsovit	halvsov	-	-
halvspringa	halvspringer	halvsprang	halvsprungit	halvspring	-	-
handha	-	-	handhaft	-	-	-
handleda	handleder	handledde	handlett	handled	-	-
handlägga	handlägger	handla	handlagt	handlägg	-	-
hembjuda	hembjuder	hembjöd	hembjudit	hembjud	-	-
hembära	hembär	hembar	hemburit	hembär	-	-
hemfalla	hemfaller	hemföll	hemfallit	hemfall	-	-
hemföra	hemför	hemförde	hemfört	hemför	-	-
hemlighålla	hemlighåller	hemlighöll	hemlighållit	hemlighåll	-	-
hemmavinna	hemmavinner	hemmavann	hemmavunnit	hemmavinn	-	-
hemställa	hemställer	hemställde	hemställt	hemställ	-	-
hemsöka	hemsöker	hemsökte	hemsökt	hemsök	-	-
heta	heter	hette	-	het	-	-
hinna	hinner	hann	hunnit	hinn	-	-
hjälpa	hjälper	hjälpte	hjälpt	hjälp	-	-
hjälpe	-	-	-	-	hjälpe	-
hopbinda	hopbinder	hopband	hopbundit	hopbind	-	-
hopknyta	hopknyter	hopknöt	hopknutit	hopknyt	-	-
hopskjuta	hopskjuter	hopsköt	hopskjutit	hopskjut	-	-
hopvika	hopviker	hopvek	hopvikit	hopvik	-	-
hovniga	hovniger	hovneg	hovnigit	hovnig	-	-
hudflänga	hudflänger	hudflängde	hudflängt	hudfläng	-	-
hugfästa	hugfäster	hugfäste	hugfäst	hugfäst	-	-
hugga	hugger	högg	huggit	hugg	-	-
hyra	hyr	hyrde	hyrt	hyr	-	-
hysa	hyser	hyste	hyst	hys	-	-
hytta	hytter	-	-	hytt	-	-
hälla	häller	hällde	hällt	häll	-	-
hända	händer	hände	hänt	händ	-	-
hänföra	hänför	hänförde	hänfört	hänför	-	-
hänga	hänger	hängde	hängt	häng	-	-
hänrycka	hänrycker	hänryckte	hänryckt	hänryck	-	-
hänskjuta	hänskjuter	hänsköt	hänskjutit	hänskjut	-	-
häntyda	häntyder	häntydde	häntytt	häntyd	-	-
härflyta	härflyter	härflöt	härflutit	härflyt	-	-
härleda	härleder	härledde	härlett	härled	-	-
härröra	härrör	härrörde	härrört	härrör	-	-
hästsova	hästsover	hästsov	hästsovit	hästsov	-	-
häva	häver	hävde	hävt	häv	-	-
hålla	håller	höll	hållit	håll	-	-
hållas	hålls	-	-	-	-	-
hålslå	-	hålslog	hålslagit	-	-	-
hånle	-	hånlog	hånlett	-	-	-
hårddra	-	hårddrog	hårddragit	-	hårddrage	-
hårdlöda	hårdlöder	hårdlödde	hårdlött	hårdlöd	-	-
hårdra	-	hårdrog	hårdragit	-	hårdrage	-
högtidlighålla	högtidlighåller	högtidlighöll	högtidlighållit	högtidlighåll	-	-
höja	höjer	höjde	höjt	höj	-	-
hölja	höljer	höljde	höljt	hölj	-	-
höra	hör	hörde	hört	hör	-	-
höstplöja	höstplöjer	höstplöjde	höstplöjt	höstplöj	-	-
höta	höter	hötte	hött	höt	-	-
hötta	hötter	-	-	hött	-	-
hövas	höves	-	-	-	-	-
iaktta	-	iakttog	iakttagit	-	iakttage	-
idas	ids	iddes	itts	-	-	-
ifrågakomma	ifrågakommer	ifrågakom	ifrågakommit	ifrågakom	-	-
ifrågasätta	ifrågasätter	ifrågasatte	ifrågasatt	ifrågasätt	-	-
igenkänna	igenkänner	igenkände	igenkänt	igenkänn	-	-
igensätta	igensätter	igensatte	igensatt	igensätt	-	-
igångsätta	igångsätter	igångsatte	igångsatt	igångsätt	-	-
ihågkomma	ihågkommer	ihågkom	ihågkommit	ihågkom	-	-
iklä	-	iklädde	iklätt	-	-	-
ilandsätta	ilandsätter	ilandsatte	ilandsatt	ilandsätt	-	-
illtjuta	illtjuter	illtjöt	illtjutit	illtjut	-	-
inbegripa	inbegriper	inbegrep	inbegripit	inbegrip	-	-
inbjuda	inbjuder	inbjöd	inbjudit	inbjud	-	-
inbygga	inbygger	inbyggde	inbyggt	inbygg	-	-
indra	-	indrog	indragit	-	indrage	-
indriva	indriver	indrev	indrivit	indriv	-	-
indränka	indränker	indränkte	indränkt	indränk	-	-
infalla	infaller	inföll	infallit	infall	-	-
inflyta	inflyter	inflöt	influtit	inflyt	-	-
införa	inför	införde	infört	inför	-	-
inge	-	ingav	ingett	-	ingive	-
ingjuta	ingjuter	ingöt	ingjutit	ingjut	-	-
ingripa	ingriper	ingrep	ingripit	ingrip	-	-
ingå	-	ingick	ingått	-	ingånge	-
inhysa	inhyser	inhyste	inhyst	inhys	-	-
inhölja	inhöljer	inhöljde	inhöljt	inhölj	-	-
inkomma	inkommer	inkom	inkommit	inkom	-	-
inkräva	inkräver	inkrävde	inkrävt	inkräv	-	-
inköpa	inköper	inköpte	inköpt	inköp	-	-
inleda	inleder	inledde	inlett	inled	-	-
inlägga	inlägger	inla	inlagt	inlägg	-	-
inlära	inlär	inlärde	inlärt	inlär	-	-
inlöpa	inlöper	inlöpte	inlöpt	inlöp	-	-
inlösa	inlöser	inlöste	inlöst	inlös	-	-
inmänga	inmänger	inmängde	inmängt	inmäng	-	-
innebrännas	innebränns	-	-	-	-	-
innebära	innebär	innebar	inneburit	innebär	-	-
inneha	-	-	innehaft	-	-	-
innehålla	innehåller	innehöll	innehållit	innehåll	-	-
innesluta	innesluter	inneslöt	inneslutit	inneslut	-	-
innestänga	innestänger	innestängde	innestängt	innestäng	-	-
inreda	inreder	inredde	inrett	inred	-	-
inresa	inreser	inreste	inrest	inres	-	-
inrymma	inrymmer	inrymde	inrymt	inrym	-	-
inse	-	insåg	insett	-	-	-
inskjuta	inskjuter	insköt	inskjutit	inskjut	-	-
inskrida	inskrider	inskred	inskridit	inskrid	-	-
inskriva	inskriver	inskrev	inskrivit	inskriv	-	-
inskränka	inskränker	inskränkte	inskränkt	inskränk	-	-
inskärpa	inskärper	inskärpte	inskärpt	inskärp	-	-
insmyga	insmyger	insmög	insmugit	insmyg	-	-
insmälta	insmälter	insmälte	insmält	insmält	-	-
inställa	inställer	inställde	inställt	inställ	-	-
instämma	instämmer	instämde	instämt	instäm	-	-
instänga	instänger	instängde	instängt	instäng	-	-
insuga	insuger	insög	insugit	insug	-	-
insupa	insuper	insöp	insupit	insup	-	-
insvepa	insveper	insvepte	insvept	insvep	-	-
insända	insänder	insände	insänt	insänd	-	-
insätta	insätter	insatte	insatt	insätt	-	-
inta	-	intog	intagit	-	intage	-
inträda	inträder	inträdde	inträtt	inträd	-	-
intränga	intränger	inträngde	inträngt	inträng	-	-
inviga	inviger	invigde	invigt	invig	-	-
invälja	inväljer	invalde	invalt	invälj	-	-
invända	invänder	invände	invänt	invänd	-	-
inväva	inväver	invävde	invävt	inväv	-	-
iordningställa	iordningställer	iordningställde	iordningställt	iordningställ	-	-
isbelägga	isbelägger	isbela	isbelagt	isbelägg	-	-
iscensätta	iscensätter	iscensatte	iscensatt	iscensätt	-	-
islägga	islägger	isla	islagt	islägg	-	-
iståndsätta	iståndsätter	iståndsatte	iståndsatt	iståndsätt	-	-
jordfästa	jordfäster	jordfäste	jordfäst	jordfäst	-	-
jordslå	-	jordslog	jordslagit	-	-	-
jämföra	jämför	jämförde	jämfört	jämför	-	-
jämställa	jämställer	jämställde	jämställt	jämställ	-	-
järnsko	-	järnskodde	järnskott	-	-	-
jäsa	jäser	jäste	jäst	jäs	-	-
k-märka	k-märker	k-märkte	k-märkt	k-märk	-	-
kalhugga	kalhugger	kalhögg	kalhuggit	kalhugg	-	-
kalkslå	-	kalkslog	kalkslagit	-	-	-
kalldra	-	kalldrog	kalldragit	-	kalldrage	-
kallröka	kallröker	kallrökte	kallrökt	kallrök	-	-
kallröra	kallrör	kallrörde	kallrört	kallrör	-	-
kallsmida	kallsmider	kallsmidde	kallsmitt	kallsmid	-	-
kaläta	kaläter	kalåt	kalätit	kalät	-	-
kanthugga	kanthugger	kanthögg	kanthuggit	kanthugg	-	-
kantklippa	kantklipper	kantklippte	kantklippt	kantklipp	-	-
kappköra	kappkör	kappkörde	kappkört	kappkör	-	-
kartlägga	kartlägger	kartla	kartlagt	kartlägg	-	-
kedjeröka	kedjeröker	kedjerökte	kedjerökt	kedjerök	-	-
klargöra	klargör	klargjorde	klargjort	klargör	-	-
klarlägga	klarlägger	klarla	klarlagt	klarlägg	-	-
klavbinda	klavbinder	klavband	klavbundit	klavbind	-	-
klippa	klipper	klippte	klippt	klipp	-	-
kliva	kliver	klev	klivit	kliv	-	-
klyva	klyver	klöv	kluvit	klyv	-	-
klä	-	klädde	klätt	-	-	-
kläcka	kläcker	kläckte	kläckt	kläck	-	-
kläckas	kläcks	-	-	-	-	-
klämma	klämmer	klämde	klämt	kläm	-	-
klänga	klänger	klängde	klängt	kläng	-	-
klå	-	klådde	klått	-	-	-
klösa	klöser	klöste	klöst	klös	-	-
klösas	klöses	-	-	-	-	-
knipa	kniper	knep	knipit	knip	-	-
knivhugga	knivhugger	knivhögg	knivhuggit	knivhugg	-	-
knivskära	knivskär	knivskar	knivskurit	knivskär	-	-
knycka	knycker	knyckte	knyckt	knyck	-	-
knyta	knyter	knöt	knutit	knyt	-	-
knäböja	knäböjer	knäböjde	knäböjt	knäböj	-	-
knäcka	knäcker	knäckte	knäckt	knäck	-	-
knäfalla	knäfaller	knäföll	knäfallit	knäfall	-	-
knäppa	knäpper	knäppte	knäppt	knäpp	-	-
knäsätta	knäsätter	knäsatte	knäsatt	knäsätt	-	-
komma	kommer	kom	kommit	kom	-	-
konkurrensutsätta	konkurrensutsätter	konkurrensutsatte	konkurrensutsatt	konkurrensutsätt	-	-
kontrollmäta	kontrollmäter	kontrollmätte	kontrollmätt	kontrollmät	-	-
kontrollväga	kontrollväger	kontrollvägde	kontrollvägt	kontrollväg	-	-
kontrolläsa	kontrolläser	kontrolläste	kontrolläst	kontrolläs	-	-
korrekturläsa	korrekturläser	korrekturläste	korrekturläst	korrekturläs	-	-
korsfästa	korsfäster	korsfäste	korsfäst	korsfäst	-	-
korsförhöra	korsförhör	korsförhörde	korsförhört	korsförhör	-	-
korslägga	korslägger	korsla	korslagt	korslägg	-	-
kortklippa	kortklipper	kortklippte	kortklippt	kortklipp	-	-
kortsluta	kortsluter	kortslöt	kortslutit	kortslut	-	-
kovända	kovänder	kovände	kovänt	kovänd	-	-
kravmärka	kravmärker	kravmärkte	kravmärkt	kravmärk	-	-
kringgå	-	kringgick	kringgått	-	kringgånge	-
kringränna	kringränner	kringrände	kringränt	kringränn	-	-
kringskära	kringskär	kringskar	kringskurit	kringskär	-	-
kringströ	-	kringströdde	kringstrött	-	-	-
krympa	krymper	krympte	krympt	krymp	-	-
krypa	kryper	kröp	krupit	kryp	-	-
krypköra	krypkör	krypkörde	krypkört	krypkör	-	-
kräkas	kräks	kräktes	kräkts	-	-	-
kränga	kränger	krängde	krängt	kräng	-	-
kränka	kränker	kränkte	kränkt	kränk	-	-
kräva	kräver	krävde	krävt	kräv	-	-
krävas	krävs	-	-	-	-	-
kröna	kröner	krönte	krönt	krön	-	-
kullslå	-	kullslog	kullslagit	-	kullslåge	-
kulturminnesmärka	kulturminnesmärker	kulturminnesmärkte	kulturminnesmärkt	kulturminnesmärk	-	-
kungöra	kungör	kungjorde	kungjort	kungör	-	-
kunna	kan	kunde	-	-	-	-
kvarbli	-	kvarblev	kvarblivit	-	kvarblive	-
kvardröja	kvardröjer	kvardröjde	kvardröjt	kvardröj	-	-
kvarhålla	kvarhåller	kvarhöll	kvarhållit	kvarhåll	-	-
kvarstå	-	kvarstod	kvarstått	-	-	-
kvida	kvider	-	kvidit	kvid	-	-
kväda	kväder	kvad	kvädit	kväd	-	-
kväka	kväker	kväkte	kväkt	kväk	-	-
kvälja	kväljer	kvalde	kvalt	kvälj	-	-
kvälla	kväller	kvällde	kvällt	kväll	-	-
kväsa	kväser	kväste	kväst	kväs	-	-
kväva	kväver	kvävde	kvävt	kväv	-	-
kyla	kyler	kylde	kylt	kyl	-	-
kyrkbokföra	kyrkbokför	kyrkbokförde	kyrkbokfört	kyrkbokför	-	-
kyrkobokföra	kyrkobokför	kyrkobokförde	kyrkobokfört	kyrkobokför	-	-
kyrkskriva	kyrkskriver	kyrkskrev	kyrkskrivit	kyrkskriv	-	-
kyssa	kysser	kysste	kysst	kyss	-	-
kyssas	kysses	-	-	-	-	-
känna	känner	kände	känt	känn	-	-
kännas	känns	kändes	känts	-	-	-
köpa	köper	köpte	köpt	köp	-	-
köpslå	-	köpslog	köpslagit	-	-	-
köra	kör	körde	kört	kör	-	-
köva	köver	kövde	kövt	köv	-	-
lagerföra	lagerför	lagerförde	lagerfört	lagerför	-	-
lagerkröna	lagerkröner	lagerkrönte	lagerkrönt	lagerkrön	-	-
lagfara	lagfar	lagfor	lagfarit	lagfar	-	-
lagfästa	lagfäster	lagfäste	lagfäst	lagfäst	-	-
lagföra	lagför	lagförde	lagfört	lagför	-	-
lagsöka	lagsöker	lagsökte	lagsökt	lagsök	-	-
lamslå	-	lamslog	lamslagit	-	-	-
landstiga	landstiger	landsteg	landstigit	landstig	-	-
landsätta	landsätter	landsatte	landsatt	landsätt	-	-
le	-	log	lett	-	-	-
ledas	leds	-	-	-	-	-
leja	lejer	lejde	lejt	lej	-	-
leka	leker	lekte	lekt	lek	-	-
leva	lever	levde	-	lev	-	-
levandegöra	levandegör	levandegjorde	levandegjort	levandegör	-	-
licensbelägga	licensbelägger	licensbela	licensbelagt	licensbelägg	-	-
lida	lider	led	lidit	lid	-	-
ligga	ligger	låg	legat	ligg	-	-
likställa	likställer	likställde	likställt	likställ	-	-
livnära	livnär	livnärde	livnärt	livnär	-	-
ljudsätta	ljudsätter	ljudsatte	ljudsatt	ljudsätt	-	-
ljuga	ljuger	ljög	ljugit	ljug	-	-
lovsjunga	lovsjunger	lovsjöng	lovsjungit	lovsjung	-	-
luftlandsätta	luftlandsätter	luftlandsatte	luftlandsatt	luftlandsätt	-	-
lusläsa	lusläser	lusläste	lusläst	lusläs	-	-
lyckliggöra	lyckliggör	lyckliggjorde	lyckliggjort	lyckliggör	-	-
lycksaliggöra	lycksaliggör	lycksaliggjorde	lycksaliggjort	lycksaliggör	-	-
lyda	lyder	lydde	lytt	lyd	-	-
lyfta	lyfter	lyfte	lyft	lyft	-	-
lysa	lyser	lyste	lyst	lys	-	-
lyster	lyster	-	-	-	-	-
läcka	läcker	läckte	läckt	läck	-	-
lägga	lägger	la	lagt	lägg	-	-
läka	läker	läkte	läkt	läk	-	-
läkarundersöka	läkarundersöker	läkarundersökte	läkarundersökt	läkarundersök	-	-
lända	länder	lände	länt	länd	-	-
länga	länger	längde	längt	läng	-	-
längas	längs	-	-	-	-	-
lär	lär	-	-	-	-	-
lära	lär	lärde	lärt	lär	-	-
läsa	läser	läste	läst	läs	-	-
lågflyga	lågflyger	lågflög	lågflugit	lågflyg	-	-
långledas	långleds	-	-	-	-	-
låsa	låser	låste	låst	lås	-	-
låta	låter	lät	låtit	låt	-	-
löpa	löper	lopp	lupit	löp	-	-
lösa	löser	löste	löst	lös	-	-
lösge	-	lösgav	lösgett	-	lösgive	-
lösgöra	lösgör	lösgjorde	lösgjort	lösgör	-	-
majoritetsäga	majoritetsäger	majoritetsägde	majoritetsägt	majoritetsäg	-	-
mala	mal	malde	malt	mal	-	-
mantalsskriva	mantalsskriver	mantalsskrev	mantalsskrivit	mantalsskriv	-	-
marknadsföra	marknadsför	marknadsförde	marknadsfört	marknadsför	-	-
maskinklippa	maskinklipper	maskinklippte	maskinklippt	maskinklipp	-	-
medfölja	medföljer	medföljde	medföljt	medfölj	-	-
medföra	medför	medförde	medfört	medför	-	-
medge	-	medgav	medgett	-	medgive	-
medta	-	medtog	medtagit	-	medtage	-
medvetandegöra	medvetandegör	medvetandegjorde	medvetandegjort	medvetandegör	-	-
mikrostyra	mikrostyr	mikrostyrde	mikrostyrt	mikrostyr	-	-
miljömärka	miljömärker	miljömärkte	miljömärkt	miljömärk	-	-
minna	minner	minde	mint	minn	-	-
minnas	minns	mindes	mints	-	-	-
missbedöma	missbedömer	missbedömde	missbedömt	missbedöm	-	-
missförstå	-	missförstod	missförstådd	-	-	-
missklä	-	missklädde	missklätt	-	-	-
misskänna	misskänner	misskände	misskänt	misskänn	-	-
missköta	missköter	misskötte	misskött	missköt	-	-
missleda	missleder	missledde	misslett	missled	-	-
misspryda	misspryder	missprydde	missprytt	misspryd	-	-
missta	-	misstog	misstagit	-	misstage	-
misstro	-	misstrodde	misstrott	-	-	-
misstycka	misstycker	misstyckte	misstyckt	misstyck	-	-
misstyda	misstyder	misstydde	misstytt	misstyd	-	-
misstämma	misstämmer	misstämde	misstämt	misstäm	-	-
misstänka	misstänker	misstänkte	misstänkt	misstänk	-	-
misstänkliggöra	misstänkliggör	misstänkliggjorde	misstänkliggjort	misstänkliggör	-	-
mista	mister	-	-	mist	-	-
mjukgöra	mjukgör	mjukgjorde	mjukgjort	mjukgör	-	-
moltiga	moltiger	molteg	moltigit	moltig	-	-
molvärka	molvärker	molvärkte	molvärkt	molvärk	-	-
motläsa	motläser	motläste	motläst	motläs	-	-
motse	-	motsåg	motsett	-	-	-
motstå	-	motstod	motstått	-	-	-
motsäga	motsäger	motsade	motsagt	motsäg	-	-
motta	-	mottog	mottagit	-	mottage	-
motväga	motväger	motvägde	motvägt	motväg	-	-
munhuggas	munhuggs	munhöggs	munhuggits	-	-	-
mysa	myser	myste	myst	mys	-	-
mäla	mäler	mälde	mält	mäl	-	-
mänga	mänger	mängde	mängt	mäng	-	-
märka	märker	märkte	märkt	märk	-	-
märkvärdiggöra	märkvärdiggör	märkvärdiggjorde	märkvärdiggjort	märkvärdiggör	-	-
mäta	mäter	mätte	mätt	mät	-	-
må	-	mådde	mått	-	-	-
månde	-	månde	-	-	-	-
måste	måste	måste	måst	måsta	-	-
möjliggöra	möjliggör	möjliggjorde	möjliggjort	möjliggör	-	-
mörklägga	mörklägger	mörkla	mörklagt	mörklägg	-	-
möta	möter	mötte	mött	möt	-	-
mötas	möts	möttes	mötts	-	-	-
nagelfara	nagelfar	nagelfor	nagelfarit	nagelfar	-	-
namnfästa	namnfäster	namnfäste	namnfäst	namnfäst	-	-
namnge	-	namngav	namngett	-	namngive	-
nedblåsa	nedblåser	nedblåste	nedblåst	nedblås	-	-
nedbryta	nedbryter	nedbröt	nedbrutit	nedbryt	-	-
nedfrysa	nedfryser	nedfryste	nedfrusit	nedfrys	-	-
nedgräva	nedgräver	nedgrävde	nedgrävt	nedgräv	-	-
nedgöra	nedgör	nedgjorde	nedgjort	nedgör	-	-
nedkomma	nedkommer	nedkom	nedkommit	nedkom	-	-
nedlägga	nedlägger	nedla	nedlagt	nedlägg	-	-
nedskriva	nedskriver	nedskrev	nedskrivit	nedskriv	-	-
nedslå	-	nedslog	nedslagit	-	-	-
nedstiga	nedstiger	nedsteg	nedstigit	nedstig	-	-
nedsänka	nedsänker	nedsänkte	nedsänkt	nedsänk	-	-
nedsätta	nedsätter	nedsatte	nedsatt	nedsätt	-	-
nedtynga	nedtynger	nedtyngde	nedtyngt	nedtyng	-	-
nerblåsa	nerblåser	nerblåste	nerblåst	nerblås	-	-
nerbryta	nerbryter	nerbröt	nerbrutit	nerbryt	-	-
nerfrysa	nerfryser	nerfryste	nerfrusit	nerfrys	-	-
nergöra	nergör	nergjorde	nergjort	nergör	-	-
nerkomma	nerkommer	nerkom	nerkommit	nerkom	-	-
nerlägga	nerlägger	nerla	nerlagt	nerlägg	-	-
nerskriva	nerskriver	nerskrev	nerskrivit	nerskriv	-	-
nerslå	-	nerslog	nerslagit	-	-	-
nerstiga	nerstiger	nersteg	nerstigit	nerstig	-	-
nersänka	nersänker	nersänkte	nersänkt	nersänk	-	-
nersätta	nersätter	nersatte	nersatt	nersätt	-	-
niga	niger	neg	nigit	nig	-	-
njuta	njuter	njöt	njutit	njut	-	-
nollställa	nollställer	nollställde	nollställt	nollställ	-	-
nyanlägga	nyanlägger	nyanla	nyanlagt	nyanlägg	-	-
nyanställa	nyanställer	nyanställde	nyanställt	nyanställ	-	-
nypa	nyper	nöp	nupit	nyp	-	-
nysa	nyser	nyste	nusit	nys	-	-
nyttiggöra	nyttiggör	nyttiggjorde	nyttiggjort	nyttiggör	-	-
nyvälja	nyväljer	nyvalde	nyvalt	nyvälj	-	-
nämna	nämner	nämnde	nämnt	nämn	-	-
nännas	nänns	nändes	nänts	-	-	-
näpsa	näpser	näpste	näpst	näps	-	-
nära	när	närde	närt	när	-	-
närsluta	närsluter	närslöt	närslutit	närslut	-	-
nå	-	nådde	nått	-	-	-
nåde	-	-	-	-	nåde	-
nödvändiggöra	nödvändiggör	nödvändiggjorde	nödvändiggjort	nödvändiggör	-	-
nöjas	nöjs	-	-	-	-	-
nöta	nöter	nötte	nött	nöt	-	-
odödliggöra	odödliggör	odödliggjorde	odödliggjort	odödliggör	-	-
offentliggöra	offentliggör	offentliggjorde	offentliggjort	offentliggör	-	-
okynnesanvända	okynnesanvänder	okynnesanvände	okynnesanvänt	okynnesanvänd	-	-
okynnesringa	okynnesringer	okynnesringde	okynnesringt	okynnesring	-	-
oljedränka	oljedränker	oljedränkte	oljedränkt	oljedränk	-	-
ombe	-	ombad	ombett	-	ombede	-
ombestyra	ombestyr	ombestyrde	ombestyrt	ombestyr	-	-
ombesörja	ombesörjer	ombesörjde	ombesörjt	ombesörj	-	-
ombetro	-	ombetrodde	ombetrott	-	-	-
ombryta	ombryter	ombröt	ombrutit	ombryt	-	-
omföra	omför	omförde	omfört	omför	-	-
omförmäla	omförmäler	omförmälde	omförmält	omförmäl	-	-
omge	-	omgav	omgett	-	omgive	-
omhänderha	-	-	omhänderhaft	-	-	-
omhänderta	-	omhändertog	omhändertagit	-	omhändertage	-
omhölja	omhöljer	omhöljde	omhöljt	omhölj	-	-
omintetgöra	omintetgör	omintetgjorde	omintetgjort	omintetgör	-	-
omklä	-	omklädde	omklätt	-	-	-
omkomma	omkommer	omkom	omkommit	omkom	-	-
omköra	omkör	omkörde	omkört	omkör	-	-
omnämna	omnämner	omnämnde	omnämnt	omnämn	-	-
omse	-	omsåg	omsett	-	-	-
omskriva	omskriver	omskrev	omskrivit	omskriv	-	-
omskära	omskär	omskar	omskurit	omskär	-	-
omsköta	omsköter	omskötte	omskött	omsköt	-	-
omsluta	omsluter	omslöt	omslutit	omslut	-	-
omspinna	omspinner	omspann	omspunnit	omspinn	-	-
omspänna	omspänner	omspände	omspänt	omspänn	-	-
omställa	omställer	omställde	omställt	omställ	-	-
omstöpa	omstöper	omstöpte	omstöpt	omstöp	-	-
omsvepa	omsveper	omsvepte	omsvept	omsvep	-	-
omsätta	omsätter	omsatte	omsatt	omsätt	-	-
omta	-	omtog	omtagit	-	omtage	-
omvälja	omväljer	omvalde	omvalt	omvälj	-	-
omvälva	omvälver	omvälvde	omvälvt	omvälv	-	-
omvända	omvänder	omvände	omvänt	omvänd	-	-
omvärva	omvärver	omvärvde	omvärvt	omvärv	-	-
omöjliggöra	omöjliggör	omöjliggjorde	omöjliggjort	omöjliggör	-	-
oppbära	oppbär	oppbar	oppburit	oppbär	-	-
oppdriva	oppdriver	oppdrev	oppdrivit	oppdriv	-	-
oppfinna	oppfinner	oppfann	oppfunnit	oppfinn	-	-
oppfylla	oppfyller	oppfyllde	oppfyllt	oppfyll	-	-
oppföda	oppföder	oppfödde	oppfött	oppföd	-	-
oppge	-	oppgav	oppgett	-	oppgive	-
opphäva	opphäver	opphov	opphävt	opphäv	-	-
opphöja	opphöjer	opphöjde	opphöjt	opphöj	-	-
opplägga	opplägger	oppla	opplagt	opplägg	-	-
oppläsa	oppläser	oppläste	oppläst	oppläs	-	-
oppskjuta	oppskjuter	oppsköt	oppskjutit	oppskjut	-	-
oppställa	oppställer	oppställde	oppställt	oppställ	-	-
oppsuga	oppsuger	oppsög	oppsugit	oppsug	-	-
oppsätta	oppsätter	oppsatte	oppsatt	oppsätt	-	-
oppsöka	oppsöker	oppsökte	oppsökt	oppsök	-	-
oppta	-	opptog	opptagit	-	opptage	-
oppväga	oppväger	oppvägde	oppvägt	oppväg	-	-
oppväxa	oppväxer	oppväxte	oppvuxit	-	-	-
oppäta	oppäter	oppåt	oppätit	oppät	-	-
ordinariesätta	ordinariesätter	ordinariesatte	ordinariesatt	ordinariesätt	-	-
oskadliggöra	oskadliggör	oskadliggjorde	oskadliggjort	oskadliggör	-	-
osynliggöra	osynliggör	osynliggjorde	osynliggjort	osynliggör	-	-
pantförskriva	pantförskriver	pantförskrev	pantförskrivit	pantförskriv	-	-
pantsätta	pantsätter	pantsatte	pantsatt	pantsätt	-	-
pipa	piper	pep	pipit	pip	-	-
planlägga	planlägger	planla	planlagt	planlägg	-	-
pliktfälla	pliktfäller	pliktfällde	pliktfällt	pliktfäll	-	-
plöja	plöjer	plöjde	plöjt	plöj	-	-
polisanmäla	polisanmäler	polisanmälde	polisanmält	polisanmäl	-	-
portförbjuda	portförbjuder	portförbjöd	portförbjudit	portförbjud	-	-
premiärköra	premiärkör	premiärkörde	premiärkört	premiärkör	-	-
presslägga	presslägger	pressla	presslagt	presslägg	-	-
prickskjuta	prickskjuter	pricksköt	prickskjutit	prickskjut	-	-
prisge	-	prisgav	prisgett	-	prisgive	-
prismärka	prismärker	prismärkte	prismärkt	prismärk	-	-
prisnedsätta	prisnedsätter	prisnedsatte	prisnedsatt	prisnedsätt	-	-
prissätta	prissätter	prissatte	prissatt	prissätt	-	-
promenadköra	promenadkör	promenadkörde	promenadkört	promenadkör	-	-
protokollföra	protokollför	protokollförde	protokollfört	protokollför	-	-
provföreläsa	provföreläser	provföreläste	provföreläst	provföreläs	-	-
provköra	provkör	provkörde	provkört	provkör	-	-
provläsa	provläser	provläste	provläst	provläs	-	-
provrida	provrider	provred	provridit	provrid	-	-
provskjuta	provskjuter	provsköt	provskjutit	provskjut	-	-
pryda	pryder	prydde	prytt	pryd	-	-
prästviga	prästviger	prästvigde	prästvigt	prästvig	-	-
pungslå	-	pungslog	pungslagit	-	-	-
pyra	pyr	pyrde	pyrt	pyr	-	-
pysa	pyser	pyste	pyst	pys	-	-
påbjuda	påbjuder	påbjöd	påbjudit	påbjud	-	-
påföra	påför	påförde	påfört	påför	-	-
pågå	-	pågick	pågått	-	-	-
pålägga	pålägger	påla	pålagt	pålägg	-	-
pålöda	pålöder	pålödde	pålött	pålöd	-	-
påminna	påminner	påminde	påmint	påminn	-	-
pånyttföda	pånyttföder	pånyttfödde	pånyttfött	pånyttföd	-	-
påskina	påskiner	påsken	påskinit	påskin	-	-
påspä	-	påspädde	påspätt	-	-	-
påstå	-	påstod	påstådd	-	-	-
påta	-	-	-	-	påtage	-
pösa	pöser	pöste	pöst	pös	-	-
reda	reder	redde	rett	red	-	-
redogöra	redogör	redogjorde	redogjort	redogör	-	-
regnbågsmärka	regnbågsmärker	regnbågsmärkte	regnbågsmärkt	regnbågsmärk	-	-
rengöra	rengör	rengjorde	rengjort	rengör	-	-
renskriva	renskriver	renskrev	renskrivit	renskriv	-	-
rentvå	-	rentvådde	rentvått	-	-	-
resa	reser	reste	rest	res	-	-
rida	rider	red	ridit	rid	-	-
ringmärka	ringmärker	ringmärkte	ringmärkt	ringmärk	-	-
rinna	rinner	rann	runnit	rinn	-	-
riva	river	rev	rivit	riv	-	-
rivas	rivs	-	-	-	-	-
ro	-	rodde	rott	-	-	-
rollbesätta	rollbesätter	rollbesatte	rollbesatt	rollbesätt	-	-
rotfylla	rotfyller	rotfyllde	rotfyllt	rotfyll	-	-
rumphugga	rumphugger	rumphögg	rumphuggit	rumphugg	-	-
rundsmörja	rundsmörjer	rundsmorde	rundsmort	rundsmörj	-	-
rycka	rycker	ryckte	ryckt	ryck	-	-
ryka	ryker	rykte	rukit	ryk	-	-
rymma	rymmer	rymde	rymt	rym	-	-
rymmas	ryms	-	-	-	-	-
rysa	ryser	ryste	ryst	rys	-	-
ryta	ryter	röt	rutit	ryt	-	-
räcka	räcker	räckte	räckt	räck	-	-
ränna	ränner	rände	ränt	ränn	-	-
rännskita	rännskiter	rännsket	rännskitit	rännskit	-	-
rättfärdiggöra	rättfärdiggör	rättfärdiggjorde	rättfärdiggjort	rättfärdiggör	-	-
rå	-	rådde	rått	-	-	-
råda	råder	rådde	rått	råd	-	-
rådföra	rådför	rådförde	rådfört	rådför	-	-
rådgöra	rådgör	rådgjorde	rådgjort	rådgör	-	-
rådlägga	rådlägger	rådla	rådlagt	rådlägg	-	-
rådslå	-	rådslog	rådslagit	-	rådslåge	-
råriva	råriver	rårev	rårivit	råriv	-	-
råskälla	råskäller	råskällde	råskällt	råskäll	-	-
råsteka	råsteker	råstekte	råstekt	råstek	-	-
röja	röjer	röjde	röjt	röj	-	-
röka	röker	rökte	rökt	rök	-	-
röna	röner	rönte	rönt	rön	-	-
röra	rör	rörde	rört	rör	-	-
sakfälla	sakfäller	sakfällde	sakfällt	sakfäll	-	-
saliggöra	saliggör	saliggjorde	saliggjort	saliggör	-	-
salubjuda	salubjuder	salubjöd	salubjudit	salubjud	-	-
saluföra	saluför	saluförde	salufört	saluför	-	-
sambo	-	sambodde	sambott	-	-	-
samgå	-	samgick	samgått	-	samgånge	-
samköra	samkör	samkörde	samkört	samkör	-	-
sammanbinda	sammanbinder	sammanband	sammanbundit	sammanbind	-	-
sammanbo	-	sammanbodde	sammanbott	-	-	-
sammandra	-	sammandrog	sammandragit	-	sammandrage	-
sammanfalla	sammanfaller	sammanföll	sammanfallit	sammanfall	-	-
sammanföra	sammanför	sammanförde	sammanfört	sammanför	-	-
sammangå	-	sammangick	sammangått	-	sammangånge	-
sammanhänga	sammanhänger	sammanhängde	sammanhängt	sammanhäng	-	-
sammanhålla	sammanhåller	sammanhöll	sammanhållit	sammanhåll	-	-
sammanleva	sammanlever	sammanlevde	-	sammanlev	-	-
sammanlägga	sammanlägger	sammanla	sammanlagt	sammanlägg	-	-
sammanlöpa	sammanlöper	sammanlöpte	sammanlöpt	sammanlöp	-	-
sammanringa	sammanringer	sammanringde	sammanringt	sammanring	-	-
sammanskjuta	sammanskjuter	sammansköt	sammanskjutit	sammanskjut	-	-
sammanskriva	sammanskriver	sammanskrev	sammanskrivit	sammanskriv	-	-
sammanslå	-	sammanslog	sammanslagit	-	-	-
sammansmälta	sammansmälter	sammansmälte	sammansmält	sammansmält	-	-
sammanställa	sammanställer	sammanställde	sammanställt	sammanställ	-	-
sammanstöta	sammanstöter	sammanstötte	sammanstött	sammanstöt	-	-
sammansätta	sammansätter	sammansatte	sammansatt	sammansätt	-	-
sammantrycka	sammantrycker	sammantryckte	sammantryckt	sammantryck	-	-
sammanträda	sammanträder	sammanträdde	sammanträtt	sammanträd	-	-
sammanviga	sammanviger	sammanvigde	sammanvigt	sammanvig	-	-
sammanväga	sammanväger	sammanvägde	sammanvägt	sammanväg	-	-
sammanväva	sammanväver	sammanvävde	sammanvävt	sammanväv	-	-
sammanväxa	sammanväxer	sammanväxte	sammanväxt	sammanväx	-	-
samråda	samråder	samrådde	samrått	samråd	-	-
samtycka	samtycker	samtyckte	samtyckt	samtyck	-	-
samvara	-	-	samvarit	-	-	-
samåka	samåker	samåkte	samåkt	samåk	-	-
schemalägga	schemalägger	schemala	schemalagt	schemalägg	-	-
se	-	såg	sett	-	-	-
segdra	-	segdrog	segdragit	-	segdrage	-
segelflyga	segelflyger	segelflög	segelflugit	segelflyg	-	-
sekretessbelägga	sekretessbelägger	sekretessbela	sekretessbelagt	sekretessbelägg	-	-
semesterresa	semesterreser	semesterreste	semesterrest	semesterres	-	-
senarelägga	senarelägger	senarela	senarelagt	senarelägg	-	-
sitta	sitter	satt	suttit	sitt	-	-
sjuda	sjuder	sjöd	sjudit	sjud	-	-
sjukanmäla	sjukanmäler	sjukanmälde	sjukanmält	sjukanmäl	-	-
sjukskriva	sjukskriver	sjukskrev	sjukskrivit	sjukskriv	-	-
sjunga	sjunger	sjöng	sjungit	sjung	-	-
sjunka	sjunker	sjönk	sjunkit	sjunk	-	-
självantända	självantänder	självantände	självantänt	självantänd	-	-
självdö	-	självdog	självdött	-	-	-
självläka	självläker	självläkte	självläkt	självläk	-	-
självtända	självtänder	självtände	självtänt	självtänd	-	-
sjösätta	sjösätter	sjösatte	sjösatt	sjösätt	-	-
skadeskjuta	skadeskjuter	skadesköt	skadeskjutit	skadeskjut	-	-
skadskjuta	skadskjuter	skadsköt	skadskjutit	skadskjut	-	-
skambelägga	skambelägger	skambela	skambelagt	skambelägg	-	-
skattlägga	skattlägger	skattla	skattlagt	skattlägg	-	-
skattskriva	skattskriver	skattskrev	skattskrivit	skattskriv	-	-
skava	skaver	skavde	skavt	skav	-	-
ske	-	skedde	skett	-	-	-
skilja	skiljer	skilde	skilt	skilj	-	-
skiljas	skiljs	-	-	-	-	-
skina	skiner	sken	skinit	skin	-	-
skita	skiter	sket	skitit	skit	-	-
skjuta	skjuter	sköt	skjutit	skjut	-	-
sko	-	skodde	skott	-	-	-
skrida	skrider	skred	skridit	skrid	-	-
skrika	skriker	skrek	skrikit	skrik	-	-
skrinlägga	skrinlägger	skrinla	skrinlagt	skrinlägg	-	-
skriva	skriver	skrev	skrivit	skriv	-	-
skrymma	skrymmer	skrymde	skrymt	skrym	-	-
skryta	skryter	skröt	skrutit	skryt	-	-
skräda	skräder	skrädde	skrätt	skräd	-	-
skräddarsy	-	skräddarsydde	skräddarsytt	-	-	-
skrälla	skräller	skrällde	skrällt	skräll	-	-
skrämma	skrämmer	skrämde	skrämt	skräm	-	-
skränka	skränker	skränkte	skränkt	skränk	-	-
skräppa	skräpper	skräppte	skräppt	skräpp	-	-
skuldbelägga	skuldbelägger	skuldbela	skuldbelagt	skuldbelägg	-	-
skuldsätta	skuldsätter	skuldsatte	skuldsatt	skuldsätt	-	-
skvätta	skvätter	skvatt	skvätt	skvätt	-	-
sky	-	skydde	skytt	-	-	-
skylla	skyller	skyllde	skyllt	skyll	-	-
skymma	skymmer	skymde	skymt	skym	-	-
skälla	skäller	skällde	skällt	skäll	-	-
skälva	skälver	skalv	skälv	skälv	-	-
skämma	skämmer	skämde	skämt	skäm	-	-
skänka	skänker	skänkte	skänkt	skänk	-	-
skärpa	skärper	skärpte	skärpt	skärp	-	-
skåpsupa	skåpsuper	skåpsöp	skåpsupit	skåpsup	-	-
skåpäta	skåpät	skåpåt	skåpätit	skåpät	-	-
skölja	sköljer	sköljde	sköljt	skölj	-	-
skönja	skönjer	skönjde	skönjt	skönj	-	-
sköta	sköter	skötte	skött	sköt	-	-
slinka	slinker	slank	slunkit	slink	-	-
slinta	slinter	slant	sluntit	slint	-	-
slippa	slipper	slapp	sluppit	slipp	-	-
slita	sliter	slet	slitit	slit	-	-
slutföra	slutför	slutförde	slutfört	slutför	-	-
släcka	släcker	släckte	släckt	släck	-	-
slänga	slänger	slängde	slängt	släng	-	-
släppa	släpper	släppte	släppt	släpp	-	-
släthugga	släthugger	släthögg	släthuggit	släthugg	-	-
slätstryka	slätstryker	slätströk	slätstrukit	slätstryk	-	-
slå	-	slog	slagit	-	-	-
smaksätta	smaksätter	smaksatte	smaksatt	smaksätt	-	-
smeka	smeker	smekte	smekt	smek	-	-
smekas	smeks	-	-	-	-	-
smida	smider	smidde	smitt	smid	-	-
smita	smiter	smet	smitit	smit	-	-
smyga	smyger	smög	smugit	smyg	-	-
smygröka	smygröker	smygrökte	smygrökt	smygrök	-	-
smygsupa	smygsuper	smygsöp	smygsupit	smygsup	-	-
smygäta	smygäter	smygåt	smygätit	smygät	-	-
smäcka	smäcker	smäckte	smäckt	smäck	-	-
smälla	smäller	smällde	smällt	smäll	-	-
smälta	smälter	smalt	smultit	smält	-	-
smätta	smätter	smätte	smätt	smätt	-	-
småblåsa	småblåser	småblåste	småblåst	småblås	-	-
småle	-	smålog	smålett	-	-	-
småmysa	småmyser	småmyste	småmyst	småmys	-	-
småsjunga	småsjunger	småsjöng	småsjungit	småsjung	-	-
småsova	småsover	småsov	småsovit	småsov	-	-
småspringa	småspringer	småsprang	småsprungit	småspring	-	-
småsupa	småsuper	småsöp	småsupit	småsup	-	-
småsvära	småsvär	småsvor	småsvurit	småsvär	-	-
småträta	småträter	småträtte	småträtt	småträt	-	-
smörfräsa	smörfräser	smörfräste	smörfräst	smörfräs	-	-
smörja	smörjer	smorde	smort	smörj	-	-
smörsteka	smörsteker	smörstekte	smörstekt	smörstek	-	-
snabbfrysa	snabbfryser	snabbfryste	snabbfrusit	snabbfrys	-	-
snabbutreda	snabbutreder	snabbutredde	snabbutrett	snabbutred	-	-
snedskära	snedskär	snedskar	snedskurit	snedskär	-	-
snedställa	snedställer	snedställde	snedställt	snedställ	-	-
snedvrida	snedvrider	snedvred	snedvridit	snedvrid	-	-
snika	sniker	snek	snikit	-	-	-
sno	-	snodde	snott	-	-	-
snusmala	snusmal	snusmalde	snusmalt	snusmal	-	-
snyta	snyter	snöt	snutit	snyt	-	-
snäppa	snäpper	snäppte	snäppt	snäpp	-	-
snärja	snärjer	snärjde	snärjt	snärj	-	-
snärpa	snärper	snärpte	snärpt	snärp	-	-
snäsa	snäser	snäste	snäst	snäs	-	-
snöpa	snöper	snöpte	snöpt	snöp	-	-
snöra	snör	snörde	snört	snör	-	-
snörpa	snörper	snörpte	snörpt	snörp	-	-
sova	sover	sov	sovit	sov	-	-
spadvända	spadvänder	spadvände	spadvänt	spadvänd	-	-
specialbeställa	specialbeställer	specialbeställde	specialbeställt	specialbeställ	-	-
spilla	spiller	spillde	spillt	spill	-	-
spinna	spinner	spann	spunnit	spinn	-	-
spricka	spricker	sprack	spruckit	sprick	-	-
sprida	sprider	spred	spridit	sprid	-	-
springa	springer	sprang	sprungit	spring	-	-
spritdränka	spritdränker	spritdränkte	spritdränkt	spritdränk	-	-
spritta	spritter	spratt	spruttit	spritt	-	-
spräcka	spräcker	spräckte	spräckt	spräck	-	-
spränga	spränger	sprängde	sprängt	spräng	-	-
spy	-	spydde	spytt	-	-	-
spä	-	spädde	spätt	-	-	-
späka	späker	späkte	späkt	späk	-	-
spänna	spänner	spände	spänt	spänn	-	-
spå	-	spådde	spått	-	-	-
spörja	spörjer	sporde	sport	spörj	-	-
stadfästa	stadfäster	stadfäste	stadfäst	stadfäst	-	-
stadvända	stadvänder	stadvände	stadvänt	stadvänd	-	-
stagvända	stagvänder	stagvände	stagvänt	stagvänd	-	-
steka	steker	stekte	stekt	stek	-	-
stenlägga	stenlägger	stenla	stenlagt	stenlägg	-	-
stensätta	stensätter	stensatte	stensatt	stensätt	-	-
stiga	stiger	steg	stigit	stig	-	-
stinga	stinger	-	stungit	-	-	-
stinka	stinker	stank	stunkit	stink	-	-
stjäla	stjäl	stal	stulit	stjäl	-	-
stjälpa	stjälper	stjälpte	stjälpt	stjälp	-	-
storgråta	storgråter	storgrät	storgråtit	storgråt	-	-
storljuga	storljuger	storljög	storljugit	storljug	-	-
stormskälla	stormskäller	stormskällde	stormskällt	stormskäll	-	-
storskrika	storskriker	storskrek	storskrikit	storskrik	-	-
stortjuta	stortjuter	stortjöt	stortjutit	stortjut	-	-
straffbelägga	straffbelägger	straffbela	straffbelagt	straffbelägg	-	-
strandsätta	strandsätter	strandsatte	strandsatt	strandsätt	-	-
strida	strider	stred	stridit	strid	-	-
stryka	stryker	strök	strukit	stryk	-	-
strypa	stryper	strypte	strypt	stryp	-	-
sträcka	sträcker	sträckte	sträckt	sträck	-	-
sträckläsa	sträckläser	sträckläste	sträckläst	sträckläs	-	-
strö	-	strödde	strött	-	-	-
styra	styr	styrde	styrt	styr	-	-
styrka	styrker	styrkte	styrkt	styrk	-	-
stäcka	stäcker	stäckte	stäckt	stäck	-	-
städja	städer	stadde	statt	städ	-	-
ställa	ställer	ställde	ställt	ställ	-	-
stämma	stämmer	stämde	stämt	stäm	-	-
stänga	stänger	stängde	stängt	stäng	-	-
stänka	stänker	stänkte	stänkt	stänk	-	-
stärka	stärker	stärkte	stärkt	stärk	-	-
stå	-	stod	stått	-	-	-
stödja	stöder	stödde	stött	stöd	-	-
stödköpa	stödköper	stödköpte	stödköpt	stödköp	-	-
stöpa	stöper	stöpte	stöpt	stöp	-	-
störtblöda	störtblöder	störtblödde	störtblött	störtblöd	-	-
stöta	stöter	stötte	stött	stöt	-	-
suga	suger	sög	sugit	sug	-	-
supa	super	söp	supit	sup	-	-
sveda	sveder	svedde	svett	sved	-	-
svepa	sveper	svepte	svept	svep	-	-
svida	svider	sved	svidit	svid	-	-
svika	sviker	svek	svikit	svik	-	-
svinna	svinner	svann	svunnit	svinn	-	-
svälja	sväljer	svalde	svalt	svälj	-	-
svälla	sväller	svällde	svällt	sväll	-	-
svälta	svälter	svalt	svultit	svält	-	-
svänga	svänger	svängde	svängt	sväng	-	-
svära	svär	svor	svurit	svär	-	-
sy	-	sydde	sytt	-	-	-
synas	syns	syntes	synts	-	-	-
synliggöra	synliggör	synliggjorde	synliggjort	synliggör	-	-
syrsätta	syrsätter	syrsatte	syrsatt	syrsätt	-	-
sysselsätta	sysselsätter	sysselsatte	sysselsatt	sysselsätt	-	-
säga	säger	sa	sagt	säg	-	-
säkerställa	säkerställer	säkerställde	säkerställt	säkerställ	-	-
sälja	säljer	sålde	sålt	sälj	-	-
sällskapsgråta	sällskapsgråter	sällskapsgrät	sällskapsgråtit	sällskapsgråt	-	-
sällskapsäta	sällskapsäter	sällskapsåt	sällskapsätit	sällskapsät	-	-
sända	sänder	sände	sänt	sänd	-	-
sängröka	sängröker	sängrökte	sängrökt	sängrök	-	-
sänka	sänker	sänkte	sänkt	sänk	-	-
särskilja	särskiljer	särskilde	särskilt	särskilj	-	-
särskriva	särskriver	särskrev	särskrivit	särskriv	-	-
sätta	sätter	satte	satt	sätt	-	-
så	-	sådde	sått	-	-	-
söka	söker	sökte	sökt	sök	-	-
söndagsköra	söndagskör	söndagskörde	söndagskört	söndagskör	-	-
sönderfalla	sönderfaller	sönderföll	sönderfallit	sönderfall	-	-
sönderriva	sönderriver	sönderrev	sönderrivit	sönderriv	-	-
sönderslita	söndersliter	sönderslet	sönderslitit	sönderslit	-	-
sönderspränga	sönderspränger	söndersprängde	söndersprängt	sönderspräng	-	-
sörja	sörjer	sörjde	sörjt	sörj	-	-
söva	söver	sövde	sövt	söv	-	-
ta	-	tog	tagit	-	tage	-
tabubelägga	tabubelägger	tabubela	tabubelagt	tabubelägg	-	-
tentamensläsa	tentamensläser	tentamensläste	tentamensläst	tentamensläs	-	-
testflyga	testflyger	testflög	testflugit	testflyg	-	-
testköra	testkör	testkörde	testkört	testkör	-	-
tidfästa	tidfäster	tidfäste	tidfäst	tidfäst	-	-
tidigarelägga	tidigarelägger	tidigarela	tidigarelagt	tidigarelägg	-	-
tidsbestämma	tidsbestämmer	tidsbestämde	tidsbestämt	tidsbestäm	-	-
tidsinställa	tidsinställer	tidsinställde	tidsinställt	tidsinställ	-	-
tiga	tiger	teg	tigit	tig	-	-
tigga	tigger	tiggde	tiggt	tigg	-	-
tillbe	-	tillbad	tillbett	-	tillbede	-
tilldöma	tilldömer	tilldömde	tilldömt	tilldöm	-	-
tillerkänna	tillerkänner	tillerkände	tillerkänt	tillerkänn	-	-
tillfalla	tillfaller	tillföll	tillfallit	tillfall	-	-
tillfredsställa	tillfredsställer	tillfredsställde	tillfredsställt	tillfredsställ	-	-
tillfrysa	tillfryser	tillfryste	tillfrusit	tillfrys	-	-
tillfångata	-	tillfångatog	tillfångatagit	-	tillfångatage	-
tillföra	tillför	tillförde	tillfört	tillför	-	-
tillge	-	tillgav	tillgett	-	tillgive	-
tillgodose	-	tillgodosåg	tillgodosett	-	-	-
tillgodoskriva	tillgodoskriver	tillgodoskrev	tillgodoskrivit	tillgodoskriv	-	-
tillgripa	tillgriper	tillgrep	tillgripit	tillgrip	-	-
tillgängliggöra	tillgängliggör	tillgängliggjorde	tillgängliggjort	tillgängliggör	-	-
tillgå	-	tillgick	tillgått	-	-	-
tillhandahålla	tillhandahåller	tillhandahöll	tillhandahållit	tillhandahåll	-	-
tillhålla	tillhåller	tillhöll	tillhållit	tillhåll	-	-
tillhöra	tillhör	tillhörde	tillhört	tillhör	-	-
tillintetgöra	tillintetgör	tillintetgjorde	tillintetgjort	tillintetgör	-	-
tillkomma	tillkommer	tillkom	tillkommit	tillkom	-	-
tillkännage	-	tillkännagav	tillkännagett	-	tillkännagive	-
tillmäta	tillmäter	tillmätte	tillmätt	tillmät	-	-
tillmötesgå	-	tillmötesgick	tillmötesgått	-	-	-
tillreda	tillreder	tillredde	tillrett	tillred	-	-
tillryggalägga	tillryggalägger	tillryggala	tillryggalagt	tillryggalägg	-	-
tillrättalägga	tillrättalägger	tillrättala	tillrättalagt	tillrättalägg	-	-
tillråda	tillråder	tillrådde	tillrått	tillråd	-	-
tillse	-	tillsåg	tillsett	-	-	-
tillskjuta	tillskjuter	tillsköt	tillskjutit	tillskjut	-	-
tillskriva	tillskriver	tillskrev	tillskrivit	tillskriv	-	-
tillskära	tillskär	tillskar	tillskurit	tillskär	-	-
tillsluta	tillsluter	tillslöt	tillslutit	tillslut	-	-
tillspilloge	-	tillspillogav	tillspillogett	-	tillspillogive	-
tillstyrka	tillstyrker	tillstyrkte	tillstyrkt	tillstyrk	-	-
tillstädja	tillstäder	tillstadde	tillstatt	tillstäd	-	-
tillställa	tillställer	tillställde	tillställt	tillställ	-	-
tillstå	-	tillstod	tillstått	-	-	-
tillstöta	tillstöter	tillstötte	tillstött	tillstöt	-	-
tillsäga	tillsäger	tillsade	tillsagt	tillsäg	-	-
tillsända	tillsänder	tillsände	tillsänt	tillsänd	-	-
tillsätta	tillsätter	tillsatte	tillsatt	tillsätt	-	-
tillta	-	tilltog	tilltagit	-	tilltage	-
tilltro	-	tilltrodde	tilltrott	-	-	-
tillträda	tillträder	tillträdde	tillträtt	tillträd	-	-
tilltäppa	tilltäpper	tilltäppte	tilltäppt	tilltäpp	-	-
tillvarata	-	tillvaratog	tillvaratagit	-	tillvaratage	-
tillvänja	tillvänjer	tillvande	tillvant	tillvänj	-	-
tillväxa	tillväxer	tillväxte	tillvuxit	-	-	-
tillägga	tillägger	tilla	tillagt	tillägg	-	-
tillåta	tillåter	tillät	tillåtit	tillåt	-	-
tjuta	tjuter	tjöt	tjutit	tjut	-	-
tjuvhugga	tjuvhugger	tjuvhögg	tjuvhuggit	tjuvhugg	-	-
tjuvhålla	tjuvhåller	tjuvhöll	tjuvhållit	tjuvhåll	-	-
tjuvläsa	tjuvläser	tjuvläste	tjuvläst	tjuvläs	-	-
tjuvröka	tjuvröker	tjuvrökte	tjuvrökt	tjuvrök	-	-
tjyvhålla	tjyvhåller	tjyvhöll	tjyvhållit	tjyvhåll	-	-
tjyvröka	tjyvröker	tjyvrökte	tjyvrökt	tjyvrök	-	-
tjänstgöra	tjänstgör	tjänstgjorde	tjänstgjort	tjänstgör	-	-
tonsätta	tonsätter	tonsatte	tonsatt	tonsätt	-	-
topphugga	topphugger	topphögg	topphuggit	topphugg	-	-
topprida	topprider	toppred	toppridit	topprid	-	-
torde	-	-	-	-	tör	-
torgföra	torgför	torgförde	torgfört	torgför	-	-
torrlägga	torrlägger	torrla	torrlagt	torrlägg	-	-
torröka	torröker	torrökte	torrökt	torrök	-	-
torvtäcka	torvtäcker	torvtäckte	torvtäckt	torvtäck	-	-
totalförbjuda	totalförbjuder	totalförbjöd	totalförbjudit	totalförbjud	-	-
totalförstöra	totalförstör	totalförstörde	totalförstört	totalförstör	-	-
trafikleda	trafikleder	trafikledde	trafiklett	trafikled	-	-
trakthugga	trakthugger	trakthögg	trakthuggit	trakthugg	-	-
tro	-	trodde	trott	-	-	-
trollbinda	trollbinder	trollband	trollbundit	trollbind	-	-
trycka	trycker	tryckte	tryckt	tryck	-	-
tryta	tryter	tröt	trutit	tryt	-	-
trä	-	trädde	trätt	-	-	-
träcka	träcker	träckte	träckt	träck	-	-
träda	träder	-	-	träd	-	-
trälbinda	trälbinder	trälband	trälbundit	trälbind	-	-
tränga	tränger	trängde	trängt	träng	-	-
träta	träter	trätte	trätt	trät	-	-
trå	-	trådde	trått	-	-	-
tröstäta	tröstäter	tröståt	tröstätit	tröstät	-	-
tvärvända	tvärvänder	tvärvände	tvärvänt	tvärvänd	-	-
två	-	tvådde	tvagit	-	-	-
tvångsansluta	tvångsansluter	tvångsanslöt	tvångsanslutit	tvångsanslut	-	-
tvångsinlösa	tvångsinlöser	tvångsinlöste	tvångsinlöst	tvångsinlös	-	-
tvångsomhänderta	-	tvångsomhändertog	tvångsomhändertagit	-	tvångsomhändertage	-
tycka	tycker	tyckte	tyckt	tyck	-	-
tyckas	tycks	-	-	-	-	-
tyda	tyder	tydde	tytt	tyd	-	-
tydliggöra	tydliggör	tydliggjorde	tydliggjort	tydliggör	-	-
tykännas	tykänns	-	-	-	-	-
tynga	tynger	tyngde	tyngt	tyng	-	-
täcka	täcker	täckte	täckt	täck	-	-
täckas	täcks	-	-	-	-	-
tälja	täljer	talde	talt	tälj	-	-
tämja	tämjer	tämjde	tämjt	tämj	-	-
tända	tänder	tände	tänt	tänd	-	-
tänja	tänjer	tänjde	tänjt	tänj	-	-
tänka	tänker	tänkte	tänkt	tänk	-	-
tära	tär	tärde	tärt	tär	-	-
tävlingsskjuta	tävlingsskjuter	tävlingssköt	tävlingsskjutit	tävlingsskjut	-	-
tåla	tål	tålde	tålt	tål	-	-
töja	töjer	töjde	töjt	töj	-	-
tömma	tömmer	tömde	tömt	töm	-	-
töras	törs	tordes	torts	-	-	-
ugnssteka	ugnssteker	ugnsstekte	ugnsstekt	ugnsstek	-	-
umbära	umbär	umbar	umburit	umbär	-	-
umgälla	umgäller	umgällde	umgällt	umgäll	-	-
undangömma	undangömmer	undangömde	undangömt	undangöm	-	-
undanhålla	undanhåller	undanhöll	undanhållit	undanhåll	-	-
undanröja	undanröjer	undanröjde	undanröjt	undanröj	-	-
undanskymma	undanskymmer	undanskymde	undanskymt	undanskym	-	-
undansticka	undansticker	undanstack	undanstuckit	undanstick	-	-
undanta	-	undantog	undantagit	-	undantage	-
undantränga	undantränger	undanträngde	undanträngt	undanträng	-	-
underanvända	underanvänder	underanvände	underanvänt	underanvänd	-	-
underbinda	underbinder	underband	underbundit	underbind	-	-
underbjuda	underbjuder	underbjöd	underbjudit	underbjud	-	-
underblåsa	underblåser	underblåste	underblåst	underblås	-	-
underbygga	underbygger	underbyggde	underbyggt	underbygg	-	-
underdriva	underdriver	underdrev	underdrivit	underdriv	-	-
underförstå	-	underförstod	underförstådd	-	-	-
undergräva	undergräver	undergrävde	undergrävt	undergräv	-	-
undergå	-	undergick	undergått	-	undergånge	-
underhålla	underhåller	underhöll	underhållit	underhåll	-	-
underkyla	underkyler	underkylde	underkylt	underkyl	-	-
underkänna	underkänner	underkände	underkänt	underkänn	-	-
underlåta	underlåter	underlät	underlåtit	underlåt	-	-
underskrida	underskrider	underskred	underskridit	underskrid	-	-
underskriva	underskriver	underskrev	underskrivit	underskriv	-	-
underslå	-	underslog	underslagit	-	-	-
understicka	understicker	understack	understuckit	understick	-	-
understiga	understiger	understeg	understigit	understig	-	-
understryka	understryker	underströk	understrukit	understryk	-	-
underställa	underställer	underställde	underställt	underställ	-	-
understödja	understöder	understödde	understött	understöd	-	-
undersälja	undersäljer	undersålde	undersålt	undersälj	-	-
undersöka	undersöker	undersökte	undersökt	undersök	-	-
undertrycka	undertrycker	undertryckte	undertryckt	undertryck	-	-
undfalla	undfaller	undföll	undfallit	undfall	-	-
undfly	-	undflydde	undflytt	-	-	-
undfå	-	undfick	undfått	-	-	-
undgå	-	undgick	undgått	-	-	-
undkomma	undkommer	undkom	undkommit	-	-	-
undskylla	undskyller	undskyllde	undskyllt	undskyll	-	-
undslippa	undslipper	undslapp	undsluppit	undslipp	-	-
undsätta	undsätter	undsatte	undsatt	undsätt	-	-
undvika	undviker	undvek	undvikit	undvik	-	-
uppbjuda	uppbjuder	uppbjöd	uppbjudit	uppbjud	-	-
uppbygga	uppbygger	uppbyggde	uppbyggt	uppbygg	-	-
uppbära	uppbär	uppbar	uppburit	uppbär	-	-
uppdra	-	uppdrog	uppdragit	-	uppdrage	-
uppdriva	uppdriver	uppdrev	uppdrivit	uppdriv	-	-
uppehålla	uppehåller	uppehöll	uppehållit	uppehåll	-	-
uppfinna	uppfinner	uppfann	uppfunnit	uppfinn	-	-
uppfylla	uppfyller	uppfyllde	uppfyllt	uppfyll	-	-
uppföda	uppföder	uppfödde	uppfött	uppföd	-	-
uppföra	uppför	uppförde	uppfört	uppför	-	-
uppge	-	uppgav	uppgett	-	uppgive	-
uppgå	-	uppgick	uppgått	-	uppgånge	-
upphäva	upphäver	upphov	upphävt	upphäv	-	-
upphöja	upphöjer	upphöjde	upphöjt	upphöj	-	-
upphöra	upphör	upphörde	upphört	upphör	-	-
uppkomma	uppkommer	uppkom	uppkommit	uppkom	-	-
uppleva	upplever	upplevde	-	upplev	-	-
upplysa	upplyser	upplyste	upplyst	upplys	-	-
upplägga	upplägger	uppla	upplagt	upplägg	-	-
uppläsa	uppläser	uppläste	uppläst	uppläs	-	-
upplåta	upplåter	upplät	upplåtit	upplåt	-	-
upplösa	upplöser	upplöste	upplöst	upplös	-	-
uppmäta	uppmäter	uppmätte	uppmätt	uppmät	-	-
uppnå	-	uppnådde	uppnått	-	-	-
uppresa	uppreser	uppreste	upprest	uppres	-	-
uppriva	uppriver	upprev	upprivit	uppriv	-	-
upprymma	upprymmer	upprymde	upprymt	upprym	-	-
uppränna	uppränner	upprände	uppränt	uppränn	-	-
upprätthålla	upprätthåller	upprätthöll	upprätthållit	upprätthåll	-	-
uppröra	upprör	upprörde	upprört	upprör	-	-
uppskjuta	uppskjuter	uppsköt	uppskjutit	uppskjut	-	-
uppspricka	uppspricker	uppsprack	uppspruckit	uppsprick	-	-
uppstiga	uppstiger	uppsteg	uppstigit	uppstig	-	-
uppställa	uppställer	uppställde	uppställt	uppställ	-	-
uppstämma	uppstämmer	uppstämde	uppstämt	uppstäm	-	-
uppstå	-	uppstod	uppstått	-	-	-
uppsuga	uppsuger	uppsög	uppsugit	uppsug	-	-
uppsätta	uppsätter	uppsatte	uppsatt	uppsätt	-	-
uppsöka	uppsöker	uppsökte	uppsökt	uppsök	-	-
uppta	-	upptog	upptagit	-	upptage	-
uppträda	uppträder	uppträdde	uppträtt	uppträd	-	-
upptäcka	upptäcker	upptäckte	upptäckt	upptäck	-	-
upptända	upptänder	upptände	upptänt	upptänd	-	-
uppväcka	uppväcker	uppväckte	uppväckt	uppväck	-	-
uppväga	uppväger	uppvägde	uppvägt	uppväg	-	-
uppvärma	uppvärmer	uppvärmde	uppvärmt	uppvärm	-	-
uppväxa	uppväxer	uppväxte	uppvuxit	-	-	-
uppäta	uppäter	uppåt	uppätit	uppät	-	-
uraktlåta	uraktlåter	uraktlät	uraktlåtit	uraktlåt	-	-
urskilja	urskiljer	urskilde	urskilt	urskilj	-	-
urskönja	urskönjer	urskönjde	urskönjt	urskönj	-	-
ursprungsmärka	ursprungsmärker	ursprungsmärkte	ursprungsmärkt	ursprungsmärk	-	-
uruppföra	uruppför	uruppförde	uruppfört	uruppför	-	-
utbekomma	utbekommer	utbekom	utbekommit	utbekom	-	-
utbjuda	utbjuder	utbjöd	utbjudit	utbjud	-	-
utbre	-	utbredde	utbrett	-	-	-
utbrista	utbrister	utbrast	utbrustit	utbrist	-	-
utbryta	utbryter	utbröt	utbrutit	utbryt	-	-
utbygga	utbygger	utbyggde	utbyggt	utbygg	-	-
utbyta	utbyter	utbytte	utbytt	utbyt	-	-
utdra	-	utdrog	utdragit	-	utdrage	-
utdriva	utdriver	utdrev	utdrivit	utdriv	-	-
utdöma	utdömer	utdömde	utdömt	utdöm	-	-
utebli	-	uteblev	uteblivit	-	uteblive	-
utelåsa	utelåser	utelåste	utelåst	utelås	-	-
utesluta	utesluter	uteslöt	uteslutit	uteslut	-	-
utestänga	utestänger	utestängde	utestängt	utestäng	-	-
utfalla	utfaller	utföll	utfallit	utfall	-	-
utfylla	utfyller	utfyllde	utfyllt	utfyll	-	-
utfälla	utfäller	utfällde	utfällt	utfäll	-	-
utfästa	utfäster	utfäste	utfäst	utfäst	-	-
utfå	-	utfick	utfått	-	-	-
utföra	utför	utförde	utfört	utför	-	-
utförsälja	utförsäljer	utförsålde	utförsålt	utförsälj	-	-
utge	-	utgav	utgett	-	utgive	-
utgjuta	utgjuter	utgöt	utgjutit	utgjut	-	-
utgräva	utgräver	utgrävde	utgrävt	utgräv	-	-
utgå	-	utgick	utgått	-	utgånge	-
utgöra	utgör	utgjorde	utgjort	utgör	-	-
uthyra	uthyr	uthyrde	uthyrt	uthyr	-	-
utklyva	utklyver	utklöv	utkluvit	utklyv	-	-
utkomma	utkommer	utkom	utkommit	utkom	-	-
utkräva	utkräver	utkrävde	utkrävt	utkräv	-	-
utkyla	utkyler	utkylde	utkylt	utkyl	-	-
utlysa	utlyser	utlyste	utlyst	utlys	-	-
utlägga	utlägger	utla	utlagt	utlägg	-	-
utläsa	utläser	utläste	utläst	utläs	-	-
utlöpa	utlöper	utlöpte	utlöpt	utlöp	-	-
utlösa	utlöser	utlöste	utlöst	utlös	-	-
utmärka	utmärker	utmärkte	utmärkt	utmärk	-	-
utmäta	utmäter	utmätte	utmätt	utmät	-	-
utnämna	utnämner	utnämnde	utnämnt	utnämn	-	-
utreda	utreder	utredde	utrett	utred	-	-
utrymma	utrymmer	utrymde	utrymt	utrym	-	-
utröna	utröner	utrönte	utrönt	utrön	-	-
utse	-	utsåg	utsett	-	-	-
utskilja	utskiljer	utskilde	utskilt	utskilj	-	-
utskriva	utskriver	utskrev	utskrivit	utskriv	-	-
utskänka	utskänker	utskänkte	utskänkt	utskänk	-	-
utsläcka	utsläcker	utsläckte	utsläckt	utsläck	-	-
utsprida	utsprider	utspred	utspridit	utsprid	-	-
utspy	-	utspydde	utspytt	-	-	-
utsträcka	utsträcker	utsträckte	utsträckt	utsträck	-	-
utställa	utställer	utställde	utställt	utställ	-	-
utstå	-	utstod	utstått	-	-	-
utstöta	utstöter	utstötte	utstött	utstöt	-	-
utsuga	utsuger	utsög	utsugit	utsug	-	-
utsäga	utsäger	utsade	utsagt	utsäg	-	-
utsända	utsänder	utsände	utsänt	utsänd	-	-
utsätta	utsätter	utsatte	utsatt	utsätt	-	-
utsöka	utsöker	utsökte	utsökt	utsök	-	-
uttrycka	uttrycker	uttryckte	uttryckt	uttryck	-	-
utträda	utträder	utträdde	utträtt	utträd	-	-
uttyda	uttyder	uttydde	uttytt	uttyd	-	-
uttänja	uttänjer	uttänjde	uttänjt	uttänj	-	-
uttömma	uttömmer	uttömde	uttömt	uttöm	-	-
utvinna	utvinner	utvann	utvunnit	utvinn	-	-
utvälja	utväljer	utvalde	utvalt	utvälj	-	-
vakanssätta	vakanssätter	vakanssatte	vakanssatt	vakanssätt	-	-
vakantsätta	vakantsätter	vakantsatte	vakantsatt	vakantsätt	-	-
vanpryda	vanpryder	vanprydde	vanprytt	vanpryd	-	-
vansköta	vansköter	vanskötte	vanskött	vansköt	-	-
vanstyra	vanstyr	vanstyrde	vanstyrt	vanstyr	-	-
vanställa	vanställer	vanställde	vanställt	vanställ	-	-
vara	är	var	varit	var	vare	vore
varda	varder	varde	vart	-	-	-
varmköra	varmkör	varmkörde	varmkört	varmkör	-	-
varmröka	varmröker	varmrökte	varmrökt	varmrök	-	-
varsebli	-	varseblev	varseblivit	-	varseblive	-
varsko	-	varskodde	varskott	-	-	-
vassgöra	vassgör	vassgjorde	vassgjort	vassgör	-	-
vattendränka	vattendränker	vattendränkte	vattendränkt	vattendränk	-	-
vederböra	vederbör	-	-	-	-	-
vederfaras	vederfars	vederfors	vederfarits	-	-	-
vedergälla	vedergäller	vedergällde	vedergällt	vedergäll	-	-
vederkvicka	vederkvicker	vederkvickte	vederkvickt	vederkvick	-	-
vederlägga	vederlägger	vederla	vederlagt	vederlägg	-	-
verkliggöra	verkliggör	verkliggjorde	verkliggjort	verkliggör	-	-
verkställa	verkställer	verkställde	verkställt	verkställ	-	-
veta	vet	visste	-	vet	-	-
vetta	vetter	vette	-	vett	-	-
vidbränna	vidbränner	vidbrände	vidbränt	vidbränn	-	-
vidgå	-	vidgick	vidgått	-	-	-
vidhänga	vidhänger	vidhängde	vidhängt	vidhäng	-	-
vidhålla	vidhåller	vidhöll	vidhållit	vidhåll	-	-
vidkomma	vidkommer	vidkom	vidkommit	-	-	-
vidkännas	vidkänns	-	-	-	-	-
vidlåda	vidlåder	vidlådde	vidlått	vidlåd	-	-
vidmakthålla	vidmakthåller	vidmakthöll	vidmakthållit	vidmakthåll	-	-
vidröra	vidrör	vidrörde	vidrört	vidrör	-	-
vidta	-	vidtog	vidtagit	-	vidtage	-
viga	viger	vigde	vigt	vig	-	-
vika	viker	vek	vikit	vik	-	-
vilja	vill	ville	velat	-	-	-
villfara	villfar	villfor	villfarit	villfar	-	-
villfaras	villfars	-	-	-	-	-
vilseföra	vilseför	vilseförde	vilsefört	vilseför	-	-
vilseleda	vilseleder	vilseledde	vilselett	vilseled	-	-
vingklippa	vingklipper	vingklippte	vingklippt	vingklipp	-	-
vingskjuta	vingskjuter	vingsköt	vingskjutit	vingskjut	-	-
vinna	vinner	vann	vunnit	vinn	-	-
vinterväghålla	vinterväghåller	vinterväghöll	vinterväghållit	vinterväghåll	-	-
vrida	vrider	vred	vridit	vrid	-	-
vräka	vräker	vräkte	vräkt	vräk	-	-
vränga	vränger	vrängde	vrängt	vräng	-	-
väcka	väcker	väckte	väckt	väck	-	-
vägleda	vägleder	vägledde	väglett	vägled	-	-
väja	väjer	väjde	väjt	väj	-	-
välja	väljer	valde	valt	välj	-	-
välla	väller	vällde	vällt	väll	-	-
välsigne	-	-	-	-	välsigne	-
välva	välver	välvde	välvt	välv	-	-
vämja	vämjer	vämjde	vämjt	vämj	-	-
vämjas	vämjs	-	-	-	-	-
vända	vänder	vände	vänt	vänd	-	-
vändsteka	vändsteker	vändstekte	vändstekt	vändstek	-	-
vänja	vänjer	vande	vant	vänj	-	-
vänsterknäcka	vänsterknäcker	vänsterknäckte	vänsterknäckt	vänsterknäck	-	-
värdesätta	värdesätter	värdesatte	värdesatt	värdesätt	-	-
värja	värjer	värjde	värjt	värj	-	-
värka	värker	värkte	värkt	värk	-	-
värma	värmer	värmde	värmt	värm	-	-
värpa	värper	värpte	värpt	värp	-	-
väsa	väser	väste	väst	väs	-	-
väta	väter	vätte	vätt	vät	-	-
väva	väver	vävde	vävt	väv	-	-
växa	växer	växte	vuxit	-	-	-
vågföra	vågför	vågförde	vågfört	vågför	-	-
våldföra	våldför	våldförde	våldfört	våldför	-	-
våldta	-	våldtog	våldtagit	-	våldtage	-
yvas	yvs	yvdes	yvts	-	-	-
äga	äger	ägde	ägt	äg	-	-
ändvända	ändvänder	ändvände	ändvänt	ändvänd	-	-
ärekränka	ärekränker	ärekränkte	ärekränkt	ärekränk	-	-
ärva	ärver	ärvde	ärvt	ärv	-	-
äta	äter	åt	ätit	ät	-	-
ådagalägga	ådagalägger	ådagala	ådagalagt	ådagalägg	-	-
åderlåta	åderlåter	åderlät	åderlåtit	åderlåt	-	-
ådra	-	-	-	-	ådrage	-
ådöma	ådömer	ådömde	ådömt	ådöm	-	-
åhöra	åhör	åhörde	åhört	åhör	-	-
åka	åker	åkte	åkt	åk	-	-
åldersbestämma	åldersbestämmer	åldersbestämde	åldersbestämt	åldersbestäm	-	-
åligga	åligger	ålåg	ålegat	åligg	-	-
ålägga	ålägger	åla	ålagt	ålägg	-	-
ångförvälla	ångförväller	ångförvällde	ångförvällt	ångförväll	-	-
åse	-	åsåg	åsett	-	-	-
åsidosätta	åsidosätter	åsidosatte	åsidosatt	åsidosätt	-	-
åskådliggöra	åskådliggör	åskådliggjorde	åskådliggjort	åskådliggör	-	-
åstadkomma	åstadkommer	åstadkom	åstadkommit	åstadkom	-	-
åsätta	åsätter	åsatte	åsatt	åsätt	-	-
återanlända	återanländer	återanlände	återanlänt	återanländ	-	-
återanvända	återanvänder	återanvände	återanvänt	återanvänd	-	-
återbesätta	återbesätter	återbesatte	återbesatt	återbesätt	-	-
återbesöka	återbesöker	återbesökte	återbesökt	återbesök	-	-
återfalla	återfaller	återföll	återfallit	återfall	-	-
återfinna	återfinner	återfann	återfunnit	återfinn	-	-
återfå	-	återfick	återfått	-	-	-
återfödas	återföds	-	-	-	-	-
återföra	återför	återförde	återfört	återför	-	-
återförsluta	återförsluter	återförslöt	återförslutit	återförslut	-	-
återförsälja	återförsäljer	återförsålde	återförsålt	återförsälj	-	-
återge	-	återgav	återgett	-	återgive	-
återgå	-	återgick	återgått	-	återgånge	-
återhålla	återhåller	återhöll	återhållit	återhåll	-	-
återinföra	återinför	återinförde	återinfört	återinför	-	-
återinsätta	återinsätter	återinsatte	återinsatt	återinsätt	-	-
återinträda	återinträder	återinträdde	återinträtt	återinträd	-	-
återinviga	återinviger	återinvigde	återinvigt	återinvig	-	-
återknyta	återknyter	återknöt	återknutit	återknyt	-	-
återkomma	återkommer	återkom	återkommit	återkom	-	-
återkräva	återkräver	återkrävde	återkrävt	återkräv	-	-
återköpa	återköper	återköpte	återköpt	återköp	-	-
återlösa	återlöser	återlöste	återlöst	återlös	-	-
återse	-	återsåg	återsett	-	-	-
återställa	återställer	återställde	återställt	återställ	-	-
återstå	-	återstod	återstått	-	-	-
återsälja	återsäljer	återsålde	återsålt	återsälj	-	-
återsända	återsänder	återsände	återsänt	återsänd	-	-
återta	-	återtog	återtagit	-	återtage	-
återuppbygga	återuppbygger	återuppbyggde	återuppbyggt	återuppbygg	-	-
återuppföra	återuppför	återuppförde	återuppfört	återuppför	-	-
återuppleva	återupplever	återupplevde	-	återupplev	-	-
återuppstå	-	återuppstod	återuppstått	-	-	-
återuppta	-	återupptog	återupptagit	-	återupptage	-
återupptäcka	återupptäcker	återupptäckte	återupptäckt	återupptäck	-	-
återuppväcka	återuppväcker	återuppväckte	återuppväckt	återuppväck	-	-
återutsända	återutsänder	återutsände	återutsänt	återutsänd	-	-
återvinna	återvinner	återvann	återvunnit	återvinn	-	-
återvälja	återväljer	återvalde	återvalt	återvälj	-	-
återvända	återvänder	återvände	återvänt	återvänd	-	-
återväxa	återväxer	återväxte	återväxt	återväx	-	-
åtfölja	åtföljer	åtföljde	åtföljt	åtfölj	-	-
åtgå	-	åtgick	åtgått	-	åtgånge	-
åtlyda	åtlyder	åtlydde	åtlytt	åtlyd	-	-
åtnjuta	åtnjuter	åtnjöt	åtnjutit	åtnjut	-	-
åtnöjas	åtnöjs	-	-	-	-	-
åtrå	-	åtrådde	åtrått	-	-	-
åtskilja	åtskiljer	åtskilde	åtskilt	åtskilj	-	-
öda	öder	ödde	ött	öd	-	-
ödelägga	ödelägger	ödela	ödelagt	ödelägg	-	-
öronmärka	öronmärker	öronmärkte	öronmärkt	öronmärk	-	-
ösa	öser	öste	öst	ös	-	-
överanstränga	överanstränger	överansträngde	överansträngt	överansträng	-	-
överanvända	överanvänder	överanvände	överanvänt	överanvänd	-	-
överbelägga	överbelägger	överbela	överbelagt	överbelägg	-	-
överbjuda	överbjuder	överbjöd	överbjudit	överbjud	-	-
överdra	-	överdrog	överdragit	-	överdrage	-
överdriva	överdriver	överdrev	överdrivit	överdriv	-	-
överenskomma	överenskommer	överenskom	överenskommit	överenskom	-	-
överensstämma	överensstämmer	överensstämde	överensstämt	överensstäm	-	-
överfalla	överfaller	överföll	överfallit	överfall	-	-
överflyga	överflyger	överflög	överflugit	överflyg	-	-
överföra	överför	överförde	överfört	överför	-	-
överge	-	övergav	övergett	-	övergive	-
överglänsa	överglänser	överglänste	överglänst	övergläns	-	-
övergå	-	övergick	övergått	-	-	-
övergöda	övergöder	övergödde	övergött	övergöd	-	-
överhölja	överhöljer	överhöljde	överhöljt	överhölj	-	-
överleva	överlever	överlevde	-	överlev	-	-
överlägga	överlägger	överla	överlagt	överlägg	-	-
överlåta	överlåter	överlät	överlåtit	överlåt	-	-
överräcka	överräcker	överräckte	överräckt	överräck	-	-
överse	-	översåg	översett	-	-	-
överskrida	överskrider	överskred	överskridit	överskrid	-	-
överskyla	överskyler	överskylde	överskylt	överskyl	-	-
överskölja	översköljer	översköljde	översköljt	överskölj	-	-
överstiga	överstiger	översteg	överstigit	överstig	-	-
översända	översänder	översände	översänt	översänd	-	-
översätta	översätter	översatte	översatt	översätt	-	-
överta	-	övertog	övertagit	-	övertage	-
överträda	överträder	överträdde	överträtt	överträd	-	-
övertäcka	övertäcker	övertäckte	övertäckt	övertäck	-	-
övervinna	övervinner	övervann	övervunnit	övervinn	-	-
överväga	överväger	övervägde	övervägt	överväg	-	-
överösa	överöser	överöste	överöst	överös	-	-
övningsköra	övningskör	övningskörde	övningskört	övningskör	-	-
övningsskjuta	övningsskjuter	övningssköt	övningsskjutit	övningsskjut	-	-
förgås	-	förgicks	förgåtts	-	-	-
klökas	-	klöktes	klökts	-	-	-
rädas	-	räddes	rädits	-	-	-
skrämmas	-	skrämdes	skrämts	-	-	-
skämmas	-	skämdes	skämts	-	-	-
slåss	-	slogs	slagits	-	-	-
styggas	-	styggdes	styggts	-	-	-
trivas	-	trivdes	trivts	-	-	-
vantrivas	-	vantrivdes	vantrivts	-	-	-
